run_id,item_id,repeat_index,selected_option,probability_1,probability_2,probability_3,probability_4,probability_5,reported_confidence,status,provider,model_requested,model_returned,prompt_mode,settings_json,timestamp_utc,latency_ms,input_tokens,output_tokens,http_status,attempt_count,api_request_id,prompt_sha256,request_payload_sha256,error_message,raw_response_json
,J002381,1,,,,,,,,,,,,,,,,,,,,,2f229c9a6dc396b2ad01ac60f1ff206989a84b90661d4b6373749e5c70402ff4,,,
,J000615,1,,,,,,,,,,,,,,,,,,,,,6b8ae890d357dd819cb5a6a7a89e85f034fbbad5f22d24858e25cb40732277b6,,,
,J002862,1,,,,,,,,,,,,,,,,,,,,,9d60d5dd3646b54089c4c2050a11aec58fa82136ac9a51fd8ecacd339387614a,,,
,J002735,1,,,,,,,,,,,,,,,,,,,,,78e0599b14bc606b610a982aa8773bff1bbdfc56e9a284f7895bcbcef1142506,,,
,J002771,1,,,,,,,,,,,,,,,,,,,,,8652fed1243c5859c91d847bef17bc18422d16294e6d158595c874af6a4b0978,,,
,J001917,1,,,,,,,,,,,,,,,,,,,,,ce4c76470efd7370dac4a2ef53dd2d249623e4ef725fe555dcb4ac5708067ef4,,,
,J000200,1,,,,,,,,,,,,,,,,,,,,,ff1e551351c6c3f43156b5b8dc37643aedbf5a109ef9da3bec5b5a9a160bf932,,,
,J000679,1,,,,,,,,,,,,,,,,,,,,,c1b352dba3d400573d8ebfa73f89c4e099af5a6005730f7ae9f8ca6d89a8d692,,,
,J002839,1,,,,,,,,,,,,,,,,,,,,,8786f8e9d581395adab489012d5d5519a7694c9241bbf5b6de6ea3e2b6dbb9ce,,,
,J002178,1,,,,,,,,,,,,,,,,,,,,,ef27cfa540b736d6c2fd30801b544fe1f5b97fc34941754e1c3dd6847c360665,,,
,J001853,1,,,,,,,,,,,,,,,,,,,,,c794af4e1592d900589ddd5eafed4ddd510d8419e4b692e4530362c42703f274,,,
,J002767,1,,,,,,,,,,,,,,,,,,,,,6a3aaf7dbae10be63316931ac011f5ec1da9eb5b46f5103711c204efdd348a07,,,
,J001070,1,,,,,,,,,,,,,,,,,,,,,78884b9b7d6346b68d1f749eeedb0c4a36b151cac079a4464b3b178cc430ba17,,,
,J002447,1,,,,,,,,,,,,,,,,,,,,,eb3bc16cef6ba435d1d2c5e948600f494b3fd4ad91f55027b4e413d92dc8859b,,,
,J000817,1,,,,,,,,,,,,,,,,,,,,,13c84013072fa4bf7825b2c820c23c2b1fbbbafb78fe0ec7ff181251187d991d,,,
,J000133,1,,,,,,,,,,,,,,,,,,,,,67116019e52fe52a508e7838e28fdf685f7dd349af6132ad709537822f2b0a23,,,
,J002023,1,,,,,,,,,,,,,,,,,,,,,1b411d625ea15f5721ced46217adb5759536867fd45e5cdc96588c982b43394c,,,
,J000763,1,,,,,,,,,,,,,,,,,,,,,176f28092343c432912deea7bce111f766b9366f94520f0a41e897753443d6bb,,,
,J000071,1,,,,,,,,,,,,,,,,,,,,,2c6a30af303b0d116d1348f5c9368a63fcfdec75aa5dc51f7f696ce912fde463,,,
,J002317,1,,,,,,,,,,,,,,,,,,,,,588c3d1a3d98ddb5eddf0a6cfe17ef80e62b85cba4576c788b01f9840b40b712,,,
,J000717,1,,,,,,,,,,,,,,,,,,,,,7d70f34d9655f8ee7f4de8b0b2286c329f71ce5d52deda5f8bb6885d26674537,,,
,J002955,1,,,,,,,,,,,,,,,,,,,,,d95e7413e2a0aaa11220889f1ef670977072e3d99d5458a9ef23f5cd340c3986,,,
,J002309,1,,,,,,,,,,,,,,,,,,,,,efd3879c8463b42442c2ed62b55283d6bea1a2afc1b92a2b2f8144c941f14410,,,
,J002316,1,,,,,,,,,,,,,,,,,,,,,4731e0bfab18a624f35d6126fc4e13d65573bd8d4bccb361a7fcd160ef1f03c6,,,
,J000357,1,,,,,,,,,,,,,,,,,,,,,54ff3cad5cc85bcef6f1f031ea660f44976e90dc0db2613cfd012dfa707dca25,,,
,J001703,1,,,,,,,,,,,,,,,,,,,,,9fe8f4d50cd4184f9b3571fb527ec0fc5acf09e65d30e5308891047072317b01,,,
,J003000,1,,,,,,,,,,,,,,,,,,,,,e4517a75089801f06869cd48535dbc3c331946fc4398c7199a88d3632c47279f,,,
,J001898,1,,,,,,,,,,,,,,,,,,,,,41a6d6e9196fa56e8dec23264e94cba2e991529515698bf2a71b9ebd249cc135,,,
,J001617,1,,,,,,,,,,,,,,,,,,,,,e71702ba13b66dcb6f5fb8a762aaec7a63e67fdc2508e34d16287458ee4eadd7,,,
,J002004,1,,,,,,,,,,,,,,,,,,,,,a78f93f78b1766706c96469c9bf86258b51b7609de9747897835f933c0240010,,,
,J001946,1,,,,,,,,,,,,,,,,,,,,,3cd1282906931ef6af80a39a37f0004b8b19263b446197ea5aa8902fa5bacb50,,,
,J001672,1,,,,,,,,,,,,,,,,,,,,,e69a9ec5ba4aa559deb0d20cbc7e8965083681e0845355602d35996e5dd1d644,,,
,J002796,1,,,,,,,,,,,,,,,,,,,,,6d0d1b1eccef9240d8b809f3c9a9da016e87537b2a506f24219de5626404442b,,,
,J000463,1,,,,,,,,,,,,,,,,,,,,,3ec3b04915392636ff50c9a62cfc42b3c63de8c6df90fec8d3d7ce5e4dc4ce50,,,
,J003060,1,,,,,,,,,,,,,,,,,,,,,369619704464ee67f56a60dc1b2e495b4490ce8b4aa8980e744a50a3d690811b,,,
,J001575,1,,,,,,,,,,,,,,,,,,,,,7c093792c13b1739e609a876a9b6a86f13050583c5f877139619ab53a3efaffc,,,
,J000747,1,,,,,,,,,,,,,,,,,,,,,d1ed92ce1ac8913fe54b9160b9b42402c571214c014d9100961482137f8c2ee7,,,
,J002256,1,,,,,,,,,,,,,,,,,,,,,df89262f9034b9e6915676a1f1f58d352a1d2dabc39ae650fd50634eb5352b6c,,,
,J000851,1,,,,,,,,,,,,,,,,,,,,,4cc0db7721c5e9c3d7ad1c819f118b701ea32929fb790b501a681886afc9aca6,,,
,J000639,1,,,,,,,,,,,,,,,,,,,,,1438f8742329e0db7f59bc9f88e442cf697b57a5f6cf2ea8e1f168b5886052ca,,,
,J002465,1,,,,,,,,,,,,,,,,,,,,,b09e085a8705e3ff417b9ebd75f5f89070beb8e9f9d2a1a430272ce0ad017c94,,,
,J000663,1,,,,,,,,,,,,,,,,,,,,,a3a31b9914a7e601cbfa4f1370fb737346eb519a2b17426fc043ea0c44ffe10e,,,
,J002664,1,,,,,,,,,,,,,,,,,,,,,9b4fa137d1a14d71a4b9b1bff47521b44657be0037b051df28f6f82dc3d59ba9,,,
,J001775,1,,,,,,,,,,,,,,,,,,,,,bb3df7c339c1db91de209c980af8e4552ca63d5733da8493265833c829540aaa,,,
,J001640,1,,,,,,,,,,,,,,,,,,,,,4d007518a6d1551cbfe24af8b7d28e8e77ecc8aacef379465632c76db02926c4,,,
,J003143,1,,,,,,,,,,,,,,,,,,,,,53166a8c752664a389b03399fcedd757944e16d88a23f3918115cf03116a7dfe,,,
,J001590,1,,,,,,,,,,,,,,,,,,,,,bb924db36ed8c48061d60e7d78c9c69c76fa136b341e258814274935819017f5,,,
,J001067,1,,,,,,,,,,,,,,,,,,,,,46ff0076ca2b6e75b76b5ce508fcb1baa1991a02cd6b3b79bfe4976b32bd0576,,,
,J000575,1,,,,,,,,,,,,,,,,,,,,,c1473b22b77956cdfd28c78d5847fbe952c004929c2e37a694c933cd1431c2e4,,,
,J000804,1,,,,,,,,,,,,,,,,,,,,,04715c9e6db65c832c113357ab68185613bc45f9a5f8a5b6a32c23323e1c8b81,,,
,J000489,1,,,,,,,,,,,,,,,,,,,,,e1f0088fbf4926614ceb07f7d8e353dc2de0d71a19a1d4fa0c50358aa591b5b1,,,
,J001223,1,,,,,,,,,,,,,,,,,,,,,9120735673a82801c2b84846f95bb6271be15da07ceda20a76760e7bc3e2853e,,,
,J001318,1,,,,,,,,,,,,,,,,,,,,,456e22cbf3839c665098d457930ae3c082180b852fe609ffadcffc38814a72f1,,,
,J002970,1,,,,,,,,,,,,,,,,,,,,,6dde0b7a4a3de9f72cc994b58b760ad85bd7c32097554c7d53dd50ff0609e1b5,,,
,J002763,1,,,,,,,,,,,,,,,,,,,,,1cfd06bbb52c27d44ef97c65cf93840a486b01a8fcc45816d44341200655263c,,,
,J002733,1,,,,,,,,,,,,,,,,,,,,,16fcb67ba7fae4a4ad41a5474efb16c664b5d21f94702cb38df751325a60e007,,,
,J000251,1,,,,,,,,,,,,,,,,,,,,,4ca459df7e28dcab174b58415711e6ffcc0141cf62316ca3b40d6c37d174d299,,,
,J002397,1,,,,,,,,,,,,,,,,,,,,,682e1a89a6f014f2690cb9d5266d9e58f05ed5ce467d61cd946e80eaea6c7dc9,,,
,J002754,1,,,,,,,,,,,,,,,,,,,,,53dbbefbcf6d22cf4d17ccb62396190dbcfee7d501ebe43f2794fae988adada4,,,
,J002155,1,,,,,,,,,,,,,,,,,,,,,d428115ae3815a19665dee461e2d6060c0eeeb94c431539ffe5d93d5097a9394,,,
,J001436,1,,,,,,,,,,,,,,,,,,,,,07e1809a85914e7ebd2d990e1edfc387fb8b7c813768213e71211a348d8a866d,,,
,J001369,1,,,,,,,,,,,,,,,,,,,,,a13fd8b2cbc61ab4c4c69a50df95844b61d671a31695f4debb66d89dbf07936e,,,
,J001524,1,,,,,,,,,,,,,,,,,,,,,97ac1488987a401ecb8a979cf9bd7644018f61011d787af1f18b115105667a4a,,,
,J002090,1,,,,,,,,,,,,,,,,,,,,,78adbc56ba9a6226f1b04c2cb218496d14e8cb769d63177257bb2793d56adaea,,,
,J000669,1,,,,,,,,,,,,,,,,,,,,,ec57149606e169e1da068b9e6b58b800ff0f3d8d43be5645abb0012f6572da95,,,
,J001516,1,,,,,,,,,,,,,,,,,,,,,cd8687a572aaf8f2bd81f7946c4230c20aec0ca1f923ece7fa051873491f6cf6,,,
,J001528,1,,,,,,,,,,,,,,,,,,,,,25bbe952be8830363bb4eef4ba404daedb7dd0a36c7bd69e6d86c024981267a9,,,
,J002535,1,,,,,,,,,,,,,,,,,,,,,b3a4065328eb638319281562205b5a8663d9f4ccf97a1094c3b153f70bf08289,,,
,J002185,1,,,,,,,,,,,,,,,,,,,,,262f3d15a9a848b4329c6c298aa22142e9f1b7da7ce66cb5f15830f7b8cd0a76,,,
,J000444,1,,,,,,,,,,,,,,,,,,,,,01813d67f6d14e60d25967cfd4cefe62df46bf752f33b443af3668a320930e6b,,,
,J001431,1,,,,,,,,,,,,,,,,,,,,,6f6e8174519d95f964ec1f2659c9d3a338ffd21570830673e6a6c002ba5a4316,,,
,J002067,1,,,,,,,,,,,,,,,,,,,,,44b7410e2140149b558e794233fc53b81b624580e13aaad60cf58d54e2c00884,,,
,J000951,1,,,,,,,,,,,,,,,,,,,,,6c4500e20fe8bd58830fa1fc910e26a2d8933edd204329526ac961045b951e52,,,
,J003098,1,,,,,,,,,,,,,,,,,,,,,40d573ca149bd069d9d4157044466528eb2cdc5a48911d64b6596e96b728329b,,,
,J000642,1,,,,,,,,,,,,,,,,,,,,,c3a9ac55a57322df27ec2b9f063de46e53fab82785ed4811c38734b2e8fd9257,,,
,J001712,1,,,,,,,,,,,,,,,,,,,,,922d6f2fdfe4b44d203c74e80982de27f8f5f33ee47a1bf48301fd5472e449f3,,,
,J000635,1,,,,,,,,,,,,,,,,,,,,,0bb3b5464be29cb3550864b72f1a394840ef435c6f189c8f9d08ca2cf3af1a80,,,
,J003058,1,,,,,,,,,,,,,,,,,,,,,8ba4a81d927fe03d2fc0c1b2538e0152ed55a72c5e1b2eec5ea98cd8c6990c52,,,
,J001978,1,,,,,,,,,,,,,,,,,,,,,215e42afc6bf6a44a2e9c1df9817f2514d43139ec1d3b97453cd01edf2a0a8be,,,
,J001216,1,,,,,,,,,,,,,,,,,,,,,155bce8218c775d2f8c9a39e29bbaa7841d211e82dec7fd9e417463c8ce27fbc,,,
,J002859,1,,,,,,,,,,,,,,,,,,,,,b48874adb32b685f58b17430c029d4cf13904c338f9b33d760fb12d74f2199f8,,,
,J001857,1,,,,,,,,,,,,,,,,,,,,,cbf01d9fcb20051b8fa82fd4017f687d3bd401fbeb19836c83de9c8c38207f54,,,
,J001751,1,,,,,,,,,,,,,,,,,,,,,67791885a3735642b1757cf2282d8b4c365015123a3a83eefae7f18c75a019e4,,,
,J002417,1,,,,,,,,,,,,,,,,,,,,,a0bc3d3c52137e22b53610577580ef000328241543a48f6e2cb4e065cf07c471,,,
,J002165,1,,,,,,,,,,,,,,,,,,,,,ac7d608c285c29c8c5f247acb148796fe3d1ddb3525840ef796963bac2b7917f,,,
,J002960,1,,,,,,,,,,,,,,,,,,,,,0690d5541b3e762adbece1142db0fd2788fa51a310a679df7f1b23d6f9c0e4b5,,,
,J001731,1,,,,,,,,,,,,,,,,,,,,,52f4fa9376f97390b9bcdf5677f1e01a7ddcfcde1208a2ba898d59a67d68079d,,,
,J002515,1,,,,,,,,,,,,,,,,,,,,,e1446bdbc9d055e1d9d98e624953497e8b27e5f6b1142346dbe5fe58806476bd,,,
,J000941,1,,,,,,,,,,,,,,,,,,,,,7374c37ea4aac7d39e00ba2779c79b7609931289f4e7d4b08517f6b9774b886c,,,
,J002504,1,,,,,,,,,,,,,,,,,,,,,784dde7f78bc75dd07fc97c26c07dbc2e7141c37c54156f0f4579547b2734b55,,,
,J000142,1,,,,,,,,,,,,,,,,,,,,,a4d836cc84e753704fe5feb95cc669318c7638d634fd1e9827e7169cb675eaac,,,
,J000692,1,,,,,,,,,,,,,,,,,,,,,5fc2f74fdad8feac3f503f635c94625df11ec0a9f96a5990ffd7373fba411c77,,,
,J000443,1,,,,,,,,,,,,,,,,,,,,,45fe211f9a031924b1e03e82645bd77a29553db40e0a358fcf785a18960d1a37,,,
,J001044,1,,,,,,,,,,,,,,,,,,,,,3c54336b3f6fc6b7629f83202b9b1a85d01082d9c80c6f79f8efbf355bcf6386,,,
,J001008,1,,,,,,,,,,,,,,,,,,,,,a0fb2d2522e33e2a458a8691ffb8ce7be2ed8e920ae2057ff0752d7b90cac6dc,,,
,J000914,1,,,,,,,,,,,,,,,,,,,,,4a149df0cf473fca0d3d163b404ff8b6835d15194d4e788be0724716372f9908,,,
,J000646,1,,,,,,,,,,,,,,,,,,,,,4a03db0a0a9900fde11fc672c7632ed621b91a68ab16b1e4ffc3ba11bf658fe5,,,
,J001054,1,,,,,,,,,,,,,,,,,,,,,652fbfda8df4cff171298e337eaa9e8cd773d92427266a030ae12455eeb60864,,,
,J000116,1,,,,,,,,,,,,,,,,,,,,,306b40fffb6a04e2ec71c4ab8b80150a00a5180f7d80bd0cac3501a41082b259,,,
,J000067,1,,,,,,,,,,,,,,,,,,,,,0236bad958f6d11182e402ffb86baf256bd2febddd00ac4a71421e7e907b3a11,,,
,J001454,1,,,,,,,,,,,,,,,,,,,,,c50049e95737374301b2fc4a1ff0991776c0b5419f8c36663aee9f38edb5efa7,,,
,J003157,1,,,,,,,,,,,,,,,,,,,,,a9b1a0a50b33491480bf3b739c08448f8db1f7e4ff0ea83b7230d3369aa6a66f,,,
,J001615,1,,,,,,,,,,,,,,,,,,,,,4bde6875f1159efcd236536c06fb59722b5bad452e70159470a96f5f1c88cdbb,,,
,J002532,1,,,,,,,,,,,,,,,,,,,,,b64d299c4fc6d8eb9f35adafb364a5e059babe831ecee1c4e0d4b7df8f17607d,,,
,J002882,1,,,,,,,,,,,,,,,,,,,,,c9f431d186c582437c8ddcd9360585339fe9801185d63eff5415e0fcc77d8523,,,
,J002810,1,,,,,,,,,,,,,,,,,,,,,8f1a8cc6454e2826334de1020bc7814bd3547a89d9e863ce08854763d6e332f7,,,
,J001248,1,,,,,,,,,,,,,,,,,,,,,9a750bcd5a1682a94b5759cb5804a911f074448930764c81ebbfc69aba9745ff,,,
,J002511,1,,,,,,,,,,,,,,,,,,,,,516b2098cc7e6a43e70128a70d1563f1b32974896d5cde42fae3001247a38469,,,
,J001782,1,,,,,,,,,,,,,,,,,,,,,77c2f78d70621d9d5869a858fcb7a8dd6990edf62007875beca33158819cadc2,,,
,J003003,1,,,,,,,,,,,,,,,,,,,,,2317652f2ec62b026d24d9732e77053b5da529dc5f4e9b5058b5e5de0eeaf61a,,,
,J001668,1,,,,,,,,,,,,,,,,,,,,,7c3815383ef599bbaa5e3965a77c68a0002e69ee95c0eda5b1378880fcc5dc77,,,
,J001574,1,,,,,,,,,,,,,,,,,,,,,3adad874e333f5515a298d774493812d6a4a7d94438f85b577ef3461ca607957,,,
,J001933,1,,,,,,,,,,,,,,,,,,,,,f9e6e0d32e6c948aba4743a184162a75126c20c45a7aa12b79bc69bcb6c17ad4,,,
,J001817,1,,,,,,,,,,,,,,,,,,,,,55214129601122c1a28b49726340276467cbed6284ba8a05a4211bd1dffa9834,,,
,J000028,1,,,,,,,,,,,,,,,,,,,,,fabdeb6e714689bf9c045ae9f1aecaf53974b2a57d0f85b8bec4ea5ddba2f6a8,,,
,J000218,1,,,,,,,,,,,,,,,,,,,,,e11998ef71b548325ebed5da40a70dbc68a6b538b87a24ad4302402dc34c2b44,,,
,J000344,1,,,,,,,,,,,,,,,,,,,,,6aab3e797f43d45ff70992f3f7a5bee9399e82378e72be0e99f7c8ba3c20b0cd,,,
,J000912,1,,,,,,,,,,,,,,,,,,,,,aa1e7642440f7cac5353b27d04e5f0566c4ae8c85aed4dea52e5661587ee55e5,,,
,J002079,1,,,,,,,,,,,,,,,,,,,,,50144e1d820baa179069d52cb0cc3ffa0eb9c865c227be4cf41735084149f89a,,,
,J002047,1,,,,,,,,,,,,,,,,,,,,,eab814fce93535fcf38b24c3d952095135633e3cbdf210252a89b73a2f11aec8,,,
,J002676,1,,,,,,,,,,,,,,,,,,,,,9b4cab296e79fd2f1e4ce46086d4c80013c5af541a2ebd75d836c0bf4267d086,,,
,J000470,1,,,,,,,,,,,,,,,,,,,,,78db23ec2717c5591a33966900dad9f684d2c13bf6738a41cf6e4e7a26f4b117,,,
,J002153,1,,,,,,,,,,,,,,,,,,,,,89e0e94bde78f1b03e9951751682ae1ff3abc0949a3da5c68c2c2a2f9914cd3e,,,
,J000528,1,,,,,,,,,,,,,,,,,,,,,d8a3f4a75056db5ccfe5e3c0cb235cba42d73b59f71be234191f83ff80f0aa4f,,,
,J000936,1,,,,,,,,,,,,,,,,,,,,,51834a700c0f5a3c5ee7e5f13789467d712491f124fb9f4e4f0f311cd78f6ed9,,,
,J001620,1,,,,,,,,,,,,,,,,,,,,,aa96873e6afc4fdffac0c75ecc917fd8a0f8f4380202fb7d9e838cd294d17158,,,
,J000780,1,,,,,,,,,,,,,,,,,,,,,4a6145d465f6bd89fde4f8503dd558fd49fa9d8c1515a06e875fb2b4641fcb07,,,
,J000299,1,,,,,,,,,,,,,,,,,,,,,312c63caa0357516349379864944c05895a0e0e38d69c2589a43318762028a28,,,
,J003018,1,,,,,,,,,,,,,,,,,,,,,fee92e777aa3794f938a9cd929d13869a3d43585717dab687d902ead0f66ab33,,,
,J000448,1,,,,,,,,,,,,,,,,,,,,,2ee35f6afc321dcb6727693f05c128afa829e6ba8084e28914d71cfd7c73efa6,,,
,J001361,1,,,,,,,,,,,,,,,,,,,,,ca77bfa783ff98cc4ed7c33606398a0afd3576c5da321147a039d398e110ebba,,,
,J000243,1,,,,,,,,,,,,,,,,,,,,,62d4aaab839f09fd2c1a08998984ef0f9ab07a7c689afc849dfb1c9f34d0110f,,,
,J002517,1,,,,,,,,,,,,,,,,,,,,,ce0e385f61c2db1942215b12968c81e729c96979c1a83170d12edc4fc693d5c7,,,
,J000277,1,,,,,,,,,,,,,,,,,,,,,990a900ff6cb744494d8feb339d4f2bb3b2c86b71901d6e30d3db52264e7ca31,,,
,J002327,1,,,,,,,,,,,,,,,,,,,,,9b03e005bec9e94d48d4cb864f3b74c357a2daf8d74ac199fd09d42ce447fea7,,,
,J002107,1,,,,,,,,,,,,,,,,,,,,,1817e28c053f442fb62bd79f9d18ef1fa98660d326213fbbaace1d1355b289b8,,,
,J001200,1,,,,,,,,,,,,,,,,,,,,,d6452d767d91cf2156e7a47024a8bbb27dfca28926ec8514de7f9726763c4bbf,,,
,J000770,1,,,,,,,,,,,,,,,,,,,,,7f14cb7bea68947aa2faa898ebcade3dbbee55d7f6085ebf54fe37d09b29a896,,,
,J002438,1,,,,,,,,,,,,,,,,,,,,,776d1b6415437b3e39afff1f65fdd7d5aab21f3161ba2491ef91025f9edfde35,,,
,J000236,1,,,,,,,,,,,,,,,,,,,,,dbdf97abe06588d60a9d9e41fa8cdf9686ff385b41201493beff58f024cd009f,,,
,J000736,1,,,,,,,,,,,,,,,,,,,,,6c4b6053aba00134384a45a75bad2760fe9a41be15d565c7659d3757a1dd96f7,,,
,J000180,1,,,,,,,,,,,,,,,,,,,,,c28f0769df2c226947aa816eae547445797a20854abc7bf6aca46e8ee6c44755,,,
,J003135,1,,,,,,,,,,,,,,,,,,,,,a847de48ed01c310a553b9f0a1dda8b6edc20e0ae093acbfec8d25e62fe10aee,,,
,J000146,1,,,,,,,,,,,,,,,,,,,,,9578ff99958dedad10e603bd2a886e8c5a9cad123ea0ed23e4074d125edc60bf,,,
,J000478,1,,,,,,,,,,,,,,,,,,,,,b81384bcdef7310a1dacf0defee4569902781b0d5180b95f030ee3141ae10aa7,,,
,J001874,1,,,,,,,,,,,,,,,,,,,,,89448437d5656e7da444b0545772a007d7e8e1b4f30bd97299879069a1f66cf2,,,
,J001174,1,,,,,,,,,,,,,,,,,,,,,fe8377a087baa2cb91a6f05a4715290e457ecd751586d29707544de01166470a,,,
,J001245,1,,,,,,,,,,,,,,,,,,,,,a9362622a58c49962ec1978e3bb3e1063322897171c0ecd664f10ed1df8426f4,,,
,J001485,1,,,,,,,,,,,,,,,,,,,,,a5fafb9ccc1265482c28c5dc0d7f84b851617d426f91410a74ab314e514bfcdb,,,
,J000911,1,,,,,,,,,,,,,,,,,,,,,23431abfc0e4da5da21083e31649b634e0f7644369ebabb50541838f074ee146,,,
,J002257,1,,,,,,,,,,,,,,,,,,,,,0c100a76f6b3d67788c1c99c4dec3c6b7ce58450681188fd31dc271655bb74c7,,,
,J000495,1,,,,,,,,,,,,,,,,,,,,,db38c31edbb414dffb8864d760cbb38bc5ffdcd4f2a3e71f0cc7029472988547,,,
,J000894,1,,,,,,,,,,,,,,,,,,,,,d5538e6be880a3b30c968bbe6a98f8f4ae36d4c33a3c4faba7423aa2bcb5cf52,,,
,J002804,1,,,,,,,,,,,,,,,,,,,,,a24b7d97176a4f71a257a7a9b5a8a87708757d8780b3beb591a1deca1776fcfa,,,
,J001855,1,,,,,,,,,,,,,,,,,,,,,3ef8935afc9eff5ba0f0f035d3ed3924deaac04961cbfe914622b64df46754eb,,,
,J000182,1,,,,,,,,,,,,,,,,,,,,,0e15ebeb0acf693b76bd807f563c0cc83d396e41445926f3f92f7dc1f5991c3f,,,
,J002657,1,,,,,,,,,,,,,,,,,,,,,f9a7fe4ec2d93353c97159ab03624297168497c1a0ffea1d8b89b10f1915129b,,,
,J000140,1,,,,,,,,,,,,,,,,,,,,,f08a83172837e5ba67cc660a78b49751b6f882423a1f2dd9aef6c4f1db99bcd6,,,
,J000120,1,,,,,,,,,,,,,,,,,,,,,4d8af21d7f250787cb475bbe46f150aec538437a0a8dca18faef98d51e8c682f,,,
,J000154,1,,,,,,,,,,,,,,,,,,,,,beb2acdb2ae5eb2db2d2ff0af7afbe972c964b0f5fb9e85d4573d1de1f6e6652,,,
,J002482,1,,,,,,,,,,,,,,,,,,,,,c98f9b0dbd9797f0c49625a221fce77bcdb878cb1ae214e4c67c34dd09630f69,,,
,J002273,1,,,,,,,,,,,,,,,,,,,,,08e33d04a77800bd9fe7fffe0de3a8540d7f6b5e052f578e64b63cba5861ad5c,,,
,J000868,1,,,,,,,,,,,,,,,,,,,,,5aebf9f484e40597050f422719b94dc86de4007fbeb4acf58513f8673eefe012,,,
,J000498,1,,,,,,,,,,,,,,,,,,,,,360b30ff587ca4246ae3c7aed8573c8596676c732836eb05f6d95f037e4342c3,,,
,J000017,1,,,,,,,,,,,,,,,,,,,,,477bd470ba0152b01f994a806bda18fefd6d7bf061dd83c14786460b3d5bf249,,,
,J000096,1,,,,,,,,,,,,,,,,,,,,,d23adc1e464dcaa8ba567c8f07f942113d70d4e409b11f499c520286674ddd9c,,,
,J002427,1,,,,,,,,,,,,,,,,,,,,,07e4963fc01b617fcf8a9ade9bfc518cf01b0d5d0177341d3a82a66b06b9f9bb,,,
,J000992,1,,,,,,,,,,,,,,,,,,,,,3f09ba30865fda7de384dd9c8039d1d12ef76de31f00cd78d5c4672092bee132,,,
,J001745,1,,,,,,,,,,,,,,,,,,,,,208f64c78675b5542b94350ee9e5b8ee5d04219d5beee5355393e5d34a0ac49c,,,
,J000465,1,,,,,,,,,,,,,,,,,,,,,0a008c8e1c47f8526e603350de002d5fb842909d953244d7fe76f13606c798a2,,,
,J000136,1,,,,,,,,,,,,,,,,,,,,,f8f16c12338891f8c4f66cce22d5b6d08b951427ca376d55e5e1358758603ac2,,,
,J002131,1,,,,,,,,,,,,,,,,,,,,,67f07003d4360899c5573dbf8526cadab0cdc1f49c75207f61272cf2493bbf93,,,
,J000267,1,,,,,,,,,,,,,,,,,,,,,ec47513b785d0e0dd861d6fd2b0034166b858a678d3b0e82c06ccaf696ef73cc,,,
,J000057,1,,,,,,,,,,,,,,,,,,,,,05561b862b9a57e906fc3472ec0b150ac6650bb542da4a5f823bfebce0a47ba1,,,
,J001199,1,,,,,,,,,,,,,,,,,,,,,a0c75499447ea4bc43b181f0760ac21bade7b3e79a4b4d901894d2cbfc47afd3,,,
,J003013,1,,,,,,,,,,,,,,,,,,,,,4e822c19e2654538d6e241418c8053810cdc50dbcf7302b63e636cf7b43564bf,,,
,J001585,1,,,,,,,,,,,,,,,,,,,,,c4fb7939c681cfaf0261f1f9bf81c77a290186568da2770bec834020e3e462d9,,,
,J002230,1,,,,,,,,,,,,,,,,,,,,,33c947fc7166374f6729b9d2e1b2d49d257d5c87d10d261223c2c61a428fa30e,,,
,J000442,1,,,,,,,,,,,,,,,,,,,,,4c14380b76a71af668fabdb99858874243f103211827e085cbf1980dd73e57d1,,,
,J002838,1,,,,,,,,,,,,,,,,,,,,,ca79e592a51ee55e3f286af7cf107ebf8c9beee132f67cb3d39eb6bd77cdc606,,,
,J001277,1,,,,,,,,,,,,,,,,,,,,,794f9a8c05c32e6e12327ebfa88009787296b556b6be8bb8cb7cbc96f2210410,,,
,J000024,1,,,,,,,,,,,,,,,,,,,,,88b3dccc5b75323bf8b73eedaff72df4ece373a39c1f96eda5efecb52658153e,,,
,J002973,1,,,,,,,,,,,,,,,,,,,,,ddcfa690e67a73c2b85bc8f22885c64702f7483f8995491aacd1cd3de4723bbb,,,
,J000555,1,,,,,,,,,,,,,,,,,,,,,8fede9b027c901a8d0458697d0111f210776c2138f8d540b14bdf2d444105ac2,,,
,J000429,1,,,,,,,,,,,,,,,,,,,,,6b3a1b7af57ad7bcf44d2451885ff14eb20e706b28204eab42d956393ad02aac,,,
,J001100,1,,,,,,,,,,,,,,,,,,,,,7d385778b0c8d9cff09e782974290e9a04fe1305e60c4da63d8fa8d93fdf7eca,,,
,J003170,1,,,,,,,,,,,,,,,,,,,,,d1980f4d0fc877467bdecd2f463e72cdabcb81b6dd5cd736f6857d6fc0b38813,,,
,J000795,1,,,,,,,,,,,,,,,,,,,,,a0bd407a282259597c3f899ed810bdb1a8dc7dec2af969ea95a8bd61400bdb60,,,
,J002688,1,,,,,,,,,,,,,,,,,,,,,4e284b7d9a214ac9bae382b6f3d2e8adc0c394e8d1d72f13a1d1724df14bd217,,,
,J001661,1,,,,,,,,,,,,,,,,,,,,,00a0b85ccc62a25a75dd4b4098f726c82dfc4d7ec9cc34da55353def69db6736,,,
,J002650,1,,,,,,,,,,,,,,,,,,,,,074444f9d9e028886e46b11a72535a224ee1a1f49f7c951ce507747a58661ad3,,,
,J002636,1,,,,,,,,,,,,,,,,,,,,,04e24600d7adbd1b31ae434c46353cce1e7090d2e2419884ba71bf324ea131b9,,,
,J001427,1,,,,,,,,,,,,,,,,,,,,,707d5d6669bec47d1db6f4e10231d070c74b013f9b22dd9510b7c5384b282c80,,,
,J002058,1,,,,,,,,,,,,,,,,,,,,,619997d792e13624a69312ca087d6bfc81783f1b839cf07b477c6887a5413a45,,,
,J000059,1,,,,,,,,,,,,,,,,,,,,,c2560ce9fb7dc48db57dbd13d789407f11974ca1f1c3db5614a2c920c65aabbf,,,
,J001481,1,,,,,,,,,,,,,,,,,,,,,6a7853d3a595665c7bd78ad3e12f5850bced13115eab9306c905b4c67bf10d80,,,
,J002468,1,,,,,,,,,,,,,,,,,,,,,20a86f37e73d15aaa32ef8216f8cb4c65ef29c921ecd19b5091da437a496f385,,,
,J000005,1,,,,,,,,,,,,,,,,,,,,,2be8ed5d52471fde9690e834e032bfcbd8d173e8b69b1e7f90c43dda3ef8069c,,,
,J001611,1,,,,,,,,,,,,,,,,,,,,,730d67244e4059595b684e900fd6624b33e31944aef22f4a8d72cce05425347a,,,
,J000040,1,,,,,,,,,,,,,,,,,,,,,314ce061a52a68d44c334ef7e7f1fd7a892e00f6ca4a2b5960365cffb12a70f3,,,
,J000694,1,,,,,,,,,,,,,,,,,,,,,818a6fedac7cd10e2185532a2aaee1f61068b17aad282e8881720ce2640546d9,,,
,J000383,1,,,,,,,,,,,,,,,,,,,,,3dd1dfb6319db94aa9454ae5496a4679b4c0584ce19c5a2524752d8923c13f94,,,
,J001048,1,,,,,,,,,,,,,,,,,,,,,210e6985d53c8cbd4cfc5196421224840a3dcef073cbab1e5ce28b062f835c19,,,
,J001762,1,,,,,,,,,,,,,,,,,,,,,3f81d786952a92e8ed7adb989e834e7598f534a4bdc6dd8e281057c9a2e85418,,,
,J002575,1,,,,,,,,,,,,,,,,,,,,,06acbd7155ba00e391a61caf6a01029e3411aab6734ebe49bbc554fdebb0f445,,,
,J000627,1,,,,,,,,,,,,,,,,,,,,,8ccf9c1ad1e7a785ee87b3c3468438bc988fcd557a995fe2330be8eb7840e280,,,
,J002117,1,,,,,,,,,,,,,,,,,,,,,b4472356dadb4948903fc1fd93217b2f4ea5f2c24ccb92303a60d9f9b16f4a92,,,
,J002363,1,,,,,,,,,,,,,,,,,,,,,462f2a79d6c61eaddbed285fe9d147594b4b273c010db06475157ef3c9739732,,,
,J000222,1,,,,,,,,,,,,,,,,,,,,,9f5970b28a6345b10625b2003b96c2798e874544d2bfa60f74c3b1460e93ab45,,,
,J002548,1,,,,,,,,,,,,,,,,,,,,,bd38ea78c045343debf96fbd1d18da4f457bb5052fe1a4b4281dcc50dff95e31,,,
,J000016,1,,,,,,,,,,,,,,,,,,,,,943eed0050f2dd1a1fb3be4bb3be50cfcdd43678ec08f2f371789e5195b967cb,,,
,J002593,1,,,,,,,,,,,,,,,,,,,,,64a15d15fdf29df8f4b51a5b35f5ddb875be5fe6086a4a8d72fedc133de8faff,,,
,J003152,1,,,,,,,,,,,,,,,,,,,,,3a8709bf7e262674f53610a87dfb8a6a07cd98313dbe2ddd9c611bec2306f159,,,
,J002556,1,,,,,,,,,,,,,,,,,,,,,03788e7dfd59ae1d0d1d5889bae78cffaab4beff9e90b7cf9b04ec443640a7e8,,,
,J000606,1,,,,,,,,,,,,,,,,,,,,,1b5ee906bcc81cee482a254ce9c600004540be20282e90b965deea491f1d5c76,,,
,J000428,1,,,,,,,,,,,,,,,,,,,,,9cb54a78b1af3bdd0d4a3978a90ae4e6a3281c4ffcba7c33ade2f26fc14a62b0,,,
,J001910,1,,,,,,,,,,,,,,,,,,,,,10bc211fadbf90977b54014791e626ae93412c533aa7e4a52177a96f02c7d4c9,,,
,J001162,1,,,,,,,,,,,,,,,,,,,,,2cd11307e79e6171cc49ad33fb80076bb134ed0d01772c258443d45486bbad3e,,,
,J002170,1,,,,,,,,,,,,,,,,,,,,,4b60793e938b6614fd5e291b71502e2ccfd26b4180f212320fc015b0bd937216,,,
,J002033,1,,,,,,,,,,,,,,,,,,,,,8a22265187e753bd1aa9330d44e714c2cf618b645c1ca9bbbb1505ffc791d991,,,
,J000769,1,,,,,,,,,,,,,,,,,,,,,f16988638ea1312afd0dda630737834b1f6c8c5b1f6eb9bec6b15e1b17e7bd07,,,
,J000609,1,,,,,,,,,,,,,,,,,,,,,c80a85228614e2cc7f6d16f9d0fc00d490dbf1c9352478b46ff8aaf9560d5f94,,,
,J000789,1,,,,,,,,,,,,,,,,,,,,,c5efb3b6e537271869881fc8030de602ee37ac2b8fe51c8c52c547f4faa2d88c,,,
,J000225,1,,,,,,,,,,,,,,,,,,,,,9a6d30bc416b01550276cd2df452b9d752fa5654d062249dbcddf20462cfaa40,,,
,J001580,1,,,,,,,,,,,,,,,,,,,,,0c221c788b71eedadc9a3b7e550fa8733eee7bb874fb3915e3236fccab1cb664,,,
,J001442,1,,,,,,,,,,,,,,,,,,,,,d0d7c480c3811ff8ed6c926461b42a67df557416d0f4adda23c94cbd8412fb22,,,
,J003177,1,,,,,,,,,,,,,,,,,,,,,af3d1d8d700d462024dbc20126515a909f151fe02a94a3c58d57a4ae1feac715,,,
,J002971,1,,,,,,,,,,,,,,,,,,,,,ec7cd245b69621902a28484d98387b5625aeaa3bb1f020b87afd736efcdd1f67,,,
,J003040,1,,,,,,,,,,,,,,,,,,,,,d91d7090dc9b62f447fc1d6123d055651f9f8b698d88b73b70a4b8a8896d7c58,,,
,J000198,1,,,,,,,,,,,,,,,,,,,,,5a00e52b34fedab3771e2b64923345cd29d3cbaf790c7f3136825457e67f3d7c,,,
,J002910,1,,,,,,,,,,,,,,,,,,,,,1cba9cb42146cd492cdce3dad16a489c1abcbdd8f1ce78dcf38b6eddc4f6c73c,,,
,J001337,1,,,,,,,,,,,,,,,,,,,,,d3d33c1c2bc2e55dd551f24854ff91fe54f92d1ebbfff891c97c083f72546399,,,
,J003178,1,,,,,,,,,,,,,,,,,,,,,b359aacd714f584ff3b914da3a2ce652fa5fd93e7b0f1ea546b1d0ad57a3c720,,,
,J000331,1,,,,,,,,,,,,,,,,,,,,,e5c7cb1a8db6c8a0265da09a422125664468ee15c978a1c65539ff8b4f13cb05,,,
,J002278,1,,,,,,,,,,,,,,,,,,,,,626b2050b169a5c92522221f78f9a1517810b3316e029eb33a13c76dbf42da1f,,,
,J000552,1,,,,,,,,,,,,,,,,,,,,,c917003cc94a0a3a42de2bb02154b3d685c9c4b8dc8ce655ff7ad9d8a9c104e9,,,
,J002765,1,,,,,,,,,,,,,,,,,,,,,0d65cf5a27bc6146f288d0509c74c8ecfacc1007c995a72e0d7608d4388fb831,,,
,J000880,1,,,,,,,,,,,,,,,,,,,,,1c7dc5fc0aed60184af1da658012770bcca6d89013e079e0ec4eb6aca1673229,,,
,J003101,1,,,,,,,,,,,,,,,,,,,,,b4c85bfcf95864e6e965162b12f99dbb97e39716abdfa5241806a1aceb6ed59a,,,
,J002321,1,,,,,,,,,,,,,,,,,,,,,b2075fa462a2de9f448d139a5c19fdc3f4a6f7a15360db6a278acb314705e59f,,,
,J001517,1,,,,,,,,,,,,,,,,,,,,,0d85bfe59a7a17bd924d573caa8354dc79efde087baea9e0430b4173d0d23bf4,,,
,J000975,1,,,,,,,,,,,,,,,,,,,,,4e2c2ce76debcf399941b014f223029f249e6e4306451c4f1c6289cfd6213177,,,
,J000397,1,,,,,,,,,,,,,,,,,,,,,80b2b523d9e50492013e76fe02334d42fc9bda048debc677bf73238666c066e8,,,
,J000396,1,,,,,,,,,,,,,,,,,,,,,67b8151d8c3ebcdd96aa6bb1e51e9bdb04355ce8aa9ecfa4007c0490494149ac,,,
,J000678,1,,,,,,,,,,,,,,,,,,,,,76931d4dbbfcad6d94f640bae5ff166e780fab3cb0bf689237db6607edfc3a40,,,
,J002986,1,,,,,,,,,,,,,,,,,,,,,8fb7ff6ef8b06c46c14aa4374d6ddb6f4dd3f3bfd7953298f032b815608d6a6c,,,
,J002552,1,,,,,,,,,,,,,,,,,,,,,a404547acfbabb9eda5c451232b83a1a3569803e912aaaaa62afebcb88934f01,,,
,J001973,1,,,,,,,,,,,,,,,,,,,,,e7e404b1b73d0a558f5639e0c17bdcbb4a16ace24243932f8998c98910048c82,,,
,J000325,1,,,,,,,,,,,,,,,,,,,,,a2df9cdcd4956b26af8f04ab4f1d8c031bfc590d2b0d53417fcd97683c1676a8,,,
,J002516,1,,,,,,,,,,,,,,,,,,,,,c5c26d0ff30d609314469cbd645a4318ffbc46542c906a2b81525874aef6a3ae,,,
,J002137,1,,,,,,,,,,,,,,,,,,,,,26b5e9287adf3cdc62bbbbe65fd4fb3a1447c15141bd334f60c9786ed0f1251f,,,
,J001237,1,,,,,,,,,,,,,,,,,,,,,72cad2e004b2c781be37e6aa3a34a2afba7c06e4dc59887189147be73a66c60d,,,
,J000719,1,,,,,,,,,,,,,,,,,,,,,aff325eb9d063a86c564bd0f91743f4ee8fbc64fd29ca23a6a42da2468a98d3d,,,
,J001140,1,,,,,,,,,,,,,,,,,,,,,db6fb36cfd1da08227df001d3058e29a86dc95cbd4e7b8d487d33ff4a8a7366a,,,
,J001323,1,,,,,,,,,,,,,,,,,,,,,2079c5e8c7e048a841538bd5a3577b354ab0f0ccce4161d8733c45be65facb27,,,
,J001173,1,,,,,,,,,,,,,,,,,,,,,f4c11a6c01809ac7546a654b453c253723e119d7cfb00b3c7d6f07bf4e1956d5,,,
,J001389,1,,,,,,,,,,,,,,,,,,,,,f10bd89c057a912d6b7e10e18eea32f2510e04f5e26c4aa09f18085b94a4b922,,,
,J001050,1,,,,,,,,,,,,,,,,,,,,,c2f387ef3ab75834b95148817b5e5ac53294817305b2efa7bb8370492c7afd4e,,,
,J003150,1,,,,,,,,,,,,,,,,,,,,,f791b08cc5a3f9c7ed2db9445ffe0ec4a6d7b15c618a2f2ffcf986544d7ee14a,,,
,J000114,1,,,,,,,,,,,,,,,,,,,,,670d265b3de0816a2a46700657e3f183061184e0d6b8de624568e78692e70628,,,
,J001366,1,,,,,,,,,,,,,,,,,,,,,be9720b3984ee61ad2eefd2be1eb469438b49e04073605092cdcc57fabb7d688,,,
,J001486,1,,,,,,,,,,,,,,,,,,,,,82ed90890231f8dc3cbec22b71ef37b52b65cc48d6ca93852d136362512703c1,,,
,J001116,1,,,,,,,,,,,,,,,,,,,,,b383a50aac2a537d033598d6142ad79003437333ff2c43e2b21eb35631e65875,,,
,J001768,1,,,,,,,,,,,,,,,,,,,,,33e32321f76a72e2dc06748fdccc1ac9555e94fbbc8717159dbe88834aacd88f,,,
,J001036,1,,,,,,,,,,,,,,,,,,,,,0bf67c6cfcce840b8b4000991d85653e28439420310d579e9f74ce277da6234b,,,
,J002323,1,,,,,,,,,,,,,,,,,,,,,58af130472cc1ff11b4a8bac9e783ea10e622b362c7f8f1e3319bdb61c3ffe11,,,
,J000602,1,,,,,,,,,,,,,,,,,,,,,6ddbd089807ca4456d219899df41baa06e15e5bc46ecb50c0572bc07a97a9075,,,
,J000991,1,,,,,,,,,,,,,,,,,,,,,0a79a4c36af4e5235a119d19eb6671b352de9280e913d275ba0dd41b2c659af4,,,
,J001981,1,,,,,,,,,,,,,,,,,,,,,9f5d8a8466117fe262123c61f1f9d0fbc8c4a21a6e8982ecdbe48cf93339dda2,,,
,J000340,1,,,,,,,,,,,,,,,,,,,,,3471614fe939d2dec5e46a2cfd121ff01fde0719d4d76c2bdaf0c57ed9d86ebb,,,
,J001869,1,,,,,,,,,,,,,,,,,,,,,1205ce6aa459838eea3b67a99a78262878d5325aac5a470168ab9d252a5335ea,,,
,J001494,1,,,,,,,,,,,,,,,,,,,,,60b2d03b702f8d4352567550243f621871a0520f163a364c8fd59369c283916b,,,
,J003162,1,,,,,,,,,,,,,,,,,,,,,c5774c931683076d233c3018e6107363d16b5f2658c92747d2dc573834b9585f,,,
,J001738,1,,,,,,,,,,,,,,,,,,,,,96116333de3c1e4207bf7c9ac1cc7a12bba3ecd3160736e1ee9e0017570c2d93,,,
,J001722,1,,,,,,,,,,,,,,,,,,,,,4d04e6cca0f680ac417774999f5325c7396730e3147c97b62f4bef7d4be4cf69,,,
,J000496,1,,,,,,,,,,,,,,,,,,,,,a7527ad08118469dec1f1e00df913547c367e44deca4d5b72c58d80aba9d1319,,,
,J001131,1,,,,,,,,,,,,,,,,,,,,,2bf6340ad4b51b103a74ab897a01f98812a5fecf0220017318f599fa6eb19675,,,
,J000275,1,,,,,,,,,,,,,,,,,,,,,d2e5d59380cf6336d71e2075eede116a382ea4a8b80652104671d95e198ac209,,,
,J002383,1,,,,,,,,,,,,,,,,,,,,,aaf066bd72171fc520a4a0d5101f9227cd5d7403d8edd7723b9a05ba5ec3088b,,,
,J000412,1,,,,,,,,,,,,,,,,,,,,,173643e7aabc4d6d6268d8ba6ebc119a43fa4019c4c3ca1d625a8c5d37fc79bd,,,
,J001035,1,,,,,,,,,,,,,,,,,,,,,07c5e9bb3bf04c2446249bbe058a87aba2aeb4d2b5a22766721f1b9b00095693,,,
,J000214,1,,,,,,,,,,,,,,,,,,,,,c048a488820b9c14fe9f0e351910260355e26ce0c492d4ed7ee313dd68c06130,,,
,J002344,1,,,,,,,,,,,,,,,,,,,,,ac84297497674066f42de766ca39738d1cd633bbc480a65102364ffe7f211cb4,,,
,J000960,1,,,,,,,,,,,,,,,,,,,,,9e02eff5673ff52b64da6a01f9513af87a69ce482aa20d218ca331171de6b08c,,,
,J000006,1,,,,,,,,,,,,,,,,,,,,,8039c3908a44f84ff3edb5232d526ea470d063e5969919ea879e0e45e3ee1a9a,,,
,J000569,1,,,,,,,,,,,,,,,,,,,,,e7cfcd1eba4c5a97b294882f52414e80a4a2ad401742bf88c94c30846c5ea44d,,,
,J002736,1,,,,,,,,,,,,,,,,,,,,,ff8979ed20fb3e57be5f2ac23072b4e0dcd296f35399425635f07e785e162ebc,,,
,J000259,1,,,,,,,,,,,,,,,,,,,,,9180c88ee8bc1ffbf77ca8442ca42da82f5e8404ae7a6035f8009caf52b3e8e2,,,
,J003006,1,,,,,,,,,,,,,,,,,,,,,868dd042939c8bd349aea56c737bcae8af72213ac3ffe901b199b4c436e27495,,,
,J001812,1,,,,,,,,,,,,,,,,,,,,,7cffc522a0886918a05c45c78d1a0b9c91165bfe723e90e57650b4d034835715,,,
,J002776,1,,,,,,,,,,,,,,,,,,,,,56640d518406cd77989ef01e2bce6b4b41e25e0ddf6da6b93c2d430e0a369af5,,,
,J000147,1,,,,,,,,,,,,,,,,,,,,,1a554e3fc2eb8051b675e1b30a608057ab328e8a853a2728d7931a0ae71ab284,,,
,J002719,1,,,,,,,,,,,,,,,,,,,,,d9ecee48b64b6f98d14730c4ca78a334a5b7c62fc3e853379d72cd9733d3b12c,,,
,J002608,1,,,,,,,,,,,,,,,,,,,,,95804d83b6c6fad3303e888f674a8f9b3509db0e843186aa297543cd9c85ac9e,,,
,J000263,1,,,,,,,,,,,,,,,,,,,,,fe2f98fd8ee1496f068a90e25b40f2dfc924f8bb6aad49fa9d1b65e8949b41d5,,,
,J003071,1,,,,,,,,,,,,,,,,,,,,,bc373b8cc561a060d01748708e45c11774adc9d1fd70f1a58064e826de9d8689,,,
,J002096,1,,,,,,,,,,,,,,,,,,,,,fd7fa7a5ace6f044b3d8a9c12b937bdf3ae076d8a01dc1926b6e44f7ebd947c0,,,
,J002540,1,,,,,,,,,,,,,,,,,,,,,a0a115d3e22993c6cee5ff572344714974c58e6876b1faf860f178244ef3b1f7,,,
,J000125,1,,,,,,,,,,,,,,,,,,,,,aa5a2d7a294383114e4f9078c2926a877e3aa87227df83b9fdc1753089f3a91b,,,
,J000199,1,,,,,,,,,,,,,,,,,,,,,bf44a4272110864561edc2b11b5b964b4d1ce83dfe45f02775cfeb2062755fea,,,
,J002474,1,,,,,,,,,,,,,,,,,,,,,90365a90c3a5e4596fb02f1a6b9b98c0d0d55f5b6087b2e9d3d1cc53faa7f512,,,
,J001085,1,,,,,,,,,,,,,,,,,,,,,b636e9b7b6e223f2f3a907db89c974efe18b2769b7c168a6cd02ba6f47034c4c,,,
,J000746,1,,,,,,,,,,,,,,,,,,,,,d750cef30599e73ea164044e7cd54a0b9c5cb402a627aa87ce5c477bb98ccbda,,,
,J000815,1,,,,,,,,,,,,,,,,,,,,,5951442177a94297c915266aad0fa34390fff0448e5b6d1919e2a4276abd52fc,,,
,J000785,1,,,,,,,,,,,,,,,,,,,,,931599a512c4c51e25d074fe5e0b31cd2674d2c4f076da2d8210377bd5ba0848,,,
,J002847,1,,,,,,,,,,,,,,,,,,,,,36a83da9f65ebdd7e3caecc810ad8170d21f3dd95662bafcb0e4a2a086ba43af,,,
,J000623,1,,,,,,,,,,,,,,,,,,,,,c170117293a9c77b86b0b9d59adbb4b7a969de480c5354b341e00e5aa6a008bd,,,
,J002224,1,,,,,,,,,,,,,,,,,,,,,5eeafeca63d7ab47c7e0770482d66b5a65dde447c05cb0f7cf310bf16dcddbb5,,,
,J001587,1,,,,,,,,,,,,,,,,,,,,,f2be7656d1299bd207bde93c92d59e41a3cedf719f5206b55573649bbd7a0006,,,
,J002624,1,,,,,,,,,,,,,,,,,,,,,0dc1c772613f9fd477efb779331414d93f120915c8ddc37ef28777bf97233019,,,
,J000415,1,,,,,,,,,,,,,,,,,,,,,846866bd4e79d1bcfe359be2332431c5106387f09a5ac514aa9911e6837b8aac,,,
,J000933,1,,,,,,,,,,,,,,,,,,,,,c0beaff69079bdce1ff3ba6a1374d5d65615fe03b76a31508f0168024e9a94cf,,,
,J000523,1,,,,,,,,,,,,,,,,,,,,,ef12f1d189a7bf4b49b282ad1c4dff1be9c5146290c3b88ba4c37c07f0cb0639,,,
,J001697,1,,,,,,,,,,,,,,,,,,,,,d80a6e7e410d51431a178be88034f799a1a08f2d9f3262f7911e4811eb5521fd,,,
,J001864,1,,,,,,,,,,,,,,,,,,,,,ad05fb49e852689afd0a1de665c1d9046ae4ea391179b2978a81d7d69c6664b9,,,
,J002620,1,,,,,,,,,,,,,,,,,,,,,e8514dd40edf4a48bac5eddfae7931c9c952e7bc0de87c5f40cc86672f5309a4,,,
,J001761,1,,,,,,,,,,,,,,,,,,,,,ea8168465d50c595d0495d29e64f32a7c67dc904e68901f688eb9d3d625d05ab,,,
,J001286,1,,,,,,,,,,,,,,,,,,,,,6c521b850d2247258735967740fbb857f2569e33356ebcf8824f79fdf29850b4,,,
,J000641,1,,,,,,,,,,,,,,,,,,,,,6804613a94d71a42299b7abaeddba1076336af3a0cdd64dc11842038f8e1d785,,,
,J001676,1,,,,,,,,,,,,,,,,,,,,,7e1c74187d49fd95de5ddd4e5c0de775e35afca75c7de937c3d4855d05fdf58e,,,
,J000656,1,,,,,,,,,,,,,,,,,,,,,b56c80e88c2a86071034b82faedc24df64de8b7723aea887e6904deadea11c46,,,
,J001655,1,,,,,,,,,,,,,,,,,,,,,84ae849622672f0b3f8031bb971b80334ad127ca0be0cf0e5a66d00e716fca8e,,,
,J000749,1,,,,,,,,,,,,,,,,,,,,,5a6babd6274175abae13f593d6ab6f6c82a90ed3e9b31f0622daa433fb0aefa5,,,
,J000047,1,,,,,,,,,,,,,,,,,,,,,ef82ac8a2fa93f1e3724266f04ff50a617e9cf2f7e7bb2c2aef74a07cdfed013,,,
,J000884,1,,,,,,,,,,,,,,,,,,,,,a7c80a42bc48e94f1915643dd801d77a8b74474c79abfb50a25575d613c567f9,,,
,J002966,1,,,,,,,,,,,,,,,,,,,,,93a6058503c0daea2f01bbbefb819600f86c3592de272e8ea96d08a510500d56,,,
,J000657,1,,,,,,,,,,,,,,,,,,,,,a73224f7d8c561985e097a1d39cca2afb8a9c56f3c29c04a9c0beaa836243d2b,,,
,J002541,1,,,,,,,,,,,,,,,,,,,,,0ae1b66e6a0ef2d1f1ec780cff5904d30523656c36c81aefcd92df9921ca03d2,,,
,J000422,1,,,,,,,,,,,,,,,,,,,,,ac2676345e46eb6b5608cf0bfd101b309f7ccddded54410eb2f1f567928fd03b,,,
,J001692,1,,,,,,,,,,,,,,,,,,,,,76c27cdd32daf70ab339c131452d62a86be8dc2f943d977327816bf631dd3fbe,,,
,J000173,1,,,,,,,,,,,,,,,,,,,,,e33e8ff77a3c77a31adfb65aa88d4ac821cf3eccb437f27446af4017216c6b79,,,
,J000021,1,,,,,,,,,,,,,,,,,,,,,ff222b3200fb221e11f5e2847d4afdb9e039ffde2f483101e4f61a16db28773a,,,
,J000373,1,,,,,,,,,,,,,,,,,,,,,fcf88b97861d3ab10f696e45d1c050b23eb6915d36cd8a3148d3293a5aa873db,,,
,J000831,1,,,,,,,,,,,,,,,,,,,,,aa83013241ec1a8dac4b74cc542e07a98c61bcbc0a73814b8f38fab0764003f5,,,
,J000632,1,,,,,,,,,,,,,,,,,,,,,b07c92bc9a00b3c6e1d66441538b05065cd564323ec9eb94bbb49231ae37bb41,,,
,J001984,1,,,,,,,,,,,,,,,,,,,,,aa70bfc70dff8d16cd1e1a64e84d1bc3a96e9a428c36cb8dba48300e74ed0912,,,
,J002434,1,,,,,,,,,,,,,,,,,,,,,759dbc46ece5ae67a26419d579bd9605e880a5b133b76b4a6052cc82eb822c27,,,
,J000980,1,,,,,,,,,,,,,,,,,,,,,40ddb4289b04fdb17b271817e2d237faedaddf8b39cf4c17f3e506027148b926,,,
,J001564,1,,,,,,,,,,,,,,,,,,,,,cfcb4e61fea7144bc7415dcd59e254ccb9098aac78c0a4e65b81662b26e62df1,,,
,J002743,1,,,,,,,,,,,,,,,,,,,,,c329acc3a75b43a8712bd2dcf3c43477002ea5994aa90937003c767a632cbbf2,,,
,J001141,1,,,,,,,,,,,,,,,,,,,,,c84adaff67c050217ab1c411a7fac6d6366b0593677108942c35def97fd4c7d0,,,
,J002175,1,,,,,,,,,,,,,,,,,,,,,df26bdc7583b78c09de6fb79fe68a724d0ddaced372f5b71b018eafbb01b3b1d,,,
,J002336,1,,,,,,,,,,,,,,,,,,,,,fffc77ffe8e9221979a2a7897af536a9c6dc5e4d95d1b7ab039bc457ee03b548,,,
,J001849,1,,,,,,,,,,,,,,,,,,,,,038b0e8bb986df6ff8ce79c3f576c47e6b7936cd0c9ff131f89ba74aecb50147,,,
,J001866,1,,,,,,,,,,,,,,,,,,,,,0612792871684e2ebdc5961c4c9a65951521fbc16753483b18936cef7a24c9dc,,,
,J001573,1,,,,,,,,,,,,,,,,,,,,,f57c7c5c845289f54e1576ca97ac4a2316aaef7d5f7bc6bf1d020d3369f6f605,,,
,J000614,1,,,,,,,,,,,,,,,,,,,,,680b178a1132aceea2b2f8377904b11aa72d28d3f77e090f0cc66e2f66fa0cee,,,
,J002709,1,,,,,,,,,,,,,,,,,,,,,f1d7fd9103c93afc59004cf0628250dc3e7f3197a6057bb10ba3ebe3cac17510,,,
,J000689,1,,,,,,,,,,,,,,,,,,,,,012ccdbf2d398fd9fc43d95488d566d454c0b5402c26dd1d776b697c454c73a5,,,
,J002097,1,,,,,,,,,,,,,,,,,,,,,a28c6ce1750527cd43537ce4fdc687cde3590b55b05e7c75c4b18ac0df8e0373,,,
,J002698,1,,,,,,,,,,,,,,,,,,,,,b49379683daf3ef4d66c09fda56130496518b179a9a65a127b64fec70dd04fa8,,,
,J001182,1,,,,,,,,,,,,,,,,,,,,,40ec3a33a8e1ff8c1b473f50f112f6d91eb140325f8c3bb728d6523325da0740,,,
,J002062,1,,,,,,,,,,,,,,,,,,,,,747e63f5845eac366c6a8d4b2fbaa05f55a9b8e7b3b856332e4b984e49363cfa,,,
,J001861,1,,,,,,,,,,,,,,,,,,,,,d8f6024aaa5e8a61a2c64b03c779e65e3ece94b565c0e0c7ab1084d68ca1ba4b,,,
,J002231,1,,,,,,,,,,,,,,,,,,,,,b3182c2ba2ad6c0b36ebc84b5ff241a9248e8e9d5489249d5cd1bd0f014a37af,,,
,J002514,1,,,,,,,,,,,,,,,,,,,,,997f259d15716628044563aee6c3d7cab96573aa73bd951f910fa8c98ed53d55,,,
,J001313,1,,,,,,,,,,,,,,,,,,,,,eea6aa0acc6af2b42552a8164657b2002c605c82dbc8ba0c1a374319ecff9d82,,,
,J002193,1,,,,,,,,,,,,,,,,,,,,,0ec7a2d2d5e4aab6151ebf9a20bf5db387dfcb923af42b8d32430b337bf9537a,,,
,J001799,1,,,,,,,,,,,,,,,,,,,,,a54c44b70eac93a9e4768c8b3d4c20f3581ced26b7735104bf5daf90357550e9,,,
,J001356,1,,,,,,,,,,,,,,,,,,,,,ef2ca5b67675d5db9a55a0ca0b316d842ef00bb3adfbc3ac4561927a60db710d,,,
,J002091,1,,,,,,,,,,,,,,,,,,,,,5b6446d5490ae9f080b3f2d40c8a8ce8cd947155d10d36c01acbbd8de2cb1b59,,,
,J002348,1,,,,,,,,,,,,,,,,,,,,,b26d2c640a1303829cc9e4d2a9625bdbcf268584885aad63ddf743631a5877ef,,,
,J002716,1,,,,,,,,,,,,,,,,,,,,,192e2f0ab5575e77231b931b0969041a5cabf9a3f85fedbc5422d26fb65feff3,,,
,J002784,1,,,,,,,,,,,,,,,,,,,,,f56905c33b093484e39c04ad128894500fe556dacd85e5d67bf8f6396774fc7d,,,
,J001196,1,,,,,,,,,,,,,,,,,,,,,6ba26ddbce79b74ca264ebd1a319b38ba52b982c1c90340726c7bf52aa51cff4,,,
,J002918,1,,,,,,,,,,,,,,,,,,,,,652efa9a98e3cde4088fe0b8147c08eb43a6f748007586bdcdac80f96d49eda7,,,
,J003032,1,,,,,,,,,,,,,,,,,,,,,4f2d390639c63c95d3574be58c32f07a7dce4ad3d0e895ffdb1ce5d59943d4ee,,,
,J001886,1,,,,,,,,,,,,,,,,,,,,,6b3b19103a038e3fdc928cd74b0975ef045c0091d0131b2bc98e03a5f11156ae,,,
,J000284,1,,,,,,,,,,,,,,,,,,,,,9f4eea9da299fbb3115c9053042a69aa5ea6b81afe95d2a9eefd00daab9ae74f,,,
,J001428,1,,,,,,,,,,,,,,,,,,,,,951918837a572205b7314d7ee24f4c9990f8bc220324e35dfa9ce2fcca43f0bb,,,
,J000461,1,,,,,,,,,,,,,,,,,,,,,71ee23f4732713f9f8816860e429ae8da0109a5b493847f3ee16027cb7c64913,,,
,J001713,1,,,,,,,,,,,,,,,,,,,,,7213556f9398408d6b3e5dbb6d7de57322d4a58dc571f5e8ab1cf6394d01947f,,,
,J002522,1,,,,,,,,,,,,,,,,,,,,,5273e33f8e76e5f5f38e85c2ea65cadb7217f6227a0ec7b05ece2b090d7065eb,,,
,J001118,1,,,,,,,,,,,,,,,,,,,,,2822041e80e174509731b63c3af8dcb65aec59fb59fd2c5eeb0ad89941fb88fc,,,
,J001736,1,,,,,,,,,,,,,,,,,,,,,82adc114e3ad2a1b25405bbfc8839d80ea27976927b0762e09f64b7ced9321eb,,,
,J000430,1,,,,,,,,,,,,,,,,,,,,,5601ffb461936c7a00f2832ce7a481b2bd648f44a8597452f27737b74e51162f,,,
,J001688,1,,,,,,,,,,,,,,,,,,,,,487bb205c99d768df6c57c20c5adeac9c36c888d965d22ccc7e41f9f13f283c4,,,
,J002150,1,,,,,,,,,,,,,,,,,,,,,79d0d8407fc150bf024b39210fbf9f799f1c498909d3db24320a3106cdd4e16c,,,
,J000025,1,,,,,,,,,,,,,,,,,,,,,fb4fcd3e9fbedc5bfefba5fd9ca52dcb05e873cb74f172f53f7fce8d2a3e4487,,,
,J001171,1,,,,,,,,,,,,,,,,,,,,,6a3400ff96ac671c421c6b7a4dc29ebc35adadffe465f2f993dd2a1a7aaf7e8d,,,
,J000520,1,,,,,,,,,,,,,,,,,,,,,161d303c192a639c41a52aa0556fb4264d2507948793062c539e67b116f8905e,,,
,J001795,1,,,,,,,,,,,,,,,,,,,,,e27915272d374fa94f76479be784a1210de7f1f4fe359151c3c948b823a1b68c,,,
,J002731,1,,,,,,,,,,,,,,,,,,,,,09072c3a78bcaffc332124171c453f7f7b9121404422a303b8178062ed70923a,,,
,J002289,1,,,,,,,,,,,,,,,,,,,,,861441d57198eda1d490bbbd35427772349f73cae7cc66eccaf43dbbf00d2430,,,
,J002630,1,,,,,,,,,,,,,,,,,,,,,7cd69e8ccb087ac3c8662be3f0cc7140dde298f584dfc70a2081139bb650aa5c,,,
,J000068,1,,,,,,,,,,,,,,,,,,,,,c3a94b246ca486a4654316d849058b315f5a8539a6d1a82c4aa72409976d3379,,,
,J002714,1,,,,,,,,,,,,,,,,,,,,,17a46e455844b0026feb06b3e8f3e04113244b0b4f185614ab4013cb61d2581f,,,
,J002524,1,,,,,,,,,,,,,,,,,,,,,e34434d13b911259c47d252460ab9b8abeff04865c9c03999c82e6b29c6b2bbe,,,
,J002622,1,,,,,,,,,,,,,,,,,,,,,14b13d8d32266550865484f855350650d3af458afbe48dcb9390a2724f414ed8,,,
,J000754,1,,,,,,,,,,,,,,,,,,,,,624645f8a98b65dcde9eb732f69fb31ce58b1d1d792ccfa07513709f51c30b17,,,
,J002612,1,,,,,,,,,,,,,,,,,,,,,b010de51cba17e9bb6bc44a4950bf5132b53c2381a12137764fc45f3c6e5c7b7,,,
,J002391,1,,,,,,,,,,,,,,,,,,,,,0557cd07e68957a7a152ad8e08600fd9be861eb6d5a99f7b6e012ca4cbc405e4,,,
,J002533,1,,,,,,,,,,,,,,,,,,,,,69e8ebe7dd82b25b77d1f6c4828a217def79b2c9fa67e04963e07a98486df452,,,
,J001631,1,,,,,,,,,,,,,,,,,,,,,9844bb199fa9aa50a04ccb1753dd1553e5de088eefcaf05976201c166e561b4c,,,
,J000797,1,,,,,,,,,,,,,,,,,,,,,4be5412006019785669e23383b612a201b0b32adcbdcedc6d0ef6ba86b582040,,,
,J001563,1,,,,,,,,,,,,,,,,,,,,,f0216a6c8d9f5ba8f6768e3d9cd71c7ec59329482fffc6ba3095d8fb9b034def,,,
,J002377,1,,,,,,,,,,,,,,,,,,,,,75800b5e566ffdfe46f79104da1c85f46caeea2822f185c6b247f061b90cda46,,,
,J001168,1,,,,,,,,,,,,,,,,,,,,,1fe0613bb1f483996d74b2c1bfc2eeef93c9aabce95d638ce1616b4761a27527,,,
,J001785,1,,,,,,,,,,,,,,,,,,,,,f189051da5390dfd9d9bbdd2c75a3fa3cadd14e9ffcf5efb45d733e055deb2b2,,,
,J000476,1,,,,,,,,,,,,,,,,,,,,,f7a5ddffb5b9acb6115baf9f1b35994e2711e45cca43bb1e14a7ac9b8d318783,,,
,J000163,1,,,,,,,,,,,,,,,,,,,,,3927f23d1bdd81f664eb0aec5d51c17514729f17c4a0dde74fef103e58c8fddd,,,
,J001606,1,,,,,,,,,,,,,,,,,,,,,353c0fc1e50992e54acc2d5a937771eaa57a90adc2aecbe8a6a86387600aaa2f,,,
,J002872,1,,,,,,,,,,,,,,,,,,,,,1bc17b0463c8cf3eff8f6eabe65aed4e8f3f19b78840712e9b1ee88adbc72afe,,,
,J001239,1,,,,,,,,,,,,,,,,,,,,,c0cc2f0c22d24e4591c52b89b02bb9adf7544bdf9bbd5b3c97da716e5a77f0d0,,,
,J001850,1,,,,,,,,,,,,,,,,,,,,,80351e09df9db48c0c4bf5a5be4fa7029243ac132be6d5dd9c03387b2204c801,,,
,J002068,1,,,,,,,,,,,,,,,,,,,,,7656e14e6ef876105111012397d9846116e81d2f62c07f90ca30070bcdf9a5d5,,,
,J002313,1,,,,,,,,,,,,,,,,,,,,,55b55aeb38dee1dbf70b18a564419aa3182967befbc5d28b55ad03cf4134717d,,,
,J001803,1,,,,,,,,,,,,,,,,,,,,,e5a9358e5df7c6ebb890af343e8e30ca4b9a9fea3681df265066eda08b3341c6,,,
,J000150,1,,,,,,,,,,,,,,,,,,,,,f89a020cc7458c15b7aaa1ffdee2e567d5ab837c316892b98fbcde9451c64add,,,
,J002126,1,,,,,,,,,,,,,,,,,,,,,1d7cad4b4b4f5cb4aa8ab6acc1440543e11dc918b5e7b30477029bea4c7e4576,,,
,J000055,1,,,,,,,,,,,,,,,,,,,,,0bcf3c097ab438e5fe9048e003ac24c365823458db3a9b8b8087495985892d59,,,
,J000985,1,,,,,,,,,,,,,,,,,,,,,e443248f6cc6d2bf7c0b4bcdc8caccf4eb450fe8f18d3d322aeb5b2e4122c5e2,,,
,J000989,1,,,,,,,,,,,,,,,,,,,,,cd73a388ce35b58aa3db856f1bcef4bd5c58619a66be38c962825519cf95c484,,,
,J001268,1,,,,,,,,,,,,,,,,,,,,,5ad1845947eceb50cd909a1b2e2f360fb55e6cfe57d923cb1ed6150c2b069dfa,,,
,J003054,1,,,,,,,,,,,,,,,,,,,,,d6fe66f87062b8a12dfe2b88ea1312ee8c12ed2240ecc76c08987dcc7e05f902,,,
,J001238,1,,,,,,,,,,,,,,,,,,,,,1ba49d1ce8227a8db2eccba5acfe3a1c345402c3f3b5227b2d466d794e5858dd,,,
,J000003,1,,,,,,,,,,,,,,,,,,,,,7b246e4d04c23efff0921ae215761bd8a0f043fc1f3ef398cc718d2f264cc286,,,
,J002747,1,,,,,,,,,,,,,,,,,,,,,7dca033865fb4768cf5c1fa9658da7a5e5dad82e340cbe673f27d909c27173e2,,,
,J002615,1,,,,,,,,,,,,,,,,,,,,,8c4b228be5d5bcece7ae8493551b6518a181b8164a7a14fcebbd4ea207fe217a,,,
,J002076,1,,,,,,,,,,,,,,,,,,,,,4165b8a4692cf2897a17f15ff3ff7623386dbc6754be918debfc37c8d3284e11,,,
,J003145,1,,,,,,,,,,,,,,,,,,,,,9b6bafe3007a419c0b4ff04e35c6d2d4cab5ed205a9e958de7a31d56f9094b67,,,
,J000803,1,,,,,,,,,,,,,,,,,,,,,05391617f3f8bd5e3564ef2876e6ecd0550bf4e8e75ea93d06e98ca6e05780ce,,,
,J000407,1,,,,,,,,,,,,,,,,,,,,,9d0e45ea039b0af14640583b1109c892a2a6390bd84f833abdde595c393658c9,,,
,J000143,1,,,,,,,,,,,,,,,,,,,,,b345ae001a4a81d211677431b47aecf293dbcced4cd092f396c05039eab06503,,,
,J002183,1,,,,,,,,,,,,,,,,,,,,,fa8e3507dbab31fdad4b1e83ec3e68945267bc99ff3cdf5167fe40442c8c7193,,,
,J002643,1,,,,,,,,,,,,,,,,,,,,,9f5eb64a6775594ac24ae11bc72b4a1400ec37ae79dc9d63f2f675e2d9a5c863,,,
,J001326,1,,,,,,,,,,,,,,,,,,,,,f7f94e31d3499903ce8ae1922ea26a47aa1c8f6a91be39e0c038b4ef64842a1c,,,
,J001275,1,,,,,,,,,,,,,,,,,,,,,0c04213179680764d5f2585f75b79f155fb5688a87354f7b779077b098d64792,,,
,J002433,1,,,,,,,,,,,,,,,,,,,,,91f5cafada89d285d549bb19b76c586f4f143a949310f655bd546366049d2875,,,
,J000249,1,,,,,,,,,,,,,,,,,,,,,31580de3fe8dc67ddb4c680a1967b66729a1504418f1256711f917369e76be6f,,,
,J000264,1,,,,,,,,,,,,,,,,,,,,,86ba4fcc26da5e54047bbdd8f3f12ee90b4810a83b8a7031d1e4403c0944fd95,,,
,J001830,1,,,,,,,,,,,,,,,,,,,,,35bf6f2e172839d89dae63181e68f738f054c26c5698d4ed9f56538147d7d30f,,,
,J001119,1,,,,,,,,,,,,,,,,,,,,,8a3cdc235bbb12aa67ce271297d7233594708395b0d355e5e3aed5a8b891f884,,,
,J001526,1,,,,,,,,,,,,,,,,,,,,,3923508d322b6e9c5da66f7a9fe89d67c3884e95ad33cdf1ad9bd7a018ef4b12,,,
,J000287,1,,,,,,,,,,,,,,,,,,,,,8f545cbc6e92a12330312835de44f3290cba0faf26f6fa7795d4f0f83aa63898,,,
,J002352,1,,,,,,,,,,,,,,,,,,,,,6cc046ded8622ac326a69957f38eae2b10f34d3c7769320450fc4222a7aa518d,,,
,J001197,1,,,,,,,,,,,,,,,,,,,,,04950e233901fc87fad87f1afe512d4ed6635fd4e6295c6b092dee145974f63d,,,
,J000629,1,,,,,,,,,,,,,,,,,,,,,77514151d2530d74f82616ac1a3bc9aeaf167fe11042a550101639b824070d66,,,
,J000824,1,,,,,,,,,,,,,,,,,,,,,061a1d3beeebc6147815b6bf3c86e93f1ac849ae90af485facd2798f36379d30,,,
,J002519,1,,,,,,,,,,,,,,,,,,,,,9f289ca39331bfc327cea90bdc192c7d714d5ffdeaf28bec38eebb55c5a363f9,,,
,J001988,1,,,,,,,,,,,,,,,,,,,,,d7fa483c66cec646d863fb811f14e52e93fd9ea415efbfa891a56e07d1890638,,,
,J000861,1,,,,,,,,,,,,,,,,,,,,,cbc23a8346cf4c99d2e89d7a171d1d14c13f0d74c0219802c9202f2b1152f4ea,,,
,J002554,1,,,,,,,,,,,,,,,,,,,,,6e11cef549ce6b502448f6cbeded704c96b97a0d87db578466c21946eb58b363,,,
,J002518,1,,,,,,,,,,,,,,,,,,,,,eaab05c9ca204b19076acd028bcff65d36fcc7c7c7fc77cf51cccbe8810e11b9,,,
,J000800,1,,,,,,,,,,,,,,,,,,,,,19606fec122bd54fb4a6070383c9ee3d897b0434ae7d6152b8b33d36991e003c,,,
,J002562,1,,,,,,,,,,,,,,,,,,,,,585c94c864f52d7b8b9ca1e73c35abfc4750d30775fa5e788f3076f00a5e0c76,,,
,J001695,1,,,,,,,,,,,,,,,,,,,,,d2abd7cda8f5ae77121540d5c80a3e8292f79cf23cf1d5100d89f2ac82f06be7,,,
,J002974,1,,,,,,,,,,,,,,,,,,,,,376b0f569ced0950eb4b040fb7fcfecbec0d94c6d74377027445ac0768856a3a,,,
,J000342,1,,,,,,,,,,,,,,,,,,,,,05197bf348a82498ff36655460a7609fc566f810f77b52145ec32d700d0c2015,,,
,J002987,1,,,,,,,,,,,,,,,,,,,,,49da75282b42a820bb36f2181bafb58cc13b4f7ba76f4ba501c97b448351a7a8,,,
,J000547,1,,,,,,,,,,,,,,,,,,,,,1c2d9c4a5352961c08c06451b4830868d2049068bc5b871be0f8262857346493,,,
,J001942,1,,,,,,,,,,,,,,,,,,,,,7b46b18f1323b3b57993ca43baa279649d8e5301ab6d14b8609d9a8489efa684,,,
,J001891,1,,,,,,,,,,,,,,,,,,,,,a87b1d1a6d7499d4fb84fc8545cf1cd38efc8e3ab8ad7ec59ed2c55b70892ea8,,,
,J000601,1,,,,,,,,,,,,,,,,,,,,,87f0264949ece3e7ca77c72ef4ca9bae4e8f85bfe53940c5535de89b44e2d9a2,,,
,J001519,1,,,,,,,,,,,,,,,,,,,,,42586fdb4e96d133574ee414ecc7c6aa43348401bffddf51de2caed0c702d806,,,
,J002022,1,,,,,,,,,,,,,,,,,,,,,2f45127b24d1f7efebe843e8d474107ebfca5968adc37f6b05e554abe904c9e3,,,
,J002642,1,,,,,,,,,,,,,,,,,,,,,bde0432003de91d0fb5d328aa4dd7febeee459720fb4d47c4c0a262c7664be80,,,
,J002525,1,,,,,,,,,,,,,,,,,,,,,0489cc1f50de0d6795aa828b5f9457a0ecf79f0fc0867d374772d3a5965b1a3d,,,
,J000354,1,,,,,,,,,,,,,,,,,,,,,0da36eaceedc2de6bcaf1162f7c618935d5f948b2053a4ed7396ccd8c56f5e81,,,
,J000820,1,,,,,,,,,,,,,,,,,,,,,e9e536319d7f57b6dac7e5d1bb1e3aa7fd77392dff0de90c72d6ff7aa6937ba9,,,
,J002212,1,,,,,,,,,,,,,,,,,,,,,3383997e224def0062f44ca42985f0facf4de7c5ac88cff463a525699093b362,,,
,J002696,1,,,,,,,,,,,,,,,,,,,,,2656ce8f8dadddee67266bca2d4d6271e1eb90baafe7f2b02bd6ae0576a5581d,,,
,J002246,1,,,,,,,,,,,,,,,,,,,,,3e147f2c26ca099c1df0d348aca9d3712f337cfea96b3dac918ce1a181e9c7e3,,,
,J000970,1,,,,,,,,,,,,,,,,,,,,,9d1aab73c92ac11e84d4e365c48a5c9ead6f922a9a7795d8421f4f4107fd40be,,,
,J001001,1,,,,,,,,,,,,,,,,,,,,,cc71961b6c325e27d67cec78d40ac8be5c423902eec5b4cd5330a6f67e0f3763,,,
,J002228,1,,,,,,,,,,,,,,,,,,,,,80eabaf6a79bf9a181b9b9c325a90a7306544fbd5351cf63bba0b39da65bbdd9,,,
,J000591,1,,,,,,,,,,,,,,,,,,,,,e0b2e0cb953c758302ebd6dec516b72c1d2f0566727cf5ff2fd0cc403a3177f4,,,
,J001916,1,,,,,,,,,,,,,,,,,,,,,c3e931a4c6cd42b06fa84c2b95179d78c1c696f6974d21babddda5f486f2e025,,,
,J000594,1,,,,,,,,,,,,,,,,,,,,,a97a7de24953797ef64938c1e2a7115392616bbb268faaa6647e332d3d48fff7,,,
,J001671,1,,,,,,,,,,,,,,,,,,,,,ff8d127f687d14bda9fba348a1b4d4fbc5f5b8354c35bfede9ed7a45b19ff650,,,
,J001867,1,,,,,,,,,,,,,,,,,,,,,c5be8a282f02a90657f4a853e1ed3bda0c90c998604eb7321b5a1f3685324c1a,,,
,J000392,1,,,,,,,,,,,,,,,,,,,,,fbedfbe066581cf4712ea7ae4d74db9a7ed1c907a19c76b1d61acba23598502f,,,
,J000807,1,,,,,,,,,,,,,,,,,,,,,c8b27fa687a767f92d3251bbe1d887f2ef9bb3ebb75d760a158871a3c30eb6e8,,,
,J002666,1,,,,,,,,,,,,,,,,,,,,,513c3036afe60adf6ae5abfa0466d193d988dbf975ae1dc78b1aa1a062bb164e,,,
,J003024,1,,,,,,,,,,,,,,,,,,,,,c1dc0b66fa8db16ddb1fa4bc1caf05ca2ed815da29b3d65ef43b2b1f1f58defa,,,
,J001558,1,,,,,,,,,,,,,,,,,,,,,81bb584cb2d9121a6faa943681614195142b6e22b1184b51eebc8e2a5f38f7ba,,,
,J001506,1,,,,,,,,,,,,,,,,,,,,,1804397f90595ffed09c80cec2e603410ea371564e7229d98fa4b4530fa203df,,,
,J001821,1,,,,,,,,,,,,,,,,,,,,,f3af674d6d41669a34060f5cd0b66fe04ced04cff607545de2112523c5d44404,,,
,J001708,1,,,,,,,,,,,,,,,,,,,,,3436f8703f73fdfaea56dc4b0a6c7ee06c076ffb2123f6907219a131a65191df,,,
,J001445,1,,,,,,,,,,,,,,,,,,,,,eb46d7366a0802ce3882f6d27351fa8e686cecd26ad757b32661676f550321e2,,,
,J000330,1,,,,,,,,,,,,,,,,,,,,,0a002e426e1c6692270dcee8ff7078f739eea73032af32427dee0bd7ebd8053c,,,
,J002795,1,,,,,,,,,,,,,,,,,,,,,bc465ca7eec085f00c6d331eb644d3e3e7b9976c3593bb62a0b522a243aa7555,,,
,J002164,1,,,,,,,,,,,,,,,,,,,,,f1054afb730a5136b3a8f99a7686ced14cdb2e0ad5f5c28d496b4c856bb8eefd,,,
,J002900,1,,,,,,,,,,,,,,,,,,,,,90d598340bda51b15385c41eef7e94590f995294610d297b7049789e5db83f0b,,,
,J003033,1,,,,,,,,,,,,,,,,,,,,,47458f630fda0a4c2d304c15ad40281b472da6a6c3a63a2a3446bbfb383c2edd,,,
,J001443,1,,,,,,,,,,,,,,,,,,,,,6f673fdb30119b9bc83bc647621ed2aa68e6f521257f48a4fd027a9090dc2479,,,
,J001149,1,,,,,,,,,,,,,,,,,,,,,f6a08825458338521aacf3be16213c94017351c00994ad9f84cf0ff04d2c7369,,,
,J002563,1,,,,,,,,,,,,,,,,,,,,,0bef74a426cd9a2ec00accdb323e5a8e95783e985337301783d9797ad78852c5,,,
,J001121,1,,,,,,,,,,,,,,,,,,,,,cfc1377b26035c2831c97701b13ee7dc7d647b57aa45137b60e893202b34ee40,,,
,J001078,1,,,,,,,,,,,,,,,,,,,,,2b029253e831073b996abb63d24663b2c92956dadde18c369d6824677d1334d4,,,
,J001325,1,,,,,,,,,,,,,,,,,,,,,5190f55758f6b29fcbe30908df978e29ce68792335e0ae32d1195da29e27fd38,,,
,J002758,1,,,,,,,,,,,,,,,,,,,,,5ce41ec81136bbaae7d482597e1544837127051533f489f605fa2d88ddaa5f53,,,
,J002204,1,,,,,,,,,,,,,,,,,,,,,8946f959e46bf68845ff0eecc7918fffc305fb148e24513938c87c814aaef3a9,,,
,J001435,1,,,,,,,,,,,,,,,,,,,,,0e18ab3e7c202df395637239872b1795ee1ba107730d6aeabe1119652bf75d80,,,
,J000783,1,,,,,,,,,,,,,,,,,,,,,8fb5b4f255af55f74ad14b3d414611260d8f81c2b62845a6394941f7980775a5,,,
,J000487,1,,,,,,,,,,,,,,,,,,,,,829c3606c8da1bbc7306539304c4004df65dfba7eb57ef047c80f3529de59cc0,,,
,J002721,1,,,,,,,,,,,,,,,,,,,,,70bc9fd9eeef35ee946d728ed7aaa36efbba85f0b9814592481d3b27da9896dc,,,
,J000699,1,,,,,,,,,,,,,,,,,,,,,b738494f031846dbbc1278d7d910e5e1537eb16850abe36d2dc9196e73a249cd,,,
,J002634,1,,,,,,,,,,,,,,,,,,,,,0688b8a2cefb811dd0b4e831b3d3561b77cbcb93483e00542c767f623266f4d0,,,
,J000432,1,,,,,,,,,,,,,,,,,,,,,7191ca04d18700db96fca9dfb850504f6b3cfd270c39dbc8a695aa727e25f74b,,,
,J002549,1,,,,,,,,,,,,,,,,,,,,,887761b59ad713497f3fefa79ab8e3ac77fa3b9da31b11ac8d8a595ec0023699,,,
,J002424,1,,,,,,,,,,,,,,,,,,,,,07fdd4c7cedce9844730b3411df5c8166a781f664f51d66c9b02cf8cf6d8d380,,,
,J002662,1,,,,,,,,,,,,,,,,,,,,,8c9ba5597eac4e4b6a3d9a1aa40716898d268a933140c9ac0d9adc856d5207cb,,,
,J001429,1,,,,,,,,,,,,,,,,,,,,,9d483c42bba0b4f9722e4ff08906314157d82481ee920d4705354dd8b74ddd1e,,,
,J001433,1,,,,,,,,,,,,,,,,,,,,,22b61b1afaad8bb62284a10ef9ea5cef03e72c30f0e2d3a11f3e4c4b52a6f2d2,,,
,J002981,1,,,,,,,,,,,,,,,,,,,,,2e1e6a6de61a85dadcb17a1ed227d53d73e684531fa6c4e1620da91ec4138a80,,,
,J000855,1,,,,,,,,,,,,,,,,,,,,,8432cb726ebe1e823ef79b4628cfcba987ade6cccf4864e210157b06aa31c45e,,,
,J002904,1,,,,,,,,,,,,,,,,,,,,,d869124ae255db6a17e77e2fca0f7bbd0caf6fe4cf9448f9a45b0f9ed93b17de,,,
,J001014,1,,,,,,,,,,,,,,,,,,,,,d82f6bb2d33903021306413eb97f5fc9440327ba20d5dc47fe2a63ec8d4656c4,,,
,J002485,1,,,,,,,,,,,,,,,,,,,,,ae1614bed3007e66bfaf4830593838e35fec9176dea1607603cea7dd9ef2bf5a,,,
,J001177,1,,,,,,,,,,,,,,,,,,,,,fc1c0845d23fdacf03d9f4a7c5589748abda35ec2115ab83c53e3bb8dd8aab0e,,,
,J001073,1,,,,,,,,,,,,,,,,,,,,,13644fd3134d413ab3056db09f4f142663914697b1c63e8949fcaf8e879d03e1,,,
,J002100,1,,,,,,,,,,,,,,,,,,,,,6addfc6d40ae7888f8804646852c6f301edfb9a78dc97835469d87a3fa924737,,,
,J001707,1,,,,,,,,,,,,,,,,,,,,,fc469f2246198c84be1dc38bb2bc47cb08c535ed83842396165ead60aa00b30a,,,
,J000741,1,,,,,,,,,,,,,,,,,,,,,5f444ac7ba762e1d6829ca33241cd6c7c4232732e17242d16ccce061ff3f86fc,,,
,J002071,1,,,,,,,,,,,,,,,,,,,,,bcf8349657306361f475d7863620008ce0a66476981d5171fba47b00990aea4a,,,
,J002803,1,,,,,,,,,,,,,,,,,,,,,03e28f91cad736295493239eb1a5a4e7647c7303736521909a2b973fd35c80f6,,,
,J000109,1,,,,,,,,,,,,,,,,,,,,,3565d55661fd1ad27b65315278f57c153a8a71b7704fac95fd5f1c1cb6a62479,,,
,J002783,1,,,,,,,,,,,,,,,,,,,,,a76552ead351a55d80d2a2cb5a215eacba323df8235efe3da69882f9948149e0,,,
,J001841,1,,,,,,,,,,,,,,,,,,,,,b4a4898999617d88a432ff8ff6b7146285a18cc1a7b4a949ec74f14b70631558,,,
,J000757,1,,,,,,,,,,,,,,,,,,,,,4f5aaf8f7f927a091d6625aa4fb908c5d03cd33b8a9d54b39ff3bdaddff5b426,,,
,J002500,1,,,,,,,,,,,,,,,,,,,,,843c5a6e41d8f4c923aa1e6d30921a9bf16cb72d1fced10fa033730b0ed8a8c4,,,
,J001881,1,,,,,,,,,,,,,,,,,,,,,617ac08225db2210d4af2a38c7ffde4826150fd0e1f54bfa79e2261f9f06ba80,,,
,J001144,1,,,,,,,,,,,,,,,,,,,,,d20dc2d5ebec98169ba324ab552552d56adbfb72d7c9f002885372cbf6f8b8bb,,,
,J000042,1,,,,,,,,,,,,,,,,,,,,,db097b4b4d33265204ffec029553946191fbc94d449d406224e3aa8ea923671f,,,
,J002105,1,,,,,,,,,,,,,,,,,,,,,41b9f6dcf23cba8e11da79408a8bebdb9ff74cfd09f68d82cfd6817137649893,,,
,J000647,1,,,,,,,,,,,,,,,,,,,,,d1dc5dbba1cb4f68ddc6f58c46099f010661683eba9083f466b236bc3c5d3313,,,
,J000768,1,,,,,,,,,,,,,,,,,,,,,dfafb3acf8a38fa7e90dd4d5ecfb75e8668c97797bf3949b042089a002d020ce,,,
,J002201,1,,,,,,,,,,,,,,,,,,,,,a9f90148c14a0bf19dfedd92a0833325708a88430cbeb3622ae7ef67bd7351ae,,,
,J000707,1,,,,,,,,,,,,,,,,,,,,,963062655c28e3db89d679fe4396727ab9527e6a99e003b6a64764076bc9b461,,,
,J001987,1,,,,,,,,,,,,,,,,,,,,,d2b4ba1573b726b6265e287c5a6530bd15d6f6b39c0aaa8551b28b6c80bf9879,,,
,J000228,1,,,,,,,,,,,,,,,,,,,,,8d6851ec97ffbd03be052ad09e5542ca5b3ea3f56397ca4293b4f53721b02840,,,
,J000527,1,,,,,,,,,,,,,,,,,,,,,da4d3adabe0ffc4c31abeef30ae312d6af35fba2c196af53cd2269d45c1df754,,,
,J002108,1,,,,,,,,,,,,,,,,,,,,,34eecae65ee3aa8c21aaab08d4e12f3b2594d902fce454649e3fb9891ee2ed9f,,,
,J000849,1,,,,,,,,,,,,,,,,,,,,,d267109e4e9ef078bc29ab94a76d9db715dae182a5ac0447b2a63a7042653077,,,
,J000145,1,,,,,,,,,,,,,,,,,,,,,6c3cd13cce50086bc3c1097efa09f4687dd3d4ed59d2345b1cf5ac8bb7b2b296,,,
,J001994,1,,,,,,,,,,,,,,,,,,,,,b45e39d7f6fb3d418ce2f67785bb6c0b6d4ff50a3798dda6a165b82b54697c1b,,,
,J002932,1,,,,,,,,,,,,,,,,,,,,,0391a777a4ab95769897cc8d6ea27810d0b7cff5a9a5cc2bbcefaa5cd0e2a949,,,
,J000457,1,,,,,,,,,,,,,,,,,,,,,c0f815ad0beaf91ef4cfbff6b0bce1dda43623e43808ca826ec27310dcb69913,,,
,J001333,1,,,,,,,,,,,,,,,,,,,,,62a3071114e3b9df80a8f09be20d4dd04c7c04b99a896b9ece6db02a9d803fc9,,,
,J000315,1,,,,,,,,,,,,,,,,,,,,,c63b399f8c5152aff5dce63f52c4e491a77456da7b56bf5c782a841440269f3f,,,
,J001214,1,,,,,,,,,,,,,,,,,,,,,168036d6bb2fd662eeb515baeaafd3a31e70eb96fa249c8cbac4932fabad189c,,,
,J002655,1,,,,,,,,,,,,,,,,,,,,,94fe3ab4ab66c82109a0787599baaf14e111f78910d4682394916cbb9ff12297,,,
,J001464,1,,,,,,,,,,,,,,,,,,,,,91ca8e35552a02cb17537a70744f8389912ffd4b0b4476727edbbab4b6ca7e7a,,,
,J001503,1,,,,,,,,,,,,,,,,,,,,,5c805032f7b0b05d99ec58c97824f49abd39b196b34034b7f461fce8a6d9971b,,,
,J002222,1,,,,,,,,,,,,,,,,,,,,,2ac7999cc74c0dcb15042b3003d9eb9e8a5e5cffb18198c150f47a1aff6d5e2e,,,
,J002570,1,,,,,,,,,,,,,,,,,,,,,723f979f28b446c288ab5b32ce1d8049d8d078ea52f882031e1d8c3ca06901fc,,,
,J001198,1,,,,,,,,,,,,,,,,,,,,,64be0d1a2a19a7fd6d05995accda5e0d8bab10a38787b51b859bd5aa7249cf0b,,,
,J002330,1,,,,,,,,,,,,,,,,,,,,,9f1a5080904e98ca7b22d36c42b6a6302c8774674c061aaab363a7e53a57b3d8,,,
,J002037,1,,,,,,,,,,,,,,,,,,,,,9fcb35149d87fe306f5daa6959b3334e719c2f3f9ea00bbb9670476b78aeafa6,,,
,J000155,1,,,,,,,,,,,,,,,,,,,,,684b919d97e70ca16039b981be6e445ac94f846517979c1a82439f5f436df092,,,
,J002892,1,,,,,,,,,,,,,,,,,,,,,d0efa6d22345eb689ea2e58148b662a2c8881a964fae7c7a8556ac546c6a48f9,,,
,J000808,1,,,,,,,,,,,,,,,,,,,,,02c44456c8c829f6eab7440f3b2c69375cb3a4f0ec795e525d79b824a5acffe0,,,
,J003099,1,,,,,,,,,,,,,,,,,,,,,cfd3ae7e32438066aff544768edb0e6adf626b3f49523a0e9a92042c6b7d6706,,,
,J002122,1,,,,,,,,,,,,,,,,,,,,,af061ba8b7eaa52ecefaabb9ea2f7b2fe3a0b8c07d54d5c925d4dd4efec1b8df,,,
,J002245,1,,,,,,,,,,,,,,,,,,,,,fb521aca3821a4b3bb67f57eebfedfdd6cc9761bc48ea6474afc183b8ff149cb,,,
,J000517,1,,,,,,,,,,,,,,,,,,,,,fed9507ad6fc8ae3dfb9d59a67e33acc28255f67c5a9d4c5fe8bd0b363a3adb5,,,
,J002738,1,,,,,,,,,,,,,,,,,,,,,761af359e58586b76498c92e7dd864b29b827fe121337cb0dcf4d5337d889d16,,,
,J002223,1,,,,,,,,,,,,,,,,,,,,,4e4d75bb860e7d2875e104530802ff2c301eda6db925126f22aa95c57b2081b4,,,
,J002618,1,,,,,,,,,,,,,,,,,,,,,83fe2451c4c964b526696e7dbe7f835a915a037d457548542470fd16b3711100,,,
,J000364,1,,,,,,,,,,,,,,,,,,,,,a3fbc03436b4a4733cd5dba479c7baa004bf00837b6b6f23b17eb09196e48096,,,
,J002667,1,,,,,,,,,,,,,,,,,,,,,6f5a8223c942d0462e9336ac74a5a391ea579fa2d09fb9507288bd534a56b8e8,,,
,J002920,1,,,,,,,,,,,,,,,,,,,,,91fffaa13c0c5a4281e957cf7884e42baa2a3f56082da04bdbbed08de7ed87f9,,,
,J000099,1,,,,,,,,,,,,,,,,,,,,,71e6099a66fbce68598de59e1649264fec9fa53ae3f531655442a06b8a158bc0,,,
,J000381,1,,,,,,,,,,,,,,,,,,,,,8b82be7cdebaccf45e509f42214736f02ff2fd148a617391b723e22967547406,,,
,J003083,1,,,,,,,,,,,,,,,,,,,,,8950f28c2b7a933a8a3a941ced9478d73ef5b0417b137b0a38d110f5fe457cf4,,,
,J001139,1,,,,,,,,,,,,,,,,,,,,,7780014fd4052ee28b34b44849183b80d7c021bf6b0ae12d9990595c1416761e,,,
,J001698,1,,,,,,,,,,,,,,,,,,,,,0de1d92bf0c7f25f80c5fecb0111c73216251ad0529d2cc6106f5b33c47609a3,,,
,J001694,1,,,,,,,,,,,,,,,,,,,,,71a6e4abfeeb5ad0bae04dbb06490a82a2c1ab429a408ddd2d77672d9c1bd262,,,
,J002648,1,,,,,,,,,,,,,,,,,,,,,1117957c9be92425e32760604cb263053e0ab04356f34142169238bb1a0f3c35,,,
,J002258,1,,,,,,,,,,,,,,,,,,,,,fe06fd1bbb18f3e997a645a34f295f620cd5d420e812ea4d2db1362433a245bf,,,
,J001962,1,,,,,,,,,,,,,,,,,,,,,aace7a8e5c1780ef37ab8980db0d1d93d05f706763fc75ad5d035d2f1ef519c4,,,
,J001282,1,,,,,,,,,,,,,,,,,,,,,c868e93533585778a9f7b1dc2f0b31314e7324f93582a0a1168455c8e2d18e9a,,,
,J002621,1,,,,,,,,,,,,,,,,,,,,,ad3339d2336e2c1ba1a758869cffccc035a148347f6f5859f6b79d84fcaa2582,,,
,J002190,1,,,,,,,,,,,,,,,,,,,,,2c93c3e1ab9b4e9ffbd9eee352c3b6aab8b3434d9903bf9ed6d0d3075a57bd22,,,
,J000556,1,,,,,,,,,,,,,,,,,,,,,449c7a9ab42bb43d177aa437e43fbf752a19cef6a22cc43d4484abf5ea204c82,,,
,J000237,1,,,,,,,,,,,,,,,,,,,,,e05d55a72259ee47833723ac627b15d1e1ed4d909bedb9e8bc596f517501370c,,,
,J003087,1,,,,,,,,,,,,,,,,,,,,,905976727f4e183a5f8d99ad90f07feb9570d3eaadae478ef51083bc5d704068,,,
,J001283,1,,,,,,,,,,,,,,,,,,,,,ee1b0cb335a29842256908f110e86d7af7813f4a1c915fc3220bb5a8e11e46e3,,,
,J003074,1,,,,,,,,,,,,,,,,,,,,,e11c471b5707afcf9273606e89ffd6b27066877d73c0a6f86b1c03f4c105534c,,,
,J002026,1,,,,,,,,,,,,,,,,,,,,,14c0d2cb078e6f7498871bc119065ddf1af2401d11c96e47498d14456546322f,,,
,J002506,1,,,,,,,,,,,,,,,,,,,,,bed78561f358bd0e674fef5a7764438e634f0d586af91abb0f5c10674ff60fd7,,,
,J002756,1,,,,,,,,,,,,,,,,,,,,,26f8d1a6e62abfaca7221a1ba1af5f9c2bfe11d871d66dc38887dd8635280acc,,,
,J001571,1,,,,,,,,,,,,,,,,,,,,,955eaa8fd187672d2ec1b2236e21d4845db93e3ae3b7d772a989dd6d0c60d758,,,
,J003073,1,,,,,,,,,,,,,,,,,,,,,e45c7e8c701bf4f81c55602d842753fe301931dc2aeb9e499d7ab406e14d01d2,,,
,J001608,1,,,,,,,,,,,,,,,,,,,,,d8808ad6cface40798da44d2019fd8d8dda161eabd26c5bd3798f718830ddf1a,,,
,J001852,1,,,,,,,,,,,,,,,,,,,,,2eb1835cb0f97ca6c3cb966e34812cbc273c7dff945e33b49d627df9a5ee1835,,,
,J001732,1,,,,,,,,,,,,,,,,,,,,,94ebb420f978be2ad87d86c1f075217ae2bd78e3b52d7b1113d51d7d6fa88a30,,,
,J000915,1,,,,,,,,,,,,,,,,,,,,,3cb0ea24187036808898b451d8c673cdc6cb62d56f100333185dcda18c3b922e,,,
,J001304,1,,,,,,,,,,,,,,,,,,,,,2c8a1631e46e10bb6a0347bf135e26ee2564c3edbc448b91729aacadaeaecc75,,,
,J000290,1,,,,,,,,,,,,,,,,,,,,,3d04e981a6cbae6e593dc84e830c29023035fa6e694019f08b5eba3036fd7bdb,,,
,J002202,1,,,,,,,,,,,,,,,,,,,,,1f101c0a6fc34b7f548b17b92f794768c5532bdbd21fb39d5e82d0c2e0953aae,,,
,J002060,1,,,,,,,,,,,,,,,,,,,,,0cd2c07ba097468f1304617515a26e26391c9a981a56a4e844cacd56ab9f1e8a,,,
,J001025,1,,,,,,,,,,,,,,,,,,,,,3fc7b51a1a28910e9065b7badf2d62219653ccac505e812a0e70e5b16addbe6d,,,
,J000303,1,,,,,,,,,,,,,,,,,,,,,d6d64044e0bdd48fb126ac38612e6ead30913d2d1006eb6cd09644c4cb7f3a68,,,
,J000665,1,,,,,,,,,,,,,,,,,,,,,04a69689881b466fd8d86dcfe48a325e60579f5b848c8309704c6360eb8d571f,,,
,J001355,1,,,,,,,,,,,,,,,,,,,,,b2a178273f3a425ccf779686313438e740d310da8fae11a4d1e6cde7dffb87e6,,,
,J001413,1,,,,,,,,,,,,,,,,,,,,,22ce3452c2bac3e9163eacc2e6306baef38c039941c5d21638542a851f988c7d,,,
,J000410,1,,,,,,,,,,,,,,,,,,,,,e114215dc818692ef50e3129b60b35aebf919c09e396dcc8430d26bfd67b2d01,,,
,J002094,1,,,,,,,,,,,,,,,,,,,,,335a8bf05f67a6f8e39053da85ddce879b3f3ce383f5c768aead9db26c9b4407,,,
,J000307,1,,,,,,,,,,,,,,,,,,,,,8647b209221284debb8818f80f5a5c45f9dbd8c4bc66c4c7f31069d4181318d1,,,
,J000032,1,,,,,,,,,,,,,,,,,,,,,b9e206ac5abc3fc77f1b987796a64fae2ea9337409924023555cb4253fa20eb7,,,
,J000066,1,,,,,,,,,,,,,,,,,,,,,23d9ff0c8ad961cf2105f41e7a4f98475e37c6b6b5ffd0446cac7d3f66df43e5,,,
,J002745,1,,,,,,,,,,,,,,,,,,,,,96066fdf8a8b4b930e7428fe23e3daae69fb99120cd7855851f8833c15202c48,,,
,J002130,1,,,,,,,,,,,,,,,,,,,,,571b527898b6a6819face62008288279a31754ba494c90604aed14cc5bd0216e,,,
,J000721,1,,,,,,,,,,,,,,,,,,,,,1ec9cbc29fc3d87a59eb29c18d2570d09e0ede1195ab247ced59ab9ccecb548d,,,
,J001996,1,,,,,,,,,,,,,,,,,,,,,b44c94ebc55afd1ebda3304d4e754ab461c9748812a1d1d11eade3a9cdb3d557,,,
,J002881,1,,,,,,,,,,,,,,,,,,,,,3af724f2a37ce6a382498758f878b5db24cbdbcaddf5974eccaa3010a571ebd8,,,
,J002261,1,,,,,,,,,,,,,,,,,,,,,f2dee83ca3e4d412d6d6cbc1cfdbce681cfcc2dec62159838192419742c51c9c,,,
,J000671,1,,,,,,,,,,,,,,,,,,,,,e97f68e0d2ba3765d20ba6ce9ba24bd02d3828a74f49dc8ff8ac1d31ae2afc35,,,
,J000655,1,,,,,,,,,,,,,,,,,,,,,fa4277eb07eab0a8db36a0ceb6a8d9a38b679c355136dba186753d7bbf12697c,,,
,J000567,1,,,,,,,,,,,,,,,,,,,,,e57cb49697dbfc887908901b0f0554b4803a58d8bc367c9439677ca445f4f4ae,,,
,J001758,1,,,,,,,,,,,,,,,,,,,,,997dee324dcc3dfa2fbfdc9ee32e4a566e561e459b78eaf8f37e7da1117ac4cb,,,
,J001908,1,,,,,,,,,,,,,,,,,,,,,dbe9070990954865d20ed2bac6bf72dd2e06c14838db2dae683e63dab0de24a1,,,
,J000423,1,,,,,,,,,,,,,,,,,,,,,7dd49770b8a21b03e295ebdc7c68705228d71f63f5ddce1512c2f7902c9f67bf,,,
,J001742,1,,,,,,,,,,,,,,,,,,,,,7c33962df5960e6baad50cac944081f519f317f9376709638935294bee0423fe,,,
,J000141,1,,,,,,,,,,,,,,,,,,,,,648046865c0ddf63fa6265980727d41f1d263b3187f40ce28fa07a7f495fa62b,,,
,J002788,1,,,,,,,,,,,,,,,,,,,,,7bf677343cce1a5e7adfc3eadc3198d12e3813a425a7aae2227c9132ac96746b,,,
,J001740,1,,,,,,,,,,,,,,,,,,,,,f78c09081d440ea6b8e031961f8928182db05e8cb145c1c365425b27f6dfdf17,,,
,J002720,1,,,,,,,,,,,,,,,,,,,,,f793743df67fb9e093d33e1794ab5aa4c8fa9fa61d85b9f4b22e819b4be4b08a,,,
,J003163,1,,,,,,,,,,,,,,,,,,,,,299a3098a9e49da43529160576b6d55dc848b293f129ee19dad55fb1b784f71e,,,
,J002000,1,,,,,,,,,,,,,,,,,,,,,37c00cf65a6029bf59b87da809d0dbef9838770fed1356382f4ecdd138c67825,,,
,J000586,1,,,,,,,,,,,,,,,,,,,,,62f5048e2978a415e67a36ddf436021e3d197806b67e7d55bf19fac64be229b3,,,
,J000585,1,,,,,,,,,,,,,,,,,,,,,1c6ca5980c8a17da6d1f2501e24abae0945819a7300601247b6981b258458cdd,,,
,J002757,1,,,,,,,,,,,,,,,,,,,,,2438d380b36da6f990dc251ddae3f96eb4e56853f643354bb01adf75d48b146e,,,
,J002087,1,,,,,,,,,,,,,,,,,,,,,3ee22d65b4af6f4d404ace4f2b1f8b3aa683b3c686c6112e46a747a82f662e5f,,,
,J000934,1,,,,,,,,,,,,,,,,,,,,,85d35a3242ca17dc1dbb52d87f7268015d499868f7ce1628eb218fc95ba4b4f5,,,
,J001614,1,,,,,,,,,,,,,,,,,,,,,7319be081e260cd87c831a4f1b381fab96c9378252878e1e4739114ed55a52f9,,,
,J001402,1,,,,,,,,,,,,,,,,,,,,,8db65a009499b12bb2512ef51f69e2b9114ff435b4ee4c1b3dbe28ab08084519,,,
,J000160,1,,,,,,,,,,,,,,,,,,,,,622a9289bd2a31841621c924e49c16a46f9578b3a2834832b27b0c7f73094b6b,,,
,J000210,1,,,,,,,,,,,,,,,,,,,,,5604453a0d5d97137e32fb69ec51ce579865330fac9e2e693fdca95f0b5bf599,,,
,J002790,1,,,,,,,,,,,,,,,,,,,,,69f3eab348e8eee0a0ef0beaf0f5845f7fe6ff9f0834edb3e3dee00582cb27a9,,,
,J001678,1,,,,,,,,,,,,,,,,,,,,,8141a9f98822329a11314d4db850e187b1bed8004c11c281ef957b005d661070,,,
,J001390,1,,,,,,,,,,,,,,,,,,,,,5d642d7b553587cb7d1adc436afec8bfa152efd50d70142dddfa4c92af42bcc7,,,
,J001949,1,,,,,,,,,,,,,,,,,,,,,43637d9575f99d806619eadfaa2a1039408cdf7499c78075bb6de13ae29d695a,,,
,J001367,1,,,,,,,,,,,,,,,,,,,,,2a69582f6e56337732c31ae06c5e48cd5363f01a5096226513ffb48252f1d53e,,,
,J002264,1,,,,,,,,,,,,,,,,,,,,,0efbd7151e9663a5fdb8678d04a388cc11e52b442d75054ee51c31ec9becf95a,,,
,J001943,1,,,,,,,,,,,,,,,,,,,,,35791aee90730fab59572493cd06a5bc053de605740b0b72d2b13638ca55c845,,,
,J001691,1,,,,,,,,,,,,,,,,,,,,,f2f50425573141c0a619b26954779b7f432a90396ff0a37b7a0520f73a861e88,,,
,J003007,1,,,,,,,,,,,,,,,,,,,,,adba4b5aba3f00ce46540e6501adcc0acce12c1914c3c3d981b2a7f64d58d34a,,,
,J002925,1,,,,,,,,,,,,,,,,,,,,,a1870f73ea56972f3c478a687f4a4609114af1b6411bda45ce16536204c112c6,,,
,J000526,1,,,,,,,,,,,,,,,,,,,,,341ae1218c2fa503f854fe583ecaa00de5247a9ba21fb48b0c37dc546510a67e,,,
,J001702,1,,,,,,,,,,,,,,,,,,,,,4eaf862acd7b86d67e82442aa90ae5c68a969026de21a8c90901d7d1b187b186,,,
,J002429,1,,,,,,,,,,,,,,,,,,,,,924e17d7d123364dbc8f796ffbc6946bcfe12df1715a9ec00fc9076e151b3d52,,,
,J003153,1,,,,,,,,,,,,,,,,,,,,,c9cd9b0a2818f8bac05e506bcfd84814b6e594200815f981b68756bb8abc64ca,,,
,J001022,1,,,,,,,,,,,,,,,,,,,,,6ca2cbab0513838ac96ee4d926edc63cf4cfccef80a175bd135d55575cc7f485,,,
,J003114,1,,,,,,,,,,,,,,,,,,,,,5557fd567a63200f854ec80e53d2b250e11cd035dfd4102a90584329dd02aa9b,,,
,J003174,1,,,,,,,,,,,,,,,,,,,,,06d422df0e87eb7a381a1036f5f3a28481e388f5555db0c5edb0bd78ea15fc6c,,,
,J001773,1,,,,,,,,,,,,,,,,,,,,,5874230b2cb2e2c29207db6a3faf355c33566a9da6d0a0dbb512dfd01df873b5,,,
,J000775,1,,,,,,,,,,,,,,,,,,,,,273d58b27ad634231cb1325785c1272cb543792a33f3443d6a1e8422f92bb8eb,,,
,J002226,1,,,,,,,,,,,,,,,,,,,,,e2a0e1cb62ee097f7961621befd8a81814d90e2ec28b80f370d9946f5174b58f,,,
,J001388,1,,,,,,,,,,,,,,,,,,,,,d56395286eafee2d535408254a208a4313392abec252b4f5e2cdd2156973b95b,,,
,J000801,1,,,,,,,,,,,,,,,,,,,,,ad2696b3f992474391c7e27127573fa87c2934756c753a9a33e2dbc9636def30,,,
,J001937,1,,,,,,,,,,,,,,,,,,,,,f3eb22f1c3e21c2e129e89f645b47a8de74cccfbc4e01e22a1b8365d9050d73a,,,
,J001189,1,,,,,,,,,,,,,,,,,,,,,d3e675e69832a0160940ecb5bf6338c5861f3677779fb506698b8e246624156f,,,
,J002461,1,,,,,,,,,,,,,,,,,,,,,c8250667ce980c7e4c95c476f26a849552f224a68a1db1851bbf2b19cb5aebad,,,
,J000532,1,,,,,,,,,,,,,,,,,,,,,25c18ddf999a0b910fc4f6fc3ca6ec66100365976bceed1ddcd5e573cae48653,,,
,J002356,1,,,,,,,,,,,,,,,,,,,,,f586ef5a332519862c8fc1faf8a6783afbddef9e265167bdbab8b77b29edfaca,,,
,J001105,1,,,,,,,,,,,,,,,,,,,,,e491ae328c1df1e8548f5aeaece6ce9632090f120453d28801e363b4c82fca0b,,,
,J001851,1,,,,,,,,,,,,,,,,,,,,,37dc72e07cce674fa2f519daa1466f430a3980f71f7721deab312b0313ac28d9,,,
,J000291,1,,,,,,,,,,,,,,,,,,,,,48ff0aa9a77bf0c5949f5e2d9afc2a7f42199051b45c5c86c3077b547e970ab6,,,
,J001281,1,,,,,,,,,,,,,,,,,,,,,8ee0eae88c66f561208b8290fe028756f2a06df6eb5c1275f652bbc69a68a9b0,,,
,J002171,1,,,,,,,,,,,,,,,,,,,,,d1e9bf8a603fa74687252dadca6b2fc36d86b0a5d903aeb5a524b607cc6a6026,,,
,J002577,1,,,,,,,,,,,,,,,,,,,,,1a2ea27822e724718d874f758f857b99b2521c28780e7fa36392a8bd1b4740c6,,,
,J000224,1,,,,,,,,,,,,,,,,,,,,,52fb47eaa37b3e01eaee1469af171c6ad71d3408f543aaba160e880143d6b330,,,
,J001211,1,,,,,,,,,,,,,,,,,,,,,11905ed4139251a3b02e2927e96eb1cb25636ce25280fd4e84c15437e907166d,,,
,J001992,1,,,,,,,,,,,,,,,,,,,,,eae0d5cbd5aa85ca582b8a3b8b2c3ac042e1edc005daaad5afadef1869687197,,,
,J002268,1,,,,,,,,,,,,,,,,,,,,,fadf1b56e896f379d62b3239cfa29be20b7922195a473fe1817b267eb732f0a0,,,
,J000029,1,,,,,,,,,,,,,,,,,,,,,ec1ec63fe2d3f52e6be36c6a1f4dfb017deebc5de84340ec469f63a9a8b97885,,,
,J001875,1,,,,,,,,,,,,,,,,,,,,,51f8b3c6f87130f037be90b7f97ecfb08a8edd8834bafd030d41674d10d75268,,,
,J000409,1,,,,,,,,,,,,,,,,,,,,,52d343cb1188c8306e1375f24af10a6305c6d33051aac501c5e6cfdad64c17c0,,,
,J002592,1,,,,,,,,,,,,,,,,,,,,,b1c191c37bf9976a99938a1174c2f3347338431791bc7740f2cd82d7c0875b45,,,
,J000144,1,,,,,,,,,,,,,,,,,,,,,d38fe89ff5f0d57e4d18cdcf85a76c7b4a5529e91c83433f94d5122c4f90c754,,,
,J001645,1,,,,,,,,,,,,,,,,,,,,,9607988cbf7199aa01fa2fc5c77af514c67634aec77583d58263e168870cc320,,,
,J001398,1,,,,,,,,,,,,,,,,,,,,,b1b970f3358f16a0bf2a35644cf71e5cc3d90c4ee03d98af29d8abdbee68346b,,,
,J001602,1,,,,,,,,,,,,,,,,,,,,,0b7c09a31a7acfc4dd292a69cb2207ad2086d705655e89f06fe3a01a0cb8d147,,,
,J001374,1,,,,,,,,,,,,,,,,,,,,,652d66f6e9eae39d9342bdf1ca75a2564980672b9cb77fc88ecd5b88d729e0c1,,,
,J002252,1,,,,,,,,,,,,,,,,,,,,,8ceac7155c82bfc7260938d61b1695a73d2125b854491c225426155c3c2bb39e,,,
,J001320,1,,,,,,,,,,,,,,,,,,,,,29453c17be152a6fd1c23497e88f93b93db28222be40a3c9bdcb2c63fd25ba85,,,
,J002922,1,,,,,,,,,,,,,,,,,,,,,4bc2938a627d6903574d6c7e492b414c9fb7742bb4d3c5fe90da5a8a127b69e2,,,
,J000559,1,,,,,,,,,,,,,,,,,,,,,b9ffad5bd637a1641cbb75705bf549bd6926914f99dae7be1449854e76b8c6e2,,,
,J001928,1,,,,,,,,,,,,,,,,,,,,,95203a0dda4ead4a140fb993aabbff8d82daa6387533963e8ddbdebb771b00f4,,,
,J000612,1,,,,,,,,,,,,,,,,,,,,,e3da9bad33089e5a5d93a6a383dcdce76cfd862cab42715a4f30fbfb7a4ddf98,,,
,J000151,1,,,,,,,,,,,,,,,,,,,,,da0d1789903265e2a393ab07f3516bcbe52e4f98765577af7c9ae521aeced7ae,,,
,J000516,1,,,,,,,,,,,,,,,,,,,,,3ecb63e41fa9a89a0932f1579f7d2d87e47266e7300aa91b038f1d1c3bc0b00c,,,
,J000969,1,,,,,,,,,,,,,,,,,,,,,e5a214614171c8cf7a8c25f055e58129038a843deb1a8ccb8b1b7074308b1d13,,,
,J001178,1,,,,,,,,,,,,,,,,,,,,,c2a0dcfa3278deede066dc441fed8196fa6db1f79489b85b0c3ec25a6ae1e9ea,,,
,J001941,1,,,,,,,,,,,,,,,,,,,,,5793dba869d9d23ba9551a010a75dee1549f1b00f7c452d8448ebc089f0d7621,,,
,J001041,1,,,,,,,,,,,,,,,,,,,,,3794aae1398a146ca43a517378977c0273e9ee117b5b36918880048d8da4ee23,,,
,J001995,1,,,,,,,,,,,,,,,,,,,,,b6350e7f6ef65c4d0e0e6141183b5a359bc692d3f4959b15e95b80363cf82aee,,,
,J001921,1,,,,,,,,,,,,,,,,,,,,,1ee52c37ddfe31e636b7077f6ce8effc5aac9d6463f8ab1b95ae304c99631c5e,,,
,J000326,1,,,,,,,,,,,,,,,,,,,,,14cb8f8d60ef0e74b648cbb453f5705c40afbe2778c707629dbe537174cf77bc,,,
,J002503,1,,,,,,,,,,,,,,,,,,,,,5a4b4e111c8c0532d6fda653ad5766c4d864ecb51d252f21ddef200ccc73039f,,,
,J000020,1,,,,,,,,,,,,,,,,,,,,,634b1e8216f10436f59d8fa9d1604566df7da356c2a69e0ae6a46d0b73f7453a,,,
,J001923,1,,,,,,,,,,,,,,,,,,,,,3f63635d44edda70289840bb60dcea91f2a8e92dcb2f657f677f37526d0750d5,,,
,J000858,1,,,,,,,,,,,,,,,,,,,,,0061d1264fee628e9dfe3f24d51b54d182f6999136bdb843ec7abeecbecb6ea9,,,
,J001890,1,,,,,,,,,,,,,,,,,,,,,46dc2fca9e22a7281842b227ec0276c31681cfe28466ff74b3d0dcef5f8d3ee6,,,
,J001452,1,,,,,,,,,,,,,,,,,,,,,c9d51702e209b5bc03871530113738c85ddc3332fd3d905073d6e5bce88ce95b,,,
,J002467,1,,,,,,,,,,,,,,,,,,,,,f89ed3de2bb9fa7c323abd84fc78ee3e868c9465d304dc740a6d1c9fe99135d0,,,
,J000776,1,,,,,,,,,,,,,,,,,,,,,b6c97ddca17695fe5992e65e9232b3bdff04187a0796d57b3d6916212a397e1a,,,
,J000260,1,,,,,,,,,,,,,,,,,,,,,0378d2c6ae87b6a0d482422daa7373c7bd2d8bfbd308a8c86473287f61e21204,,,
,J001489,1,,,,,,,,,,,,,,,,,,,,,c44829c3854002d20a24ad84df3f910bfbda74fd56750de9d57279c97c8fab9b,,,
,J000596,1,,,,,,,,,,,,,,,,,,,,,63bf81b752b1d3d140e33f8d13afeee208418de2529dbd9ca30d5f089c1553c3,,,
,J001811,1,,,,,,,,,,,,,,,,,,,,,cbad3bf9a875eb2b71cd7b4bf653c7b7d09b5e34a08b1c743bb0666db5297fb0,,,
,J002811,1,,,,,,,,,,,,,,,,,,,,,46651c096f011d63bd823a2a6e335616cf33c6673525a94b7e9878e3d21780ad,,,
,J002883,1,,,,,,,,,,,,,,,,,,,,,e97629161f347238b7a46b2181c4a3d79f838730020c444588b939bbdd2ecaa9,,,
,J000779,1,,,,,,,,,,,,,,,,,,,,,b2c822ade16a3d9e56a2947a9c740d93816dc25dbff6f432d77ed414cad204fa,,,
,J001104,1,,,,,,,,,,,,,,,,,,,,,19736cb0f49c75ed8511a92579726b8a24ca0d009daf7155fae1e154de263242,,,
,J000519,1,,,,,,,,,,,,,,,,,,,,,4bd7e8b1a95c4e66c11cc1b5b664414251c04d35af495d8e68166374f4b95459,,,
,J002770,1,,,,,,,,,,,,,,,,,,,,,3d8e7a754090921252d0086d732eec7972c023dd5128a37be3df5c0e1f7d36e9,,,
,J002302,1,,,,,,,,,,,,,,,,,,,,,5c09d3161fdc4ecb9fdcc6ac34d5cfefe1f42a265a737fb4b781669f1d833808,,,
,J001966,1,,,,,,,,,,,,,,,,,,,,,a57c98078f488077b6e56df98484b2d4aef624a07b1330b4ceb10cc2752e923e,,,
,J002493,1,,,,,,,,,,,,,,,,,,,,,2f7f062f04f30072496d3b6f5f54ec3e76691e5bd4155863875a56c3c9bbc9c2,,,
,J001589,1,,,,,,,,,,,,,,,,,,,,,a7ac2a02c94f305b3e1b7a2977913c3aa864e4fe14f86d135d76a54db89ba115,,,
,J000546,1,,,,,,,,,,,,,,,,,,,,,bc4ba421e71803dfd9e7090d36a8ea94efc1964e2e91137f46f2b06070b2a7f7,,,
,J002109,1,,,,,,,,,,,,,,,,,,,,,67bc1e42112d320b6dc230fee8b07ac942447dfdbb2e2ca995791d0736bfc360,,,
,J001721,1,,,,,,,,,,,,,,,,,,,,,48afd47089035c455ec1ffd8c0a050474979f1c1edd40b2836f7cb3a38e351c4,,,
,J001543,1,,,,,,,,,,,,,,,,,,,,,cbdb29d5b55368c88b837e7980ebe2fd48f7491246a487f0ae0ed2d02b15fd91,,,
,J001623,1,,,,,,,,,,,,,,,,,,,,,c54a363feec61ce94ded207fadf9870b9468a8b8613ded423fad0641a662d666,,,
,J001964,1,,,,,,,,,,,,,,,,,,,,,7de512fe232520c0709a25c187178be531ba4c381108072ed348e5282fcbcbc0,,,
,J000513,1,,,,,,,,,,,,,,,,,,,,,d4ff417f66aa8dd9f244b724ba44eb39d7cc96ef8dc29b77bac65ef65ae07398,,,
,J000088,1,,,,,,,,,,,,,,,,,,,,,5fae95f872d6fe5760a445f2559237d715afddb1de279866530bb09d6e81154c,,,
,J002583,1,,,,,,,,,,,,,,,,,,,,,4750846012e88d3eacf57b05cd318f50bc6632129bebf51ceaa66aad2c04d626,,,
,J001207,1,,,,,,,,,,,,,,,,,,,,,4a3da6614fb677596d991665c7f8d2a03d0b056f6770fc955d25e93cb6dc319e,,,
,J000035,1,,,,,,,,,,,,,,,,,,,,,30b5f86ed8e2b38ee07bae2093fa7af5385f301c212afae818bcd6b7ebca0de4,,,
,J002633,1,,,,,,,,,,,,,,,,,,,,,ab6dd176c51e97864b5c81ab97e7acbc8e651339c5afa8c8117f8d2bee594d90,,,
,J001997,1,,,,,,,,,,,,,,,,,,,,,51fd41872c4f4b6ce81f6e01da12f7f0d1536bdbf6e0029007304a38ed72c2d5,,,
,J002704,1,,,,,,,,,,,,,,,,,,,,,d7c8562ba42582f672c04ed033449838b8852c791dba9ebbdb6edc8e9a77de96,,,
,J003093,1,,,,,,,,,,,,,,,,,,,,,9eaa08d2010e685bc25011ee75c903d1c5d7a7bdfdd1f9e07881ee978979e28d,,,
,J002265,1,,,,,,,,,,,,,,,,,,,,,a80df0cdb3e9d109ff4691711b3c6b1b6f1491d8ee2842e85c6c7ac5187cdd30,,,
,J001774,1,,,,,,,,,,,,,,,,,,,,,249f87a3190148a0f7b703e12e75eada3ee5b6ca7b1dcc4d1458a02ba34aab72,,,
,J000317,1,,,,,,,,,,,,,,,,,,,,,aa8c714adda2073fa42cd958a6bb7e1f34ce76484fa819de57cb1b39a6f1df02,,,
,J000653,1,,,,,,,,,,,,,,,,,,,,,11af1b4eab5f85dbc931f25718baad7f5b36f044d96f72a030bdeeaf47e042e1,,,
,J001567,1,,,,,,,,,,,,,,,,,,,,,aa02eae68b7b68537ae6389dd748a258002d4c5eea23c869c15a6b11df6df980,,,
,J000758,1,,,,,,,,,,,,,,,,,,,,,5d8981155339affb8fd479f830e669a6eec4598423bb00b65ed05b2c90565c61,,,
,J001093,1,,,,,,,,,,,,,,,,,,,,,d515c890bee61e1af93c976e630678f6ca807c3ae14f0f80f7d84f64b8ecd22a,,,
,J000250,1,,,,,,,,,,,,,,,,,,,,,092b142fcc85f1a66e8146446a8e52f85935f478968c801d7bf5024127c62194,,,
,J001561,1,,,,,,,,,,,,,,,,,,,,,6d46f06c52285299dbc5caac62e0cde02248ada287cfaeaecca7dec45c8c8e1a,,,
,J000813,1,,,,,,,,,,,,,,,,,,,,,9cc15f30fee8a7c8dacfbc264916a1f1e0d0276baa60b6f89dfd2afec3ddc30e,,,
,J001484,1,,,,,,,,,,,,,,,,,,,,,42914804d506c05804e39317d709653987a4b0e5cb14468cbec01a7574a472de,,,
,J001172,1,,,,,,,,,,,,,,,,,,,,,e446f4e098a6463027b4edf0533ef0c5e9acbfd5378df613f390cbdfb109e9c9,,,
,J002419,1,,,,,,,,,,,,,,,,,,,,,eff1a08e78653462dd84ed4779faa3d8d38f8e636d3efc6d8bd05fb41e374807,,,
,J002907,1,,,,,,,,,,,,,,,,,,,,,5cefbbd8d2bc2270aa9ac9f8a5391c738e8e1851a1de7220f266d597c9526712,,,
,J003077,1,,,,,,,,,,,,,,,,,,,,,5a48164cc33d6a24a7078b3903c40039abf9b3085b6b1602ed771e9b1453cf05,,,
,J000386,1,,,,,,,,,,,,,,,,,,,,,8ad3ad8d83201a1491f3828ac71c3dee710289505c88c94bf903dd124d200778,,,
,J000464,1,,,,,,,,,,,,,,,,,,,,,633efc341ae66441eb3f07bcac4896ae6127d1f4c5f7291e3da78d35e4147525,,,
,J002908,1,,,,,,,,,,,,,,,,,,,,,d8d55d165d9225b21290a609d80bf30415226223519fd77888c16851182ff7b0,,,
,J000393,1,,,,,,,,,,,,,,,,,,,,,c6b0ea213d04428011915607739a51044203b3a7b4abfd1ee56264105f3816c3,,,
,J000233,1,,,,,,,,,,,,,,,,,,,,,cde968946567b79e4709718198b8355476e78e626ac07bd52662a803b8a91155,,,
,J001158,1,,,,,,,,,,,,,,,,,,,,,0b14b5fee9a4f6c1a086f4822d2f3ec9c2b1c908000fec8c66f6babf5b3ddf70,,,
,J001801,1,,,,,,,,,,,,,,,,,,,,,dd330239b687256c938ec6672283576f9e8b9db05fc4d118ca7d11c408f0eb24,,,
,J001303,1,,,,,,,,,,,,,,,,,,,,,cd798c9969b9b936e2bcfd0a2f629c7639b4b8b4e8f7806aab2a333a7b359952,,,
,J001665,1,,,,,,,,,,,,,,,,,,,,,2d6d65157305ac6b40651d786c7b0a6c86fa9fb72888db566be78a49dd952597,,,
,J001043,1,,,,,,,,,,,,,,,,,,,,,a02b3a287b742f12533b79492627f95c671696d53e28a4e485cf55074d1ad0a7,,,
,J000845,1,,,,,,,,,,,,,,,,,,,,,f995b0000af970ad4e7356e0e7444735b898cb1781bf8d6e433421e86fc60a38,,,
,J001859,1,,,,,,,,,,,,,,,,,,,,,2f909a0e836e098e3d3c783c4e97c8da4902383c29e0e4cd86e6cae4221ce970,,,
,J002543,1,,,,,,,,,,,,,,,,,,,,,bc3c6f625431b4399240518313230e737ac9720e6536d4fa0d836926c60e51cb,,,
,J001726,1,,,,,,,,,,,,,,,,,,,,,164ad6b17c53a43ef4bd6370e75e52cba4e16665e533ee5241cdf73d59051298,,,
,J000684,1,,,,,,,,,,,,,,,,,,,,,2c38e14e8e0cfd7bbbd9141d9d85bc8d87986ac879b44d07a613c2d527681f83,,,
,J002574,1,,,,,,,,,,,,,,,,,,,,,e5c9667e8e0cfbb16df59d94dd25b785a2659cd02c1b1cdb08e2ab2cb6f6f906,,,
,J000662,1,,,,,,,,,,,,,,,,,,,,,8952f7ee199b10101010b18fecf3bbab3d38866bedf90802990c230717865e8d,,,
,J000012,1,,,,,,,,,,,,,,,,,,,,,f794e91b5caf34b4accd0feb8e096a0c4c9ff3338f50db4176dabbc3e5c088ab,,,
,J002014,1,,,,,,,,,,,,,,,,,,,,,b7fb8cf3f1086f8fd91cce2ab0a5e8beb48df46e7be7c71685519d25eb736170,,,
,J000822,1,,,,,,,,,,,,,,,,,,,,,1ff2f686584b2e29ec0c82f1fcefa18e10187fbe2ab43331a1bac36ee7265edb,,,
,J000500,1,,,,,,,,,,,,,,,,,,,,,3c41f52cbf03e359577d04ba7483f1e46899149f200d0faadfbe5b4a524c7288,,,
,J001604,1,,,,,,,,,,,,,,,,,,,,,c6abb5448cbc53b891ded9e06820ff02ae151cb9aac3ab82e4e134827a2c2997,,,
,J001619,1,,,,,,,,,,,,,,,,,,,,,b64d701de0ad24bda687255b2e4fcb0feff7fe4dad926651f8f2d6ee9932ef6c,,,
,J002301,1,,,,,,,,,,,,,,,,,,,,,7fe293b9e570fcd42447f99324562cd9cecf12c1d479b6d787111ad217745f97,,,
,J003134,1,,,,,,,,,,,,,,,,,,,,,6b8393222f62d3db74666d8e12ec7992eebef041292fe529017d0576cc848dbe,,,
,J001871,1,,,,,,,,,,,,,,,,,,,,,4447be3715231bba3cf0f52337aacdf5f561e9746d43c68f360477fc099d6be2,,,
,J000550,1,,,,,,,,,,,,,,,,,,,,,e689aa6523ab3e7452d2169bd1d83c46f02f41c4c0a1bdd3823a3eb363953fb5,,,
,J001483,1,,,,,,,,,,,,,,,,,,,,,c224e509588c18f694f001e8d39a48874b4a3927512a119ed70109ad9ba163b4,,,
,J002295,1,,,,,,,,,,,,,,,,,,,,,6f1ed1461c1d6b1b859054efacb0963de691f622f6f352b427c4ae422e5b9370,,,
,J000661,1,,,,,,,,,,,,,,,,,,,,,1b65002a9d526df6a863c920a7db1600412af0b4392640a4dfa3ca87ebdb4c18,,,
,J002625,1,,,,,,,,,,,,,,,,,,,,,a6cbf58f36713f061c40cd79e13e5dd9760a5a7f85f8283e4112ab2ba28c27f5,,,
,J002512,1,,,,,,,,,,,,,,,,,,,,,ba1708a9759d01ae4158cb22c4424fdba5674bbbc7eb609ef08f17d59d37c3dd,,,
,J000483,1,,,,,,,,,,,,,,,,,,,,,b39d39567b0cb52b910fd8d60015674bfd40fc0f703132edf864debf45e54d10,,,
,J001914,1,,,,,,,,,,,,,,,,,,,,,f01d932da669512d391e15cb3717ecfde74aeaefe4a606461465b4d706b08d40,,,
,J001360,1,,,,,,,,,,,,,,,,,,,,,974c2fba53470ca9ec95a1bc811d9d61b66e4bde7390a9519f22a63a3a79a854,,,
,J000009,1,,,,,,,,,,,,,,,,,,,,,8c19b5b2c8ce5756e5c78ff99c48208d9e303e854d59bd61696f77980fb5a55d,,,
,J000833,1,,,,,,,,,,,,,,,,,,,,,ca621981e748d6046a83f32afe56fd40a50ce4634a2bd7fe8bd545c8ae6238f2,,,
,J001808,1,,,,,,,,,,,,,,,,,,,,,1b62289313823cad32380df5db66d57bb1a67de0fc1ff95a49f257d2793ed6a9,,,
,J000737,1,,,,,,,,,,,,,,,,,,,,,3e8b5ddf89488885b364d399c49084299a5482fb74ed3b4e3b5e4bcc71b2c3b9,,,
,J002269,1,,,,,,,,,,,,,,,,,,,,,1f3e2fb7873b073af1e3cef199d2a9deaebbac86d5c6eeed69b6a5dacfcef91c,,,
,J001190,1,,,,,,,,,,,,,,,,,,,,,bdab60dde420bb6b6cdeb07b31e7fe6f36add3075ed92263ab8daf065edc1786,,,
,J000152,1,,,,,,,,,,,,,,,,,,,,,d13edfa1ef3a473f46bfc4e5a5d19107fdfca938b6a8fd05c36c51e0655f6227,,,
,J002112,1,,,,,,,,,,,,,,,,,,,,,498844ac9508109cfb08502d600233cb1c2499bb6b65eefef563b98ed363cc3a,,,
,J001979,1,,,,,,,,,,,,,,,,,,,,,85a8a6d56c17100ae4364e255887def9a422788acaad499908de7d966a4bb938,,,
,J001523,1,,,,,,,,,,,,,,,,,,,,,cf9a54377d87077124d9fd6ac64d960eea08908b184d84e90ae2521a5cd93989,,,
,J002938,1,,,,,,,,,,,,,,,,,,,,,f68b62e6ac8ad4bd2459cab312f3ffb52e6302abeb290c5be09c558e1458ac53,,,
,J001641,1,,,,,,,,,,,,,,,,,,,,,4f00b3b36c1fc04bbe5596b6b631389c91335a218b9affa507bdb382fc2f78c6,,,
,J002689,1,,,,,,,,,,,,,,,,,,,,,9e702a2c190eadc6bcd8b7613198f2efa84726487b891595fb6ca45c7a443287,,,
,J001365,1,,,,,,,,,,,,,,,,,,,,,76edf3972ea079316ce4b59b280998bb3c6698172157ec8626df9af3a066d8af,,,
,J002582,1,,,,,,,,,,,,,,,,,,,,,31c7a3db4d788645cf027d83231c8655fb2586ab39f3dfb9558151e3fdeb738e,,,
,J000073,1,,,,,,,,,,,,,,,,,,,,,f5907d599e9adb7101b6ef510565edf1c6a6daa2bc1f561e9294c9748a9ba810,,,
,J002649,1,,,,,,,,,,,,,,,,,,,,,a18b30aba71de469a92d87357e1d4fdfdcd6e00b2f6df74c2e77274e8a4b4f6b,,,
,J001007,1,,,,,,,,,,,,,,,,,,,,,6c5eba19582f74197bb31edb762755f0a76ef26835462f37c7d00d60a5422f71,,,
,J001235,1,,,,,,,,,,,,,,,,,,,,,e6717f3d4663180b9ec260a6c5df34a19199f631c581404be337f9e7ad239481,,,
,J002977,1,,,,,,,,,,,,,,,,,,,,,009492e2391b0d13683ef21d0c8529d8eb5baade2886dbf6eaae7403a64eb584,,,
,J002724,1,,,,,,,,,,,,,,,,,,,,,51b82ba2e1d52a0f1f595faf991dc53b82924d9c3a2ee3e75160fdbdfd604da3,,,
,J000168,1,,,,,,,,,,,,,,,,,,,,,43b72249457c1c248a152eb948b5688cfe6e216546d33d575c4116d2d6e1d1b4,,,
,J001769,1,,,,,,,,,,,,,,,,,,,,,506f462b7e0748813f1a95424ea448d7686f16da4e5dd468ff252654dbeeea47,,,
,J000128,1,,,,,,,,,,,,,,,,,,,,,692897fc301b2b60d450f49f7b0fedc92cc601d0626aeefe64f084b7a3195d03,,,
,J000573,1,,,,,,,,,,,,,,,,,,,,,dd8a12424cb97ca105e68967b54fdccb759076ba50e8fffe4f28c24206977ba4,,,
,J002995,1,,,,,,,,,,,,,,,,,,,,,07768e92b43c023445b7f4dff9d6126eb4acecbc9140f37480bd8a31297039cd,,,
,J000129,1,,,,,,,,,,,,,,,,,,,,,346ecbdfe729d1037df6fbb951792d08643571198c6248440f65b24e13dab2d0,,,
,J000908,1,,,,,,,,,,,,,,,,,,,,,67c2b20d3d3f7c7599f280962b3b6afbc02fa702473a4be6c2fcb6291765a39c,,,
,J000873,1,,,,,,,,,,,,,,,,,,,,,af16c8ab3c0e13326367fe71c1671dca76519b60bfb0771c92a9caee108f5d05,,,
,J000193,1,,,,,,,,,,,,,,,,,,,,,d19e106730cea92c6869dbbc98b32af48ccea16cd71c3c0c4f68f9b20881b82e,,,
,J001074,1,,,,,,,,,,,,,,,,,,,,,0287ad8bc6ba8400f25390d26bdc0bf041cf014cf45851b45a4dfd8d08629d8f,,,
,J001647,1,,,,,,,,,,,,,,,,,,,,,2ba70845b3f70e3c3d2da5d9f23a7a2b45a78beeea33f9ea1255100d0cebc7f7,,,
,J001247,1,,,,,,,,,,,,,,,,,,,,,3e294a9be62fdccaecc35ace805c11d3626b83327a483ad1a0124c77f7820167,,,
,J002347,1,,,,,,,,,,,,,,,,,,,,,54c8ab7267b5a42d694a2f72b81303bc989a1f8e7cae5114bf4fd3346c062604,,,
,J000603,1,,,,,,,,,,,,,,,,,,,,,79272b1755b954fbf2906d8351d82a6b6c951c53933ecdbbe94628b5dcd20f4a,,,
,J001480,1,,,,,,,,,,,,,,,,,,,,,e5562f7ac35d86c00ccf556f16550b624b5fbe265b1841f146103f112f5fc463,,,
,J000411,1,,,,,,,,,,,,,,,,,,,,,51ddf270fd4e458d1b85a4e6003e8d9b9bcb99e2070cdbc4b422a855e99005c5,,,
,J002705,1,,,,,,,,,,,,,,,,,,,,,1c71ff521511435231dc213065ac06769de2c0b8705d4a16d5fe51bb794239fb,,,
,J002462,1,,,,,,,,,,,,,,,,,,,,,cfc99393a5407898da5e51c00bfa5e819d8029b1344b64773c31cd8b413d9313,,,
,J002213,1,,,,,,,,,,,,,,,,,,,,,4d39cae951ae7e0fa805f829e9bfddc06e370c9bc837a0f8dedde4aff01d633d,,,
,J000337,1,,,,,,,,,,,,,,,,,,,,,c8a3ce7b9df47b77de250fe551b352ce94300e025947f6a17498b5b64cfc0eec,,,
,J000164,1,,,,,,,,,,,,,,,,,,,,,0544e1eebdbc0cbeeea6574c1e26a70095118fb48676bee23bc9a0867bc891b7,,,
,J000076,1,,,,,,,,,,,,,,,,,,,,,7dc056647d35446e1f2edc1673eeb882044c08512373c36cb69ad86c88a51d04,,,
,J003043,1,,,,,,,,,,,,,,,,,,,,,056ddf9a2c062edf4270ca4ab66b329f7b1961e33648d0fdca2de5d66fb8f63d,,,
,J001412,1,,,,,,,,,,,,,,,,,,,,,a539d0ef937eb5426bee94e9afdb04dff1faa8e5d92ff5e3d232453d0310eabd,,,
,J002446,1,,,,,,,,,,,,,,,,,,,,,f379a016e3a4ec290bad425a831810535a00ab8b93638e77505ce303be638bb2,,,
,J001576,1,,,,,,,,,,,,,,,,,,,,,8caba9c8fbe5e1bfee626ad3edee60625eea6b976fc2a3b6b5f5005a776d8dcd,,,
,J001508,1,,,,,,,,,,,,,,,,,,,,,5b35d69fe023dac84df894c3db3944b03cd25dd52b8a13d0d5a063cf53f3ecc4,,,
,J002041,1,,,,,,,,,,,,,,,,,,,,,20bea4db8896886bc0d249fe41007f46366d20b40e9e299134e3e18eac5c2849,,,
,J001231,1,,,,,,,,,,,,,,,,,,,,,6c2d34633b19aada88a1f1463f6e284e1341e99dccd854044f8160faa01fd27b,,,
,J000710,1,,,,,,,,,,,,,,,,,,,,,ed48de55f76b6378697675370be75de21fccda1636580ef3dc52d8a6055e8715,,,
,J002976,1,,,,,,,,,,,,,,,,,,,,,3bb912dd2288972a16e267d224219ad2f9ea8de34b34942cfc34d27561b30724,,,
,J001170,1,,,,,,,,,,,,,,,,,,,,,8b49d1eba5f807be95385b99149222bba90c07da00a36c12c6c28e58076dd2c9,,,
,J001096,1,,,,,,,,,,,,,,,,,,,,,762b292ca3c89e11620c0976e84a0f3ba2abef1ceb5ed318b0948c5b828b1f50,,,
,J002831,1,,,,,,,,,,,,,,,,,,,,,a0e9302f001cc2dac4f5c101a2c0c002fedcddc318ed1f04835cc5616eb37afb,,,
,J001816,1,,,,,,,,,,,,,,,,,,,,,21fbc7083fe85371dabdbeacb7cefc7c81e9cf4e0120c0b8029ceee9be86072d,,,
,J002457,1,,,,,,,,,,,,,,,,,,,,,ebab3819a40d15350b01563da0b6ae051720806ef71ee7a0e524ab1bd7997863,,,
,J001317,1,,,,,,,,,,,,,,,,,,,,,872796e803520d05fe10e27859b3764da691557ee583eaced823a9322c39b4c6,,,
,J000117,1,,,,,,,,,,,,,,,,,,,,,791d8a60eaa33b29ca1f5eac36c22dbbe244d9051bd0ba4217f64eba9c551ddf,,,
,J002332,1,,,,,,,,,,,,,,,,,,,,,65abd33f3fba338e2ee24f12d3035fdb2955d8f40f6c6787a6fa2e32e4e7e104,,,
,J001669,1,,,,,,,,,,,,,,,,,,,,,207ea6e2d7ce5433222928a12be65e08407598a8b97b2aabc82e9f5883694796,,,
,J002082,1,,,,,,,,,,,,,,,,,,,,,f6ca484d95703763160eff6b692069676ebb3f2e77fd9b6531021789809d5c1d,,,
,J000389,1,,,,,,,,,,,,,,,,,,,,,d972c0f10c099a0efafaf868968afc02fd46d125c08ee28cd2b8a2da6dd5d901,,,
,J000139,1,,,,,,,,,,,,,,,,,,,,,dc1103abb962c6c3409693e58f7dcd989f1384c85f2651954a8654856b873a11,,,
,J001491,1,,,,,,,,,,,,,,,,,,,,,ab902ceda9645c7f86b27bb3410d9e914cd05853032655740388b2f09f5af7f7,,,
,J002387,1,,,,,,,,,,,,,,,,,,,,,3dc79f8ac4b7e7dd1d15dc0485d10eb939879427a195c203941d331d3f0ef8e5,,,
,J000369,1,,,,,,,,,,,,,,,,,,,,,80f4e1236e331d3eeaf5afdb9d452f5ff90bb846e40b77a95a921105fb79ca8b,,,
,J002448,1,,,,,,,,,,,,,,,,,,,,,7aa42b23f385307b863b395b05ca7fcabbec659212a3992d14d6922316def868,,,
,J001426,1,,,,,,,,,,,,,,,,,,,,,fa25a9df9d493af675a3e5945179de142add146c941565799217a9e5ecee53ef,,,
,J000268,1,,,,,,,,,,,,,,,,,,,,,70f8e10acfbd944a24e0f1a4921a06c28bb28294926eabfba276ef640364a401,,,
,J001444,1,,,,,,,,,,,,,,,,,,,,,430c5a33ff7907a32361a8d534d04412ac8280ef4e0b6dc1dc1a42fb11a948d8,,,
,J000887,1,,,,,,,,,,,,,,,,,,,,,fb0a792381155b469d742df1c6e4c9a69b1c54156806fa0555254ab164982a0d,,,
,J002651,1,,,,,,,,,,,,,,,,,,,,,500c1c7cb9743590bae4945fbc292b92271a66a44fac95f93c349db61b36b592,,,
,J000680,1,,,,,,,,,,,,,,,,,,,,,3e849d4673134ff41084c5b176bed8b306f2b955f314586ac8b5aff32d9dace3,,,
,J001498,1,,,,,,,,,,,,,,,,,,,,,cfce617d6e701398e139b5b6f14e72a2f0e64a85839432f7e10f159799499849,,,
,J000202,1,,,,,,,,,,,,,,,,,,,,,31ec2275d6516cd739f331d5af69e21a51b0e1405c66fe52e0a4dd5712082aa9,,,
,J002315,1,,,,,,,,,,,,,,,,,,,,,25e1b925f3552855bbc8873cc4adaec3f077726efde219ece57d94fc059222b2,,,
,J002156,1,,,,,,,,,,,,,,,,,,,,,054a00c98ca1ab0896d7a391810f5611ffcfbe925882b59bbaede12e6e7db46a,,,
,J001545,1,,,,,,,,,,,,,,,,,,,,,9c0fa6745bc81026a7aaa61a656fcf6ec5689673fae57fee32fe19918e112db7,,,
,J000494,1,,,,,,,,,,,,,,,,,,,,,87556e629a817e6a863361e7621a22ce016d3b8d31cb5a49690ce872b76ef5de,,,
,J000175,1,,,,,,,,,,,,,,,,,,,,,2428915a0cf06cd7086670ca90ab7b46c5e7d0664258f24c16dd6282d2c71e7b,,,
,J002402,1,,,,,,,,,,,,,,,,,,,,,5c8b4f8c5a6969b8ca83073db0f68503c87aa56181d49cb0a28054a0561b2c93,,,
,J002181,1,,,,,,,,,,,,,,,,,,,,,a700d4587d426163b05718c794f34a87852fbae6bfeeed4351de072d28ad40e5,,,
,J000087,1,,,,,,,,,,,,,,,,,,,,,de409f469ab90fd6b7e1bd354adac75b581e978c644459844b7582cf67fd1835,,,
,J000529,1,,,,,,,,,,,,,,,,,,,,,a9c5df51c43c57658967a0636d4b50b942a5c4c9810d2a99e4896be30d41fe41,,,
,J000773,1,,,,,,,,,,,,,,,,,,,,,256e4634e9264fcbf7ea056a48407b5da6a75db0b1e2dee0911f76fa73f636bd,,,
,J001469,1,,,,,,,,,,,,,,,,,,,,,24e4129eb63f91f81ee6dc35997cb762332432f0c6da528fb179055ec69d516e,,,
,J002806,1,,,,,,,,,,,,,,,,,,,,,4b85a10abcf2e0b39dcbc63b6e032e28688f486c50cc1463a14388be71c46710,,,
,J001015,1,,,,,,,,,,,,,,,,,,,,,736a6ab2e416a7ac720449f916252f9d124db428ebf569609e70cb9b7262f415,,,
,J001377,1,,,,,,,,,,,,,,,,,,,,,59c54e195c6263e7022f4e349295f6ea7d6447fa954671e98428adfd5a931b67,,,
,J000458,1,,,,,,,,,,,,,,,,,,,,,9846fc8b1fc3619cc4c621621a22edb16100b180218406452bef9f4ec94c1213,,,
,J000311,1,,,,,,,,,,,,,,,,,,,,,aacddfbf2e97ee5d4128be9572f0b8e3cf9c02d9c3585127d3736a05f4ff21b1,,,
,J001132,1,,,,,,,,,,,,,,,,,,,,,818adeea587ef2e7d5f9702353226f47b0c0be3bf33c65d758eafaff2aafdc74,,,
,J001909,1,,,,,,,,,,,,,,,,,,,,,373f9113bfd42784a8b24827bd3dbb0fce1cda30926626877825dc6c9f1f4050,,,
,J002935,1,,,,,,,,,,,,,,,,,,,,,b810fb39ddad130c82cb4a7a39b562ee42fe15fb740b0f6a2226d16511c6728d,,,
,J002364,1,,,,,,,,,,,,,,,,,,,,,80747f872da5e7b3171a187fb65935774b2ed4767f2a8907ed10ea8a62d8c9d7,,,
,J001417,1,,,,,,,,,,,,,,,,,,,,,d9e51d3d45ce29b5040b7f936104998cb6d3f8e0ad668b7c80d81db681570c84,,,
,J002473,1,,,,,,,,,,,,,,,,,,,,,e30f336d5e4ba9d0f86b061177a5079a8d859baf6530982c4af289cf21526a99,,,
,J001136,1,,,,,,,,,,,,,,,,,,,,,fb86c7232be16bc4aabbe27b064f2f08d64e0c0a499fc66d94278b044a0c1388,,,
,J003096,1,,,,,,,,,,,,,,,,,,,,,9a69a65addd8bede8081fea5e25d4c04306bab87a0145f4db2059b272dd41013,,,
,J000670,1,,,,,,,,,,,,,,,,,,,,,0a924f0825f4f9b83b55954b2208da16ad0d14af7d6d1ec7ee695e9e500d66e1,,,
,J000015,1,,,,,,,,,,,,,,,,,,,,,c42c77ec94d8f5960badb1b34a23b8bbaba27d199cb40eb7a1d69fc8850afb70,,,
,J002458,1,,,,,,,,,,,,,,,,,,,,,6f23932c35e6f5df97841917c477dac6424fbf877abcfc17ecfbf4fb86d62c0b,,,
,J001424,1,,,,,,,,,,,,,,,,,,,,,68ec07dc659bde5380131864c52fe463c3b1c0867a3e10ecaa4a03643c981afa,,,
,J001787,1,,,,,,,,,,,,,,,,,,,,,cd288188126ec719536811baa388f74923a0910aba87052df070138518a20a05,,,
,J002460,1,,,,,,,,,,,,,,,,,,,,,238d8ccdeef48c68f31bf70644a66b3a8ea5332b4f4f915283c54ffc070a62fc,,,
,J000272,1,,,,,,,,,,,,,,,,,,,,,780fd074e1617321de47129d1e426cdfee412effc863264275179c0e0cb78a2c,,,
,J000865,1,,,,,,,,,,,,,,,,,,,,,b96d093a719b7d694981b1a97d4af8903b024e7b86d728bd5a49d41af0112f66,,,
,J000604,1,,,,,,,,,,,,,,,,,,,,,340aea0eebbc3b563354efca58a3e70a1767bace040e31ed5ba662a5eaace283,,,
,J000134,1,,,,,,,,,,,,,,,,,,,,,e61535b5e82ea4e5f2f21e78099298d8efcd2691190d47489ffbb1d9aef1af4b,,,
,J002192,1,,,,,,,,,,,,,,,,,,,,,81da22c4edafbd8dc14ab6cbe27af66e07ee2c80675fb842335904c0ab7621b3,,,
,J000056,1,,,,,,,,,,,,,,,,,,,,,97d08c644bb55fa7bc22bc141b68810931b163cc3115e9cbf6edd8cb9fbc75ed,,,
,J000976,1,,,,,,,,,,,,,,,,,,,,,cfbb4a6b2ebce0eb04524fe411e325788760d7d78303163c3f9c5ecdcdc64a69,,,
,J000472,1,,,,,,,,,,,,,,,,,,,,,35984eda25e859a89c2f0926c4ad2f1f651cc2e35ece70534de2e781da93331c,,,
,J001829,1,,,,,,,,,,,,,,,,,,,,,fc3831def1580b2d1e5f49aeeacfe349a034cadecf07b3c52f2a0026a6e71613,,,
,J000557,1,,,,,,,,,,,,,,,,,,,,,ba7aabf6f7ef9efd6f62d859704cc211418d648b06c84c77978d2175346bc00f,,,
,J001953,1,,,,,,,,,,,,,,,,,,,,,9cb0ddf58282955771ec9aacfa378fb9307c2adb0d34be211c584b5023fe7d9b,,,
,J000327,1,,,,,,,,,,,,,,,,,,,,,aa9a87f34afe15ce90bcb80038d37fc1a19a691e462afa695e141a48cdadc90d,,,
,J002568,1,,,,,,,,,,,,,,,,,,,,,25ad0bbc275369541663cf6573284a0b10d00376f05585d2ee1650d5d9d1a559,,,
,J001362,1,,,,,,,,,,,,,,,,,,,,,364435f9a37514de69fcc8c95bb582943a586c8c812a8f5fbf0bcef26b2b08ed,,,
,J002697,1,,,,,,,,,,,,,,,,,,,,,da903a4da6e50eee68457322521b973f2486c6e9bba70e1549d563f721981af7,,,
,J001123,1,,,,,,,,,,,,,,,,,,,,,2f5ea3196843de6780bd28f6c2259348593b75a83d1139d5a5cb7c9060d0d25e,,,
,J002036,1,,,,,,,,,,,,,,,,,,,,,d809e69ad9d71b3bd064daaf30cd25c662a3c39c4b9dbf2969208ea476b86c55,,,
,J000482,1,,,,,,,,,,,,,,,,,,,,,bdbbc4500544a830782be9e43f208d7be5305c54476148b1b56c452c498f4350,,,
,J000051,1,,,,,,,,,,,,,,,,,,,,,5f8f47928b3bbf634341d466a0b83e46ac3783e91b78be34af4f79c8c1d6141f,,,
,J001658,1,,,,,,,,,,,,,,,,,,,,,bda830b3ea9d4bdb51eef53a0d4f54a38cf58fe5af4725408da1003c41bf32b5,,,
,J000394,1,,,,,,,,,,,,,,,,,,,,,3834e9ffc4d489c88d5125e14db3c5ec5ae2063b1ea902067b783fda087bf2a7,,,
,J001560,1,,,,,,,,,,,,,,,,,,,,,a1b990200d5e9aa954a25b741786b4ec0563555c51cc6641643b594ac10866d4,,,
,J002081,1,,,,,,,,,,,,,,,,,,,,,71cd77b83e128153929060f763be7493f820b108236a91e531c2f559a89e6b22,,,
,J001797,1,,,,,,,,,,,,,,,,,,,,,987bdb3d2f553da4ab7f43e163bbdc6a7520fb2d8ebd8a7e6cb9d9514191ebac,,,
,J001772,1,,,,,,,,,,,,,,,,,,,,,15854d921b2d105628f3603d18207517ab658ebbc0a873bcf11764af7eb17729,,,
,J002794,1,,,,,,,,,,,,,,,,,,,,,08efc862520047682ad96193e51d93f9feeef59fb4abc0ad23acdf5df233615d,,,
,J003017,1,,,,,,,,,,,,,,,,,,,,,b21e4be816d6b3c962f858d678e8174c77bd7768c8e3a7a46ed87d2508fbd233,,,
,J000098,1,,,,,,,,,,,,,,,,,,,,,9fef6c498ba3566f88e3da6a26498748fbb4d175b6c24f25a73d49f8e3fc716a,,,
,J001934,1,,,,,,,,,,,,,,,,,,,,,9dadc72e875c308ec4a2e1eea75215a3bf5ea2e33063ff6e0ad8a9647f1f1ebc,,,
,J002229,1,,,,,,,,,,,,,,,,,,,,,f78c9609258daa0612bf6150e8648bfe43573b3ccb297fca8869fd2b9a76da10,,,
,J001165,1,,,,,,,,,,,,,,,,,,,,,69900e0d10d14c8488de78d6a148a65f9ab407c4170fd01d5224767bdb2297c7,,,
,J001293,1,,,,,,,,,,,,,,,,,,,,,8115aec90729f141ffdc7958c8db64db7de7993e4ea767ad567c3636cae826f6,,,
,J003155,1,,,,,,,,,,,,,,,,,,,,,78fa804ccaed8d78806964ccf15c09f198acb4f0596f753147189b7f7fa13d23,,,
,J001714,1,,,,,,,,,,,,,,,,,,,,,aa0ddfa3338f1970ec84e58c38d0ef083c0bafc9bc3a240458836d125e80e615,,,
,J003142,1,,,,,,,,,,,,,,,,,,,,,88570a497d351f2dcbe4c579ca0ea2bdd144acefb094a1cfffa2cab411d8b553,,,
,J002152,1,,,,,,,,,,,,,,,,,,,,,68d418b0dee010668dca9898eeedfc57908d900f872fc1d9a96068af55d1e862,,,
,J001919,1,,,,,,,,,,,,,,,,,,,,,f65769e32cae66c36901301c77f8c628a5ebb9e1ac2d81586260bf25aaddf038,,,
,J001955,1,,,,,,,,,,,,,,,,,,,,,a301f83f3150276f5d6d7ecde57a19e494a1697686c3bef6161a4952bc13dba4,,,
,J001179,1,,,,,,,,,,,,,,,,,,,,,3aeb605d6f3dfcd74a4dca8a7c2583ca07fcde3c413947da9c0da3fa5d3a8c6e,,,
,J000796,1,,,,,,,,,,,,,,,,,,,,,1e9a6b5ae682d83c05d4062afc0f2b98931fbd0a8309769afa7c2e6141993374,,,
,J000997,1,,,,,,,,,,,,,,,,,,,,,bf8463eac3c079fb480c4e16784c89cbf994d68a2d9471c7b38429cf53f0a9b8,,,
,J000786,1,,,,,,,,,,,,,,,,,,,,,bbd64864ac029c417a23ae197b00005a483a3d9fae04bb04bed0c396c331813a,,,
,J001603,1,,,,,,,,,,,,,,,,,,,,,633da18c26ee5740a5790da08584a6f5991f27819bee3573e5ffc8815cc048e9,,,
,J001307,1,,,,,,,,,,,,,,,,,,,,,2a03d2b9ecf11d9e330c58c2224e2c4793895d890a8de1a70894769408bc4dd5,,,
,J000282,1,,,,,,,,,,,,,,,,,,,,,d578f20ecc6431f442d4d74164fbf1d54480ec832f88252b6c3544428052a982,,,
,J001739,1,,,,,,,,,,,,,,,,,,,,,3c2405833ac7d9148ace8f4da810c31b1645695c3765d6fecbb0b257ec15ce0d,,,
,J002163,1,,,,,,,,,,,,,,,,,,,,,ef6eb4bc53e6859240ff5b3fc15135f25acb710d2a72eade4855d9a33b0724d4,,,
,J001666,1,,,,,,,,,,,,,,,,,,,,,64a28e5c020cccc67ad970d2ac8c92cfcfef674b0226dbb999f75feb74450877,,,
,J002605,1,,,,,,,,,,,,,,,,,,,,,24b280560f180a09ca076e8757a7b2c00af541873eefabc88f4607e89e749deb,,,
,J001718,1,,,,,,,,,,,,,,,,,,,,,167730848a2c7e36bcc7cf6b88f134d4b0d5c653f5ea2b52b380d1fbab0291a9,,,
,J003120,1,,,,,,,,,,,,,,,,,,,,,a6aeb73edb5139ddf32f0b1322cf1de73419c8309318c778e2c0a4be20681c7c,,,
,J001735,1,,,,,,,,,,,,,,,,,,,,,a8370e1df4ba69d1859dae878cdfcec80ed951850e6e0af3adf6bb2142f5a03e,,,
,J001111,1,,,,,,,,,,,,,,,,,,,,,99005a8238c5654e111afd58a47c82e94f24ff92f6e7fdef5c46e8713fbc9bf7,,,
,J002211,1,,,,,,,,,,,,,,,,,,,,,e99eaff6b4ce7c89dd63262c764e815188f76f547f61c81f2c154afb52af2841,,,
,J001932,1,,,,,,,,,,,,,,,,,,,,,1e2481082d026eb6bcf507e23b2e01dd5a2151ef001eb09462b7490840052ef9,,,
,J001133,1,,,,,,,,,,,,,,,,,,,,,768c0ba0322f034b6a13063d8b588fd2099e03cf1fa686209cfe69e21b081cc7,,,
,J001663,1,,,,,,,,,,,,,,,,,,,,,4626bbf0b0345989e1614fc08267b57692b83ff8cb7c7e3049417009c200543d,,,
,J003047,1,,,,,,,,,,,,,,,,,,,,,220905d48dd4a45873c08c4166c57df54b3505206e3ba56b939fd7d6b3feb804,,,
,J002780,1,,,,,,,,,,,,,,,,,,,,,da0f856164aec97e73dd14993027bb80a68be47b8e9c56354f5764df89e5414b,,,
,J001076,1,,,,,,,,,,,,,,,,,,,,,c9f34c50e41eaa4a7a1124392dc6a0ca000d89bf5e88897ac73b6728ed57505c,,,
,J000988,1,,,,,,,,,,,,,,,,,,,,,585edca76dd8baaf2cb04f8e501022c3614566a4f650b17ab80e7fe9393cc651,,,
,J000844,1,,,,,,,,,,,,,,,,,,,,,ebd11daa4b18df29056bc51f1e17d0cbed7a1a5ce56778b9704c6b9cb7edb4a2,,,
,J000675,1,,,,,,,,,,,,,,,,,,,,,846ecd07641f726df2ba297af60adc85401f4056d890d6fe6196a655e7351220,,,
,J003042,1,,,,,,,,,,,,,,,,,,,,,2f53d62454489dd58eeaba37a6c8cfff51c1111ec54d486cfa56f142bcce9514,,,
,J000510,1,,,,,,,,,,,,,,,,,,,,,b0822761ee568aea62c3d86e30fa0c51d9f5561de2901aab9f325aede1efb774,,,
,J001639,1,,,,,,,,,,,,,,,,,,,,,15c8fe34bda93294a449fd441a226ecc2a9ada6f33966801547279a40ca3686a,,,
,J001176,1,,,,,,,,,,,,,,,,,,,,,e31cac6abdc342c60e060a4282aaaac043e88fea2e59fe3e7e29cc858bf72837,,,
,J002386,1,,,,,,,,,,,,,,,,,,,,,ff287b069991d85dbaab2d575e791ea249dee0326ca28034b0921cba29462eae,,,
,J001175,1,,,,,,,,,,,,,,,,,,,,,099561f3a4bd3b5b9cafd23ae3c02abd04a03aebf70a5da7ebd0f809e9360031,,,
,J001236,1,,,,,,,,,,,,,,,,,,,,,323969a68133e7372d90abc97ceafd1d9738b045e4d906b63f647fe7030ade30,,,
,J000502,1,,,,,,,,,,,,,,,,,,,,,f4bf563b2f073b0cab8aa15216decc57efa5f79bd8423ef2484b3e54fa6ba761,,,
,J000957,1,,,,,,,,,,,,,,,,,,,,,c5b66e48be8dc8eb3897cd7a69082e9670d869c25aacb72ddcbf3f195044e755,,,
,J000598,1,,,,,,,,,,,,,,,,,,,,,9ef27cd3cbfc588e5165fd36940834e6b7f1fe190dde8eb29b8b19c3c8704b45,,,
,J002129,1,,,,,,,,,,,,,,,,,,,,,a5bbaa7d7840d0c5bdafa0a4c95762794f2fd9c44fe7350f6c172b4c5d70ee81,,,
,J001670,1,,,,,,,,,,,,,,,,,,,,,00c05a5ac3b2be16356930bc01c8ae67e1c2e9d2d34a50401621e627a9acb78a,,,
,J003111,1,,,,,,,,,,,,,,,,,,,,,85c1a43eba2b05b22e8c0796b970c33658fb888b196a27cbed8b87bcced93293,,,
,J002835,1,,,,,,,,,,,,,,,,,,,,,0ef033d77e280f9982c42fc2c812780dd75b36303a0980597a64a049c347cfcc,,,
,J001813,1,,,,,,,,,,,,,,,,,,,,,a1017754a63bf092b6f3880b593a2d736d9457e618cad3c26144f186069a17e7,,,
,J000048,1,,,,,,,,,,,,,,,,,,,,,554089e19218ccbf1c7aff06105a517a449942843c6f30fa76c2559643da1b68,,,
,J003025,1,,,,,,,,,,,,,,,,,,,,,8be64958250dbc79a647820d6d361996844c185b11d4b564e94e9a9e6d563f82,,,
,J002596,1,,,,,,,,,,,,,,,,,,,,,6a0e9d8a61158bb299e4839d38ae211b7657d8d09b69bbb15b3f924a71e5c1b4,,,
,J001638,1,,,,,,,,,,,,,,,,,,,,,34ace3af7e841c0977150070ba1241854a7e25edfc2510eda43eab0f9fec5cbf,,,
,J000111,1,,,,,,,,,,,,,,,,,,,,,3ced4a765d8e5ef881b4fd96a286ee8c2091ea4a147d400c3ca5d395e3d8b7cf,,,
,J000823,1,,,,,,,,,,,,,,,,,,,,,729402e5d8430f08d0f087d6c9ef5ab37a2c72ad6859c3bfec7fc310c9c19c5c,,,
,J001616,1,,,,,,,,,,,,,,,,,,,,,38228e09772b3a818257ad0607d685e5fe06f0e6d112fe78a72567ae2612367e,,,
,J001462,1,,,,,,,,,,,,,,,,,,,,,466d67351c9ad5c4850f7813b2e6f7450ac5552a0874c20bf7cb4d7dfa45a849,,,
,J002154,1,,,,,,,,,,,,,,,,,,,,,5c674f3b6c5ce7b68a61f396afe6644f88189b603da9ba211373ee6079ec929d,,,
,J000095,1,,,,,,,,,,,,,,,,,,,,,41fd6998d62b0b63c4048a779749ecaafd2b47513b9c84619b44acfb070689e6,,,
,J003116,1,,,,,,,,,,,,,,,,,,,,,a6ec8082371972143bd9cac41709f834fc71fd475c85d22ebe9137d93eee9997,,,
,J001931,1,,,,,,,,,,,,,,,,,,,,,d371198aaa20a2e552b2834ea033ca4328197381d2a699a37ddd283f5ad4df55,,,
,J002240,1,,,,,,,,,,,,,,,,,,,,,fdce96e8df5b67409a88dc68debba910c17f7b58bdcff4f6dce2f106b31158e4,,,
,J001154,1,,,,,,,,,,,,,,,,,,,,,916288721ed8543543b194546eba46a6f18433fdb23dfe1016aa3aa9a7ec73f7,,,
,J003144,1,,,,,,,,,,,,,,,,,,,,,b22b0080c66c480ea32f54502254fe8a6b5864b643bc5aa35e1ddb161d3ff320,,,
,J001945,1,,,,,,,,,,,,,,,,,,,,,8bdd2888fde0e445dc47755f49897c341ba06edfe2a5f82e2e5893c191399d1f,,,
,J001021,1,,,,,,,,,,,,,,,,,,,,,642a5c4ddde0a1f3c3044b1114cb35223de486af3d67c9b6b3ee59d3cc9665a4,,,
,J002444,1,,,,,,,,,,,,,,,,,,,,,445a89dd39cd40371ebff1dd59e90008251eb5f8a69bf8cf6a522820279f7b1e,,,
,J002135,1,,,,,,,,,,,,,,,,,,,,,3d1845516267080100de83425dd0968e113bb559160b2fcb6861606861c377d1,,,
,J000298,1,,,,,,,,,,,,,,,,,,,,,b18ea8327c6603dd644dcf52fc1bd663fed524e423be85abb816f26b8558fbdf,,,
,J001711,1,,,,,,,,,,,,,,,,,,,,,167a25e3d3ba671e50be63270dd3029980f8101b1bec85e6a575c058699d81e3,,,
,J002947,1,,,,,,,,,,,,,,,,,,,,,5dd31a479759d30616be190e50fcdf9c225e5e7e619972ca9add543cdb6072d3,,,
,J001882,1,,,,,,,,,,,,,,,,,,,,,95bf77274e0dcaa04dbf00170e1fb27499b4eeea4abb407cd109cda51f7560ae,,,
,J002646,1,,,,,,,,,,,,,,,,,,,,,e3492b821f6df8331306cc967fd793a7a169854a45af3edd5cf3eea7c971b919,,,
,J001030,1,,,,,,,,,,,,,,,,,,,,,edac72c4c13700cf596600fa8c8eb58ec5d7079ba30e2e6fdd1e75887bae74b4,,,
,J000079,1,,,,,,,,,,,,,,,,,,,,,cd1553dd986877b0abc3abc605d804259767e99a84bb0e607ad308c47098f06e,,,
,J000253,1,,,,,,,,,,,,,,,,,,,,,1f43f2fe800a5d08a684d330c7ea6c15f38319c56aa2a22ddc9e37e41c858f1e,,,
,J002365,1,,,,,,,,,,,,,,,,,,,,,c7c8526d24b405620f344d0b385f13b56bf2e91c9d6fd03942919d26f8628c2d,,,
,J002950,1,,,,,,,,,,,,,,,,,,,,,5f654d42d91c7c651eb17e726491310118129ae8fc9b3952134ff2d2508ac915,,,
,J002502,1,,,,,,,,,,,,,,,,,,,,,81f851f5811d4607e819912c361b60e2cf4070f683fa6fe0a01550190eedbb69,,,
,J001495,1,,,,,,,,,,,,,,,,,,,,,afabf5fd8d5b0ae8b10fda0d4dc18939d9e6985f1fb845730e2d97092cbec0c1,,,
,J001425,1,,,,,,,,,,,,,,,,,,,,,03fbf3851b48449a836477c3b0d7eab5a3895930413e1aab3e8154ba40d404f9,,,
,J001832,1,,,,,,,,,,,,,,,,,,,,,6ef32fe99f9669a502419c15c94cb3349d00aa473e4693a2dba721d761effd10,,,
,J001796,1,,,,,,,,,,,,,,,,,,,,,d9c58f965b006e6a3d521ec7f03ada0586e93c588f07a05ccbe1af8367ba9d2b,,,
,J001879,1,,,,,,,,,,,,,,,,,,,,,483e6132c21edbfbe673ea48311e0884fc81c58ebf5ee35fe1e36bf927f9eace,,,
,J003106,1,,,,,,,,,,,,,,,,,,,,,97d1c7da0a434be71abd6b6b585507ad8cf169061184f25adab4530e0ed201d5,,,
,J002529,1,,,,,,,,,,,,,,,,,,,,,e6ac2ac02e126b7f0d3ccf28c0e388e7bfdbeec1a75d6dd5f5e5f6770dc31d75,,,
,J002994,1,,,,,,,,,,,,,,,,,,,,,93fcebd431ea149e8905e67ceb5c4ac9acd49529479a22b3690127ffd7d54cf8,,,
,J002880,1,,,,,,,,,,,,,,,,,,,,,a44ef45657d4c0f91d0a2be310299d37f119d9dca1b29acffd04a108d44f18cf,,,
,J001212,1,,,,,,,,,,,,,,,,,,,,,bd494d6d3ea91a0ff3955b4569378069c82e820f17f692d6268a52cc1230740e,,,
,J000935,1,,,,,,,,,,,,,,,,,,,,,d149ed32b91c2a8f620a7f6b412eeba9dad740f4d6f0f9219a59442cbdd393a8,,,
,J002024,1,,,,,,,,,,,,,,,,,,,,,5f70e874c66cfc1201a1e992912f738c5f1665da498e6abddbba273b3361c278,,,
,J000652,1,,,,,,,,,,,,,,,,,,,,,1c0d75c5c1f7749557de0cf4913d5b943efe69cbd4c78e0e708ee9e2f26b4726,,,
,J000574,1,,,,,,,,,,,,,,,,,,,,,1b34f86f40689bfe400a27b873a7cd47edb7c579c2bbbed3ab380f4398cea8c9,,,
,J001155,1,,,,,,,,,,,,,,,,,,,,,67985d33616f0c4ed9fa1d8bf79182d94310af77698477d650f8b1eedefa03f2,,,
,J001701,1,,,,,,,,,,,,,,,,,,,,,3918c7cd30e2ec6f9038b4a2cf54da4388958f406d1093d06447148c4bca1ddc,,,
,J003129,1,,,,,,,,,,,,,,,,,,,,,6af1d103b0af7561747b3296b456d9f7b79a394eb8941f1ef46f0fba0146bff9,,,
,J000038,1,,,,,,,,,,,,,,,,,,,,,dd5cce009fe3dba5cee428f4fddf069fc5d46276f9d8545169ec3b3560401fab,,,
,J000308,1,,,,,,,,,,,,,,,,,,,,,a1286cf2310bcc8d2d21d0c81a6f0d1952bb7f64ecab79d280605405961318f4,,,
,J000869,1,,,,,,,,,,,,,,,,,,,,,64b2d48582b86771afbcdb84722200969c928c12b7601a87d1dedcf18ede2c57,,,
,J001798,1,,,,,,,,,,,,,,,,,,,,,035a7628999e684e5f66ad44e6b2239bb685fb2708d0551f33792d58fadedc0a,,,
,J001220,1,,,,,,,,,,,,,,,,,,,,,4a811edd154465917e83101cb379adc986f3fcb3153373c845862e92ad0b44cc,,,
,J003172,1,,,,,,,,,,,,,,,,,,,,,a683b4ee0b24a1917eeb476703333ae6b7c899961d7befc57a26e04a6bc71567,,,
,J002249,1,,,,,,,,,,,,,,,,,,,,,9684080e30ec13a6fc11593a7ff62a7ffd3105753ede888d08693aa9b69cfd7e,,,
,J001400,1,,,,,,,,,,,,,,,,,,,,,2ce4d2c67e362a8ab8c37933da0a1782df1f0683eaa8cf0aa090eb53aa5c42bd,,,
,J000904,1,,,,,,,,,,,,,,,,,,,,,a1c8f3e8790b2544f6442d52bb6389f078cf21097c9f27b22148316af5a1fe1f,,,
,J002921,1,,,,,,,,,,,,,,,,,,,,,f4bc462f652166efaeda4f2a8eabcb31344015a2d9b7517f6bb286e9e265b39c,,,
,J001534,1,,,,,,,,,,,,,,,,,,,,,ceb3dacbfc3ecb6629cc0517f3b03ebefd4252399804632645705584b04dd673,,,
,J003137,1,,,,,,,,,,,,,,,,,,,,,1159e612b4bedb3ce3b014e6f4dcd5c4394b1209b592256233fe9cfcd28a6180,,,
,J002306,1,,,,,,,,,,,,,,,,,,,,,56724245270d514de03606ad154e4b92e172956ceb2cf7ab49435111cd40d1d2,,,
,J000420,1,,,,,,,,,,,,,,,,,,,,,dfa3e03655b1286dad475334e2e5b9c751fe6fe6f168d39951119e658c4ddf10,,,
,J002188,1,,,,,,,,,,,,,,,,,,,,,9e2ee05c2533b2271ea315da914f461e709db5b9a27e9293499838025913b4ab,,,
,J000654,1,,,,,,,,,,,,,,,,,,,,,cbab633ed963412490c3631d3a76e7e4d109d1b6b703da310ee82afcc4dc31e6,,,
,J001164,1,,,,,,,,,,,,,,,,,,,,,59e16582a1f45d09003cc14462a90136f13eb628599266e10ead9ecf9fee264a,,,
,J002945,1,,,,,,,,,,,,,,,,,,,,,1cf97c18c9a34384a78088cafa46f6855fa2c45998f779ddd9e9de31e461874e,,,
,J002487,1,,,,,,,,,,,,,,,,,,,,,fc863472f6fb3bd4fcf296d5d16f946864ef04094a40bfef01de049750512eee,,,
,J000832,1,,,,,,,,,,,,,,,,,,,,,02eb778bb0598b386daea834795a4aef9b2313345da720b80be6ef4c1540743d,,,
,J000981,1,,,,,,,,,,,,,,,,,,,,,30f0b2bf9c8125f065bc05f15e227c0deabd7c304b15a1c2566ae1d0d5a94f13,,,
,J001539,1,,,,,,,,,,,,,,,,,,,,,f0ed08af69494c30bf587020334163e1a1a6ab20e09328d6b49aa5d8a1e09834,,,
,J002617,1,,,,,,,,,,,,,,,,,,,,,907f6a0095f9e7885004dd74d570f83e9dcf41e623ff2c9920e2260637a6809a,,,
,J000324,1,,,,,,,,,,,,,,,,,,,,,b5c0668e83e72e806ac6113cadeae2fce3e0d8c6400dba97313c56ea9944f47d,,,
,J002225,1,,,,,,,,,,,,,,,,,,,,,d68db0590e71538446ed331a4bff65ac9219821aff1300a01c39c1383600d736,,,
,J000403,1,,,,,,,,,,,,,,,,,,,,,7fe37ccd5953260ec823799527d75efe6708e2dbdc82f6f81dd6b2b7f1172e15,,,
,J000192,1,,,,,,,,,,,,,,,,,,,,,e32d09080845736df6fb9944e88ac759d92dd5a6a59ef061ece2ec7994d3bf3d,,,
,J003092,1,,,,,,,,,,,,,,,,,,,,,a1aa3b7f4a6effac2a3d653d19a3134b7000baa8ca526bbcdec7169e75b086d7,,,
,J003091,1,,,,,,,,,,,,,,,,,,,,,5380f6ada101e09803805be9b8a6df9afa82a932052d47b483568034360032b2,,,
,J001145,1,,,,,,,,,,,,,,,,,,,,,bb89711d2dd77d860c37913b14b5b9ce11969a87098a4cf434546d277a9ecda4,,,
,J000579,1,,,,,,,,,,,,,,,,,,,,,c9c76d8a2a6178e36570b832137cd2f31f68beca88632b128633e59edfeb852c,,,
,J000366,1,,,,,,,,,,,,,,,,,,,,,9a63d286313e9069edc5f3755096f89874a37941aba56d1d9b784a165745218c,,,
,J003036,1,,,,,,,,,,,,,,,,,,,,,32f76834a2dd4a2e4b4a1997d60b66fcfdefa38d8ed561b118faa5da71d43b9f,,,
,J001363,1,,,,,,,,,,,,,,,,,,,,,c013687e01a69d22565497dd1c3e3ba1eeca0409b4081b51d5060c3b8eaadafc,,,
,J002051,1,,,,,,,,,,,,,,,,,,,,,977d331e6ed855e60774157b34ed818c09f43e5a870b38fe99968bb93413361a,,,
,J001380,1,,,,,,,,,,,,,,,,,,,,,e96817180cdbbf58e2bde5795ba3ed2c65cea30e9aefd485e28d2cf55bc9eda7,,,
,J001683,1,,,,,,,,,,,,,,,,,,,,,276c9c13c1c5c38095ba6bbbfff33c8930192a93a8b12f5db77fab08f4fc6ad0,,,
,J001537,1,,,,,,,,,,,,,,,,,,,,,71378135a72a94af6052cafc6e7bdf35e85a22236ac5efe373b74d535807de72,,,
,J001068,1,,,,,,,,,,,,,,,,,,,,,03188f2ad6ee6f1865ddcba0897d13d4a696944234c568068ba87bcbe3bb7d35,,,
,J002395,1,,,,,,,,,,,,,,,,,,,,,e34bfe886c753575c58edf2a6b36bd53830f8d47183ce467e843a6cc72f0c702,,,
,J000995,1,,,,,,,,,,,,,,,,,,,,,e9cad4e75766d2d7d768f7868c2be329ea4e7e39a1da59919a91046f03994a76,,,
,J001630,1,,,,,,,,,,,,,,,,,,,,,4f72440076c9e1bc999973bc511c8f121667de30ffcc53358a5979bf1503a30e,,,
,J002011,1,,,,,,,,,,,,,,,,,,,,,d3b7b8acb52946221ecd858c87246e20f65644cc23271d99d59eb709d8552a67,,,
,J001826,1,,,,,,,,,,,,,,,,,,,,,b68b5f63fabba69cae93f83077bb69e692f887df5a7670f1d918c908edfefb95,,,
,J002065,1,,,,,,,,,,,,,,,,,,,,,a29103fd3d1d1cb1db43110ac4e8446c3ceef27da73df81a62df2ee504470310,,,
,J000060,1,,,,,,,,,,,,,,,,,,,,,aea49c84c7cc340c441725554f38da412efea7eb8ce922a137395b44859cacb6,,,
,J003008,1,,,,,,,,,,,,,,,,,,,,,ba548633e61245beffac392ba24a928e5acd6684fe44a987b85715f54974e1aa,,,
,J001793,1,,,,,,,,,,,,,,,,,,,,,460d8b715dfd549812bc1198cd5364f561ba8d1fd765120ad20dc26125653e3a,,,
,J002868,1,,,,,,,,,,,,,,,,,,,,,c95856cc07c539ae36bc5cb78e9b3d15a99416c095eca90de26c8401bb603d92,,,
,J001353,1,,,,,,,,,,,,,,,,,,,,,f4ef812817e41549e1a56eb76c8c1e27a9d1d8922c099190d474856b1a4e53cc,,,
,J001394,1,,,,,,,,,,,,,,,,,,,,,1fe8fe416676b40bd253eb5b4c74b173356819912b0d129eab9304ffd1ec376b,,,
,J002773,1,,,,,,,,,,,,,,,,,,,,,a44cbbf039c724ebf769b91f458788a76ebddd4dd2c2a2750049313a7c8e57ff,,,
,J001479,1,,,,,,,,,,,,,,,,,,,,,a1a53b3a02cf239d7bd0e3793113fddd294333028698fc7744f4a6fd2fe6b842,,,
,J000524,1,,,,,,,,,,,,,,,,,,,,,6faa99ed223797b037bd311a266a5e897eea7e327a5e0c24247b8e0dea6dd15b,,,
,J002849,1,,,,,,,,,,,,,,,,,,,,,04d219118a5ad7b03d9c9e114fd377a978c20417f9401b284bf2514e2aeb802e,,,
,J001187,1,,,,,,,,,,,,,,,,,,,,,d0e8f03163f8afed9389f831cbdf9f98a1483e14a9d9fbaed837ba032d75f560,,,
,J000184,1,,,,,,,,,,,,,,,,,,,,,0d4a50e701b9fd6dd1fcf326ea65d7a6184d688e33ad62d0fe360f20a6c8dc74,,,
,J001396,1,,,,,,,,,,,,,,,,,,,,,15a2c31dc0df5b00d1cf7e176da5b3caeccbe198155bd82ff5cc07b23eee537a,,,
,J001972,1,,,,,,,,,,,,,,,,,,,,,36ee4b36157ffb0b50bfd59a34c24dad9cbee43e29174f77d4470b5aab87def1,,,
,J002101,1,,,,,,,,,,,,,,,,,,,,,d3e503a0dc1a11ccb7ce6153c2c6c0c05533e130322ecc55ca784ebb7ce7136d,,,
,J000257,1,,,,,,,,,,,,,,,,,,,,,49c1e0ea39b240af7d862ccf875d965dd8f891026b645e44e7a0034e7e94b2ba,,,
,J002247,1,,,,,,,,,,,,,,,,,,,,,0faecdfcc0a922f2e73879cc96befb7f8499ebc3963a1464e76592b33a6d1f08,,,
,J000644,1,,,,,,,,,,,,,,,,,,,,,b3ee05ba14fe9fbc91942c9d5a5777a54576762d6236ffeace82590fbaf10e40,,,
,J001463,1,,,,,,,,,,,,,,,,,,,,,948e32bdc1ba471704b913bc622b3397c477bea4759b67f8541b3797c48a2a4c,,,
,J000123,1,,,,,,,,,,,,,,,,,,,,,b0a696fba13f2429568914e57fb486d92a8c65a553fac31ce8f0c176f440564f,,,
,J002092,1,,,,,,,,,,,,,,,,,,,,,7de26173af0d0b980d1076d293a4bb6d05883f7dfa7b010190dea2ee2f9c8dad,,,
,J001802,1,,,,,,,,,,,,,,,,,,,,,4c41a973cddff58b8930837b8b680399140c9eba7502a6b546b4cad1e7cc547c,,,
,J000270,1,,,,,,,,,,,,,,,,,,,,,55215a89b2dd843da6a26a1e6bf27d90fb7b266f611c83cd12dc605510c41329,,,
,J001449,1,,,,,,,,,,,,,,,,,,,,,dd504463d7e42a352d54db5cf648583f87743d9c85b4d98b23d2ac7e241f780c,,,
,J001654,1,,,,,,,,,,,,,,,,,,,,,10b942f24f38254af1398e17be8ac72db1849f5b3ac49b5bd843928d31868440,,,
,J002489,1,,,,,,,,,,,,,,,,,,,,,1a97c0979667e0918a39bdeb9c37a1dea453b2b16d9092b9ed901e96865ba14e,,,
,J000131,1,,,,,,,,,,,,,,,,,,,,,04ad34a17801133a3e1ec02b03c71bd5a6beb4b6feb7f7acf6b2cb7d1953c66e,,,
,J000188,1,,,,,,,,,,,,,,,,,,,,,8a4a1038ca2f4bbd6a12da5dfbff4ae27aacb042954e605cf9b6885ccc1ec1ac,,,
,J001819,1,,,,,,,,,,,,,,,,,,,,,843112edd631315b392b8b5dfc76dbe3fcea97781b12dd2168ccdc3b3387c65f,,,
,J000554,1,,,,,,,,,,,,,,,,,,,,,75fa2e38512940e45a955ccf7ad3c2fcbf8bab4a5e241bbbe0d6ecf51929186b,,,
,J001938,1,,,,,,,,,,,,,,,,,,,,,b598e0bb3aadccab51c1933c3ae02ae5390e7d62b4489ff613f9871a40accce0,,,
,J000052,1,,,,,,,,,,,,,,,,,,,,,740345846f9e6a47941130b7063c2f49adc57c5b55f2f44f38c7de4e1e0c321a,,,
,J001625,1,,,,,,,,,,,,,,,,,,,,,a6ba5a1a4257dd5fbba1ab5fed9bddae1b9a3be397129e36b7c20e6abc746f6a,,,
,J001241,1,,,,,,,,,,,,,,,,,,,,,c2c185ee8375acdb54a10d9690a57acc8ded1858edcdca9a358df9d5d7b7132f,,,
,J001470,1,,,,,,,,,,,,,,,,,,,,,b7fdffda2a08bb2f057913a65ef80f2b6ddaeb6678aab02f099d68eb7aa922b1,,,
,J001612,1,,,,,,,,,,,,,,,,,,,,,9d15d47179c11886ee854d1a03a78bb0191af2788f614006f7378b519a185551,,,
,J002498,1,,,,,,,,,,,,,,,,,,,,,7d6d1046fdb1ab2febf05a6a4e981d6efff0f7e79cc141fbd982cd451f118568,,,
,J000103,1,,,,,,,,,,,,,,,,,,,,,c269e0165c5e48b04b06766464e3dee2ee4e689eea2f1a31552178cbb2afe763,,,
,J001863,1,,,,,,,,,,,,,,,,,,,,,990fcbc00d15c7042aa0df6799590bc41037dd809cf35655616da1be034ea213,,,
,J002227,1,,,,,,,,,,,,,,,,,,,,,25fbc6f541416cdfd3d232448d6628e30ea64da1569448764fbbd8914174310e,,,
,J001392,1,,,,,,,,,,,,,,,,,,,,,c9d2f14d0120c27b92242f1d097818a0810a44d02db20cdc80fe720904f89d06,,,
,J002070,1,,,,,,,,,,,,,,,,,,,,,4229881be6c97916b738f7808d3623882f06bc20979e9ba4c930b62c64207697,,,
,J002565,1,,,,,,,,,,,,,,,,,,,,,7c58f7f2d78b5d5b3dba568cbea990b1a9bae65d78184f197266594f4da6c6db,,,
,J002125,1,,,,,,,,,,,,,,,,,,,,,ef25be0626aa35814e2c2533fffa62dd0ddecbc7b9d93bdc154d21a80adaeb42,,,
,J001437,1,,,,,,,,,,,,,,,,,,,,,1b69b0e4ff1dfdcfd23634c4cb1e0819fa98404cd7de3c397ccb190261ad5eac,,,
,J000729,1,,,,,,,,,,,,,,,,,,,,,cc7c71dff0f458bd72e5d30b32abc3ee7998913345a3be1b43b62752ad47c17f,,,
,J001308,1,,,,,,,,,,,,,,,,,,,,,a96055e8349a48e16511ed818fb85a0099a52a0f5ef6be4a34b9bad2b8d619f0,,,
,J002141,1,,,,,,,,,,,,,,,,,,,,,bfc3831e9d59400ca25886b8cf455616f349d806ff08be6ba5f2ced0f8f24a7b,,,
,J001314,1,,,,,,,,,,,,,,,,,,,,,a9781fe13c6c7f113de3c51c9e92286584fb25a10cf71b0e3e773f748f2d6117,,,
,J001184,1,,,,,,,,,,,,,,,,,,,,,538809fa4bbf99dd7be2d6eedbaadb48f87c28732e69c2ed73579d3fe4d1682f,,,
,J001904,1,,,,,,,,,,,,,,,,,,,,,5f8f83c806c6897b3d8e335f62b3e32dc045f0fd1ae6aa5712e1e384aa8e60b9,,,
,J001069,1,,,,,,,,,,,,,,,,,,,,,a609019376913b3e1ce2eaa01d13df11fcd073bc15e35c8265b052ac43be79f1,,,
,J002007,1,,,,,,,,,,,,,,,,,,,,,515868c2b558aa6b591b4d3ba5bbd0b020d60228d02fb4115f6bf7f9356c5b15,,,
,J002939,1,,,,,,,,,,,,,,,,,,,,,3366961d6b7770ce094084d2477449f53b0240766de7e7f306672730c779f960,,,
,J001759,1,,,,,,,,,,,,,,,,,,,,,a5250997fd811334133063bbaa238cb9764621783dc9ca491d38ad8b484e8dfb,,,
,J002802,1,,,,,,,,,,,,,,,,,,,,,1f389e84ab1f65179c10dbafd3fd21ba4f028dc601434a8bdde7e52602598aca,,,
,J002015,1,,,,,,,,,,,,,,,,,,,,,a26fb78f2a28f9b82020ac43e29b6be8915fabf60264afe093e87eeb253aa0c2,,,
,J001944,1,,,,,,,,,,,,,,,,,,,,,5e629c568d2ff4f69dfd6ef78c2840f41d381fea1ba4995e21ef3ee6c9cbd1fd,,,
,J001827,1,,,,,,,,,,,,,,,,,,,,,ea82897098e75c8fcfdb5f0de45596297cd4e54b4cac5fdb0df7a7235d3acb46,,,
,J002279,1,,,,,,,,,,,,,,,,,,,,,cb916671cdec180af934fdba22727e1d039f1ed94df73ad9b1c68fa8a1c3c999,,,
,J000061,1,,,,,,,,,,,,,,,,,,,,,a6b40b7fb373b928d7d4eb68ad245635c2d97cb152524be7e7a5ce64a3ce4d4b,,,
,J001306,1,,,,,,,,,,,,,,,,,,,,,21640bf396c927d01699650bc7c7e898703074c127259925ad259d0664372616,,,
,J003112,1,,,,,,,,,,,,,,,,,,,,,3b4a5531757c51aeb5aaac77a806a551c2aefa15fb35af20838b52cdda47580d,,,
,J002645,1,,,,,,,,,,,,,,,,,,,,,919265e5f1ee174fcab9aedc0a057150bc5d437a077cf939db6a17956df79a9d,,,
,J000220,1,,,,,,,,,,,,,,,,,,,,,55c1480ab3ca1608ec5bda1caece70592bb753a703f2cfc9351564bd0da37c09,,,
,J001117,1,,,,,,,,,,,,,,,,,,,,,94a934d8724092c0cf85a10aa1f03abcd94672324ab72b8ea771e0add50c217b,,,
,J001531,1,,,,,,,,,,,,,,,,,,,,,c33f1f1c6fa375aac57c3a1d53b5b9f5410967dd296c353697ac4bd8a7bd8a1b,,,
,J000497,1,,,,,,,,,,,,,,,,,,,,,efdaeb23e6056d8228f52cda5ce95bf1e472aa2bd0b5efa1daf41ccc0988b7e3,,,
,J000553,1,,,,,,,,,,,,,,,,,,,,,8cb4093a956b08b6e578968ca6d12a801fdbc9b6bc93510e2a77c6e1f6bcb91b,,,
,J002983,1,,,,,,,,,,,,,,,,,,,,,c5a1fb6838b113337a84dc4e2e2b5403123465850b10f6fae758e9e13b002dc3,,,
,J002850,1,,,,,,,,,,,,,,,,,,,,,4115d674d377f28aa21aca9f14272da1317ee7f22a6d9013a8d719a4c143cac9,,,
,J000731,1,,,,,,,,,,,,,,,,,,,,,fcda056bbf53e61ae4c1c56d3eb2d1fae546a25894443523c3f9f29c0d45aa15,,,
,J002197,1,,,,,,,,,,,,,,,,,,,,,363dccaceed53715c5e7ea38a1cf68a296d4a1aaa81910230725b77826a4c7ff,,,
,J001824,1,,,,,,,,,,,,,,,,,,,,,bf19ab23fb8732726eeeb9f6493947cfac0fdcbada752af3b1554a4720587377,,,
,J002054,1,,,,,,,,,,,,,,,,,,,,,a4e187db2799a1d6a01249dcf0d01117d8e4723ae644587582604aaef9ddbf51,,,
,J000416,1,,,,,,,,,,,,,,,,,,,,,60276fef2df555430918d754c1d15510c54b2e3145af4b20fe361bb37d01a49f,,,
,J003110,1,,,,,,,,,,,,,,,,,,,,,14f4c4336faf41c98d1503df08404d90f68ea8c9cbed615a5fe97c535416b948,,,
,J002405,1,,,,,,,,,,,,,,,,,,,,,e37835f0da713d6e139f42ca7d2fd6b8c84c7b89c076a19aceb957f86207662a,,,
,J002359,1,,,,,,,,,,,,,,,,,,,,,82104f3cb82082892d2df6f43091bdd7bd590331ae38c86f6ccaf1428e814976,,,
,J002186,1,,,,,,,,,,,,,,,,,,,,,139812b983e9903878a2fabcf99e125e00b048687dedc6c3c5d1d5605ecdf3ee,,,
,J001682,1,,,,,,,,,,,,,,,,,,,,,c501c593c96488b9aaa219336d9a317e04a62d70df47e01c0ca62c35c56030a8,,,
,J001295,1,,,,,,,,,,,,,,,,,,,,,3f5c462ac83d8a3cacad0605009ebfd03cb7a92289f0f5262a36fb585c0c77f1,,,
,J002775,1,,,,,,,,,,,,,,,,,,,,,4bc7560090857a490116d827191fa0f2ef811becd676cdf58a6a18b80d068e64,,,
,J001259,1,,,,,,,,,,,,,,,,,,,,,169fad2f280d1e2551bdc257caa3b195b367e71b015970dd7afe11238f1df51b,,,
,J002785,1,,,,,,,,,,,,,,,,,,,,,5355ef41f68033ee65a132fe3f6a28e2c2c7e3d2427bd542363676de9ce332a6,,,
,J000437,1,,,,,,,,,,,,,,,,,,,,,a27799f65b1c6e58d488e85c6e2f6252ab6aa7386ba1821c42a626bfc3d0695a,,,
,J000176,1,,,,,,,,,,,,,,,,,,,,,c86ef297a1e90703e7728921cd4d28d219a202d555b2b6426938f03d9248b457,,,
,J000842,1,,,,,,,,,,,,,,,,,,,,,ab453a276d56b47cfd44f4fa3890746f138801e44699885acb570ae1b41267c7,,,
,J002198,1,,,,,,,,,,,,,,,,,,,,,628c632c2dacf168b579756978099a5ac9a7c4cda28d9b9aa9c413794a18d7ba,,,
,J000097,1,,,,,,,,,,,,,,,,,,,,,328174df1c102f8f81a00798e156e200a9bbd4a16f8c0f96133c4b598161d4b1,,,
,J001511,1,,,,,,,,,,,,,,,,,,,,,cdaf28fb2cc4301ce362f8fa46cab9e2a1112b93a87ec44fab663073032b211e,,,
,J000276,1,,,,,,,,,,,,,,,,,,,,,fadef26a543e9a9a88146981587febba5ad1bb498c4f694ce1364a1099761953,,,
,J000885,1,,,,,,,,,,,,,,,,,,,,,c40dc014a532a126cd1d1d52972a04b990190417f8ea6ffeeaef971acce11cf6,,,
,J002020,1,,,,,,,,,,,,,,,,,,,,,66a192857d1ccd818f5a2193edd998d11ebe19fe07560424beecb74b44817c7e,,,
,J000081,1,,,,,,,,,,,,,,,,,,,,,a2aede91b51359e8d7a73927a303f3e1ae79bd86b885a5dbaa48979303f839b8,,,
,J002510,1,,,,,,,,,,,,,,,,,,,,,69692c349815ad8a4b02e419a3a9c5bd3127840d678ba00d2749097489d579b6,,,
,J002629,1,,,,,,,,,,,,,,,,,,,,,fc5f1f7a7392e2cbbef33cb3832cd80f6e5abbf5098c2f47651309013ae1346a,,,
,J002459,1,,,,,,,,,,,,,,,,,,,,,c63bc6c2dd0a72886453e6b16c9df1eed7025bd94f72a877077863e95bd4d808,,,
,J001457,1,,,,,,,,,,,,,,,,,,,,,0ccab01474269b802191ee1863991ec7ecb2fbede5d4d2a9f4e9670ebb29795e,,,
,J000563,1,,,,,,,,,,,,,,,,,,,,,3f6632e4f9361048f5a786bbb6590c56667382535bb2dd8626894bf6d1ab0696,,,
,J003146,1,,,,,,,,,,,,,,,,,,,,,e2519128f8a24c05b3dbf2c77377b4ccf89ffcef9e79196521e275b3bc11487a,,,
,J002632,1,,,,,,,,,,,,,,,,,,,,,e7d69b0b5043bcd21258c2b4cd0085fb996325863be7b7fdcc8280ccb612b7ba,,,
,J000359,1,,,,,,,,,,,,,,,,,,,,,ff66164206f346a509a7d6bed7483ed5e89b32e34511eac125646eba0043fb43,,,
,J002052,1,,,,,,,,,,,,,,,,,,,,,439b03542dda337063e0f782fa3643c4cd3d3b779ce5231c3e245aaa753ee719,,,
,J000313,1,,,,,,,,,,,,,,,,,,,,,6cd99d5f064826f7f3f1c1890c6c3eed80a88408a0d5f8e115042bd52309a44a,,,
,J000431,1,,,,,,,,,,,,,,,,,,,,,4bf08a2b701ef952541726d7441c064041c32e7e7a72a56d7ad8fc3d107058ff,,,
,J001465,1,,,,,,,,,,,,,,,,,,,,,5b0089e7a1abdbcbd90a31fce415aaeb8993b3e7805facd11fea3092df1554a8,,,
,J001854,1,,,,,,,,,,,,,,,,,,,,,5e625b8bad7e0322234682001b1d4851211290b6d7f0e6806dffa6c468dcd8ce,,,
,J001244,1,,,,,,,,,,,,,,,,,,,,,4ed1e9fdb9c0b7621a22ea308c49d7ba3ee87242013ef3953d74313c1dc08461,,,
,J001250,1,,,,,,,,,,,,,,,,,,,,,2a4b484528353dc98e7d7e1fe8153909130131677366fc9fc0efeebad95ead60,,,
,J001364,1,,,,,,,,,,,,,,,,,,,,,3b0b4bda2e0d70a101b90f1654e3c53032b5b9adabdce5e0a8f2b49c1f089bf5,,,
,J002476,1,,,,,,,,,,,,,,,,,,,,,9c5cde3c5f7286d4368be36babfb2b4d2e99639d3dc9b4ca2bd9e14db25e8bd0,,,
,J002929,1,,,,,,,,,,,,,,,,,,,,,0152b6796374b67d0fb9dae7d28bbfb8ecccec36974c9a2768af822841ee31ce,,,
,J001055,1,,,,,,,,,,,,,,,,,,,,,c551def75e8a037f20bb608eb7b51e5318beac0440789ed0b2da939bf32ab453,,,
,J001548,1,,,,,,,,,,,,,,,,,,,,,59349e9d8cf0de68ec85957e72fc3aad6f481e71732c55842b979361e876dd2a,,,
,J002430,1,,,,,,,,,,,,,,,,,,,,,49f326c7afac93e1fff35e085fe2eee1d186a503d5389b5981aea3cd32a4c547,,,
,J000399,1,,,,,,,,,,,,,,,,,,,,,6f526551b19ac6043edb0d0e0cbe433281d830264bb1ad95aaf6be6836ca8712,,,
,J003005,1,,,,,,,,,,,,,,,,,,,,,7ef89640d250e8dc42fe4da33dc75aa632c42866febbfb06f6bd8afa70014448,,,
,J002235,1,,,,,,,,,,,,,,,,,,,,,eba24f8c3b545833d3e2e6e308131aaa71034be42a5af647457358915dcae544,,,
,J000942,1,,,,,,,,,,,,,,,,,,,,,0be9f28713c4b1a605a7a82c770f42b436420474edf1fe0a52aa2633ff6d9f2b,,,
,J001840,1,,,,,,,,,,,,,,,,,,,,,9193b6b2ec336095c113dbdb3cbce3aa1bf91be205a15f690a37a69a3a883bc9,,,
,J000104,1,,,,,,,,,,,,,,,,,,,,,753c727e9cf1693895c79881b27011760efce33af037ddac536424b1fc082ac9,,,
,J001224,1,,,,,,,,,,,,,,,,,,,,,3e551b521f5dfd1cd7170c8e98f7b35db10bd15bb025a9c4a611866d8363b1ec,,,
,J001009,1,,,,,,,,,,,,,,,,,,,,,6503b174d164284fa5c7b3cdc16529694f37a1395acc34a49ea65892d532dcf0,,,
,J000564,1,,,,,,,,,,,,,,,,,,,,,b6990f821b8292d28c230be0313e8a891929b71be989a1b357a86121b1cdf565,,,
,J000551,1,,,,,,,,,,,,,,,,,,,,,d055ff21cdf0265af60e491c554f40da1a7250b22da6643369a6c0b4c5c965b1,,,
,J001860,1,,,,,,,,,,,,,,,,,,,,,9ea29ad28ac5b5082551d553d87b852bc4fa8611b035778f4a6fb93659007a92,,,
,J002042,1,,,,,,,,,,,,,,,,,,,,,d0b67782e4564466654814744d2534bc47166449ff5679f7366c91ee6f8bf1e4,,,
,J001420,1,,,,,,,,,,,,,,,,,,,,,3fcdaf9d89abf020f9de3a7dfe94cff29bc2e252cef139752cf3f16bafdc1688,,,
,J001183,1,,,,,,,,,,,,,,,,,,,,,5c25c35ce3c24c644673a06a499a269d26adc528380e71b5a874a34fefffef57,,,
,J003046,1,,,,,,,,,,,,,,,,,,,,,54b978a872d382e06795854115d2a1ce62e0ac3940c10dd18534b917b5183db0,,,
,J002451,1,,,,,,,,,,,,,,,,,,,,,10717235dfd3a08cf402f294c2661eb5e3cfea5f13c82454b5601a6b0d020e29,,,
,J003078,1,,,,,,,,,,,,,,,,,,,,,b7b9de96b57f356c971f854bef4e70d627155d1dde84f1d2224c223a4ea0c82c,,,
,J003090,1,,,,,,,,,,,,,,,,,,,,,dbc207f4a460c8b2d606195d8756ac48cc48571d34848fc7cc1051414aba846a,,,
,J000742,1,,,,,,,,,,,,,,,,,,,,,e97f8993cb9a4d960bd75bd6fa98f4f84e939d077896efd7d3d89768e2047050,,,
,J002613,1,,,,,,,,,,,,,,,,,,,,,3ea1857edbfb91c3978fc8a7da2b848a593390ae8eaab3e1531edfdf83ff3e9b,,,
,J001065,1,,,,,,,,,,,,,,,,,,,,,088bf5f9f2e31b65fa22d4c0b8d2c3d38413b7e33572410935929324398f8cb4,,,
,J002824,1,,,,,,,,,,,,,,,,,,,,,45d17bf55437bc72a641d1b0d528072bdf961d6c21ac706c2f6ea748c6b8ba59,,,
,J002844,1,,,,,,,,,,,,,,,,,,,,,7ebc999365377a04d82e02b0d08ab7c3ab4da731fe00cd8efc15244af84f35ec,,,
,J002884,1,,,,,,,,,,,,,,,,,,,,,25f0b357ea5a4b7073dd970f795f2d4a0976ac8d687855a9e0ed576e132a87cc,,,
,J001747,1,,,,,,,,,,,,,,,,,,,,,239c77a7f3c26280c927b02fd25b17de42967bd00e960686f111c42c578c2695,,,
,J001757,1,,,,,,,,,,,,,,,,,,,,,de56b3265413bcb75933195bf6cb380237784d257536b2fc35d57cc905040fd9,,,
,J002388,1,,,,,,,,,,,,,,,,,,,,,37083f5b7624b07859bdaf5c7fa068f9e5de0da640571889da7ff26da28f5d0d,,,
,J000994,1,,,,,,,,,,,,,,,,,,,,,8e2ffd1c3506d88c10b31b55d80d93be65843a9f2e78941b8ea486b155d21b38,,,
,J000384,1,,,,,,,,,,,,,,,,,,,,,5514f432135ac77b307e3914ce6f3fe6bdd9a70aa8bda60a5064e20dcdc62150,,,
,J002869,1,,,,,,,,,,,,,,,,,,,,,008b9b10982adfc4ded8532b4cd4226e21f470f02929ffe3e3dc3d5865271625,,,
,J001432,1,,,,,,,,,,,,,,,,,,,,,bbe5876939a0834ca50386df947ae70a449ca7a2d64c0c089756f36d948bce9d,,,
,J000174,1,,,,,,,,,,,,,,,,,,,,,330fec9760243cca8753c3ea472b952c689ce69e1dafc560e60693a2ab26ee97,,,
,J001723,1,,,,,,,,,,,,,,,,,,,,,6be696554c0b5167c6ef139d5702ab1d8837459089657532a1fe20d6b4b2a10f,,,
,J002333,1,,,,,,,,,,,,,,,,,,,,,eb4d5d33e6dd66a337520e0ec00abab61480dde36b30d4e2388ca314537eac45,,,
,J002713,1,,,,,,,,,,,,,,,,,,,,,9f423d134c7ddbc1a78d88f7f7021a164b0dc3ae5eacff2dfef6698a7bb3dad8,,,
,J002730,1,,,,,,,,,,,,,,,,,,,,,440cc34e324fb4df90f3816d9b14a56bc7b0e2b6217b98ea8f08e9ad4ed9c661,,,
,J002354,1,,,,,,,,,,,,,,,,,,,,,cdf7fd97b347e330ab6b7cdcbc6e5f7bbdb149bd705042089d8a262248b3e0d7,,,
,J002861,1,,,,,,,,,,,,,,,,,,,,,29a7bc2144d9bd57bf8631c51531c3056b7e899ce00035242e8fc6c6758defd4,,,
,J001509,1,,,,,,,,,,,,,,,,,,,,,7923ce7c065cd558dd0b238d70b73c6248d8447bea2b6f00e9893e59af03817f,,,
,J003119,1,,,,,,,,,,,,,,,,,,,,,1731c6e5bf15a18ff37aaa354a1b47b82e454cac0ac51079add7242e2df3cd8e,,,
,J001700,1,,,,,,,,,,,,,,,,,,,,,940ef95038d61ec4cd7b77f0b4d9202e137a7d28c8e0f34d20a47d78cd004922,,,
,J001233,1,,,,,,,,,,,,,,,,,,,,,a0e38441d2ffacd2ddc4ff54289b326c438bc8e0fa73868a77874d49379f11c5,,,
,J001047,1,,,,,,,,,,,,,,,,,,,,,747491d5b6f54cd79d2b8101f2688f9a684aa87c19ecd3dd9e1c6db3aa26a939,,,
,J000378,1,,,,,,,,,,,,,,,,,,,,,2517ad1994f527d781cf3200d53de744209bb2dcc702a08eb73a4a8cf1731841,,,
,J002682,1,,,,,,,,,,,,,,,,,,,,,3fb8c5c2fd589f68d5f6b3062b681ccaf27f277250c516683a6e278df8743bd6,,,
,J002199,1,,,,,,,,,,,,,,,,,,,,,626b6220fcdaa0a9efbb5925fa37f699a79fbfa880afe895050925f626aa530e,,,
,J000365,1,,,,,,,,,,,,,,,,,,,,,88051e55d4d5866cacd8903591e133c206ab824df22fbeef025154cee7be1b44,,,
,J000338,1,,,,,,,,,,,,,,,,,,,,,ba88c3006bd79aab55af4ba6471c8fb2a3f44d0b04f307a57c7e23fe21482302,,,
,J002865,1,,,,,,,,,,,,,,,,,,,,,bc9de1bc9c207084c28432588bbb31e56f27273bee2954452df19f8047c538b3,,,
,J002362,1,,,,,,,,,,,,,,,,,,,,,744b3ec2c7cf286c57cad8f9767a5c4c688422c4e55b0c43b0a377384815cc16,,,
,J001876,1,,,,,,,,,,,,,,,,,,,,,373c129ce9cbaf1747aa29452eaab620083e006a4826efa78087de86cbeebc30,,,
,J002410,1,,,,,,,,,,,,,,,,,,,,,3db44f43c5b6ab8d3c154920aacc5f4c3379701cc7865795415a49258442ccb2,,,
,J001607,1,,,,,,,,,,,,,,,,,,,,,12bd3e873d8806b7f24e73a7ecf31e556266fd7a08f0c4c5cd6b3a6a275e0f3b,,,
,J001734,1,,,,,,,,,,,,,,,,,,,,,a2a4b6270f4fc7f637c1ae66564cee6d1d7d25748ce3c9565c1c9df37d4f7601,,,
,J002546,1,,,,,,,,,,,,,,,,,,,,,c914c497cb4db2f598f164baaf257262260f04c04977aa57d724b4205db31241,,,
,J001324,1,,,,,,,,,,,,,,,,,,,,,f60206f9bd25928e2332bf854d4fadbdb6610f6ec71413a33320e6261455753e,,,
,J001786,1,,,,,,,,,,,,,,,,,,,,,faec5dddf53b5aec2bf17f752d12b1cea90df7d2eae7fc8294d2a765b4547f15,,,
,J002639,1,,,,,,,,,,,,,,,,,,,,,77b0760d230809559b0f3720ce02a694e9f064b69cfb50aee4ea1b14161f8271,,,
,J000984,1,,,,,,,,,,,,,,,,,,,,,0560bc679c15b9cd9210a69ce15c6e43a2c8006bb099478b514fd1bb03e73b03,,,
,J000367,1,,,,,,,,,,,,,,,,,,,,,d10abc623b27200a0dd6ca05027acc1d04e022ea0e3e0c4bce61802f6e8f5c39,,,
,J001341,1,,,,,,,,,,,,,,,,,,,,,b0e0094b14abdf18a0819f79a6918f46e2e791d1dbeb47747e2971f70ed38681,,,
,J000714,1,,,,,,,,,,,,,,,,,,,,,65d3140b5ade5b70d8a01b1015a89200d18b7a22b775661f264d09dc02f4b1b0,,,
,J001403,1,,,,,,,,,,,,,,,,,,,,,1604ef14c4682ce9a55230583b2c78f07686892d75ea42f12841298912faa87b,,,
,J002874,1,,,,,,,,,,,,,,,,,,,,,fe3b64f9a3cd39adf5d790608ce21cce9aa32edad5dc24fc8d8d62ed6fd762d4,,,
,J002396,1,,,,,,,,,,,,,,,,,,,,,e3558a6c51e5b0a098171158434943c49687b7bfd63433a22c2b6e2ff874fd4e,,,
,J003023,1,,,,,,,,,,,,,,,,,,,,,964393c2820edaafc3634ca19d88b38a68732d5f25ab461888313fefb9186ec7,,,
,J002866,1,,,,,,,,,,,,,,,,,,,,,3ffbc285069ceaa4a64e852aa718854fe1b0b1d977b71e81deba19db08eba819,,,
,J000792,1,,,,,,,,,,,,,,,,,,,,,484f78343257d38e668ae10e55eeb389b4c5f170521e20e8a0a8893f51973f39,,,
,J000691,1,,,,,,,,,,,,,,,,,,,,,bb63fbdf6d3d7be446058bc27925f6c728ead753a47ce03f8bc18fc4c2caa292,,,
,J000814,1,,,,,,,,,,,,,,,,,,,,,143b49352a40e2f37963babd3fc6a4793872b6473fa85ca1ae2b09348dd5fd7d,,,
,J001586,1,,,,,,,,,,,,,,,,,,,,,f23bccd9fd20c752d8bf4ec16488829bbdcf48301a0d39150fb41b441254487b,,,
,J001181,1,,,,,,,,,,,,,,,,,,,,,f292244ece852cf83f7e1112bcc7b847908fd696fdfe1e8b1718026804296cb6,,,
,J000595,1,,,,,,,,,,,,,,,,,,,,,405e06ad4ab05bee282394f9eb8804b8519c2fc826fe553d86ad5e2bf2440cbc,,,
,J001385,1,,,,,,,,,,,,,,,,,,,,,b26df453eee8d3687f163e9970b59d9fdf6e632d7af7dd10f3064ab15163805d,,,
,J003103,1,,,,,,,,,,,,,,,,,,,,,6d53456bcee7fda4f199c491b07a9746c6b08f28e39e92c971a5ab7e2abf111a,,,
,J000659,1,,,,,,,,,,,,,,,,,,,,,fe9c746f151a3f70bf64cfa3b716a0b72d752096cfa139ff961a72f57139ae28,,,
,J001790,1,,,,,,,,,,,,,,,,,,,,,41033a34ef805be19e1124ac724fefe21ab8258f9fc6a9416a9cc6423e4f2fe0,,,
,J003031,1,,,,,,,,,,,,,,,,,,,,,d23389f4670fc6cf562e8f4e61c4855fb2d65164a2ef56621f49bb555dd28da6,,,
,J001601,1,,,,,,,,,,,,,,,,,,,,,73485b2fb67bc3fe5ae6d30579c9e34063cdbd6b3014a7a27a3dc21e078e4390,,,
,J001352,1,,,,,,,,,,,,,,,,,,,,,3011f940e48c0d06608bf30ee0e541ab97e1ae8a165df229786e4c813e7e8ef4,,,
,J002366,1,,,,,,,,,,,,,,,,,,,,,e64e0f4a2202c73e5d3a33fee627ef48b393eb72c6b46e4cd6fe3431027e5cd1,,,
,J002781,1,,,,,,,,,,,,,,,,,,,,,125067bc04f3d069342971757110924126d1e919cf3426652eb68b800304e10f,,,
,J000265,1,,,,,,,,,,,,,,,,,,,,,d24da575ff2926e73f869529537673b1746129ace667ddc1aee0bc6b9f28eca1,,,
,J000946,1,,,,,,,,,,,,,,,,,,,,,a0bd9b4d771f126f53d4cb9280bc776e9bd98d3ad47b0f3fac889016c3cc7824,,,
,J002392,1,,,,,,,,,,,,,,,,,,,,,77d22ecfa5a82b8b7c38375a69afe795d66659aa5ad465cd409b9f2b6850af07,,,
,J003158,1,,,,,,,,,,,,,,,,,,,,,dae69fec1b6b2989bf256780171c42fdaa1d4a08527fcb0f9ded55c6ff19e0f4,,,
,J002179,1,,,,,,,,,,,,,,,,,,,,,debdbc68e4136136514ef8989003a2c84b605dab8e34ac91d300677d2cf89845,,,
,J002454,1,,,,,,,,,,,,,,,,,,,,,cdf05cb8611eebde0f61321e166c18634ad1227035dcc4a0bdaf2e710ecb607b,,,
,J002885,1,,,,,,,,,,,,,,,,,,,,,e9b8e5c4c4f177b478dc3b4ed3f0179fbfd6b301efaca9922af52662a6f401f1,,,
,J000427,1,,,,,,,,,,,,,,,,,,,,,3ff38bba30d843b7f1269dc901d280d2f6998f03dd5907dde8afbd216610be87,,,
,J000358,1,,,,,,,,,,,,,,,,,,,,,2b0d9c66f78cce6281df3b1a10a12781041eca1a897c8c38ddb5432c552e0da5,,,
,J001883,1,,,,,,,,,,,,,,,,,,,,,72e8cc7227f345ce5a1942417b2d78234b5847145e6509212917b4dcbf325fd5,,,
,J002157,1,,,,,,,,,,,,,,,,,,,,,ab7e8135c3296f87eabe60c6fa9582e5196f810e1574364f09d65cb53a7453be,,,
,J001835,1,,,,,,,,,,,,,,,,,,,,,76e0498a40f9d2ad6794bddfddb3ee197ae131db61104e471786876063f9a200,,,
,J001912,1,,,,,,,,,,,,,,,,,,,,,b79d69c5ce44177e4745d9d54215a27735a0e28333bbaddfdba747cfb7828135,,,
,J001226,1,,,,,,,,,,,,,,,,,,,,,ab07e54d84111526aaedeba8161ce7c7f39130231464e1372d6481991d7224a2,,,
,J003124,1,,,,,,,,,,,,,,,,,,,,,4750e0698dec59f9a3411af8a93d0c8acec2cac2419c95f0e20f58e90e8d7147,,,
,J002901,1,,,,,,,,,,,,,,,,,,,,,6430ea5beae435fe5349f342228a924f2fdbbf0bca28063af137aac10c88e97a,,,
,J002133,1,,,,,,,,,,,,,,,,,,,,,8407b38530128178fd8c03de337ad4e88e7549aac12159ed5e20906d91811ab2,,,
,J001536,1,,,,,,,,,,,,,,,,,,,,,09f28e9f3dd8d0be75b785afc649aff8e628d0bb6b1485fbd78d94bc2ad6a23e,,,
,J002297,1,,,,,,,,,,,,,,,,,,,,,63472fce734e92be77942c81e6e44307ea68282f104873cf9e49ac629edc9864,,,
,J001535,1,,,,,,,,,,,,,,,,,,,,,10e19036c9cc88a01650c926e4bb30ec856930e0efe2b6cfdd27c6100611920c,,,
,J002162,1,,,,,,,,,,,,,,,,,,,,,3181c2fef9aed51e05aefba96ff26063d8c0da584eb5fa647385d37f9c31644b,,,
,J002695,1,,,,,,,,,,,,,,,,,,,,,9c98750f1516716026bcfb4cec63a366ed1a8f4f921fbee0e9ff185680ed3c0f,,,
,J002343,1,,,,,,,,,,,,,,,,,,,,,85495a6ce9612c3a7b0e95a934606940c60afda1c96854f4a95d3d33ab80fb0c,,,
,J002217,1,,,,,,,,,,,,,,,,,,,,,720cfed90a180c7952d891312bcc2c17e63c00d3b403536a1030f8a42bb6cae9,,,
,J000899,1,,,,,,,,,,,,,,,,,,,,,532648090d10d29dda11a3173f5d26ef8298718eedd4909be490a6d274f6b279,,,
,J001685,1,,,,,,,,,,,,,,,,,,,,,c758e8fe03b90f7068bea5878ba1aafb5d28404a08856990d046eef2f6ad16dc,,,
,J002431,1,,,,,,,,,,,,,,,,,,,,,bca8a639d2039384a60dbb4fa4ae0ba8bde80d4501fa3701e116d7e20c6c991b,,,
,J002307,1,,,,,,,,,,,,,,,,,,,,,28d69ac82c3902c26b735da35b3f08d5ca90695df325775ae3804c90cfc5ea3f,,,
,J001478,1,,,,,,,,,,,,,,,,,,,,,a7275e8649a5bae90120f9283c635082430c0017d0b8cdd1e28a02abbe8ac914,,,
,J001846,1,,,,,,,,,,,,,,,,,,,,,201d0db836b1a6aef0d19672679c1761885d5b5f70476f02df90016c25d1109a,,,
,J000734,1,,,,,,,,,,,,,,,,,,,,,87ea1314a2af91e43f10bdb7416d3755d128234287d9bf2770238b9160c9fe33,,,
,J000471,1,,,,,,,,,,,,,,,,,,,,,65bcd6c8a757bcc869209afb5fc48ecaaeec35a4c557229bcaf2f2aa186b30a1,,,
,J001276,1,,,,,,,,,,,,,,,,,,,,,7a34369bd3ec410b1b9517f49af4e755b329f66348ff4dc315eece9278f726c7,,,
,J000479,1,,,,,,,,,,,,,,,,,,,,,d60aeecc9b4d00a0830ab0fc6ef6af6f16f3c892d1be45329ab52fff6b191193,,,
,J000034,1,,,,,,,,,,,,,,,,,,,,,7a4d721e93a4eb39d159131718c5f521ff33b3d5b6bb1bab57f7a015bc0d0f22,,,
,J000208,1,,,,,,,,,,,,,,,,,,,,,ee805ca42fc5ee385e4c13d6a1d6d51b5b2af6aea27be917c2bd0ea2364e9303,,,
,J001027,1,,,,,,,,,,,,,,,,,,,,,52853f56c3c3f7f487c5363dd1305ac74c3f6d74aa2ab8a265f9190edf21aa27,,,
,J001822,1,,,,,,,,,,,,,,,,,,,,,337ce461a128f994f10778d60443221f369b73902f0c5782dec0d183f777e0bc,,,
,J000102,1,,,,,,,,,,,,,,,,,,,,,8c7389bfee7b2e2894da76a005c4ff6e3dcb756195298c6f54364430dce4bd09,,,
,J001579,1,,,,,,,,,,,,,,,,,,,,,0808e75c56a3b44eebbf06a0a1c4cfc2367485a78f7e1fcc6f26224f486f9a40,,,
,J001807,1,,,,,,,,,,,,,,,,,,,,,c8f1e8ced550641772ae3b2b3ba96884e1b523bccbfab3f33cc397072139db9b,,,
,J000560,1,,,,,,,,,,,,,,,,,,,,,39a62fca3ebf8e8baa89107af68ecc5be021d50d8fb5397b3e46465e745b0516,,,
,J002294,1,,,,,,,,,,,,,,,,,,,,,68371e26575e54ce0c9ae457a820d96c3ba0a6c6b44fcb38433e749e1c68b3f1,,,
,J000078,1,,,,,,,,,,,,,,,,,,,,,f599aea5d4cf501e6902ba2cc1bf9d5d00b6ae455cfc341d931f5a6699d131e9,,,
,J000568,1,,,,,,,,,,,,,,,,,,,,,3afb49e12eca3b654178c5516dd70db63739227577ce90ad0612be183b610557,,,
,J000636,1,,,,,,,,,,,,,,,,,,,,,2e58987a4a8adc3e74f14da676d9459fce27ca6a5b2b12bbe45595966e018906,,,
,J000377,1,,,,,,,,,,,,,,,,,,,,,bac896c61a9d7b2e29fdc1005f0c2edcea7ca5bc7848b963ba417e80d55272ff,,,
,J002975,1,,,,,,,,,,,,,,,,,,,,,d07cca79ce21ec46e5aed7a6aa5133d2b934f87476cd44f846f91a48301c925b,,,
,J002259,1,,,,,,,,,,,,,,,,,,,,,2e26da108f87e803982d3e7e55a6a62f5557526fb0b5aea4ffffb8606b04e13d,,,
,J001924,1,,,,,,,,,,,,,,,,,,,,,9e49e912c88444fa5b4f0f301daa91dcb6968240ee63cb82aa174f638cba91f5,,,
,J001693,1,,,,,,,,,,,,,,,,,,,,,0923b7b5a25b4dbfcdeb5754728fc905e3170677e2d5817153e7f586eedf3519,,,
,J000543,1,,,,,,,,,,,,,,,,,,,,,31b1edbfe43adcc5177687b544b1af5cc3cbeb58c9e57ba620d9832ab909f999,,,
,J001397,1,,,,,,,,,,,,,,,,,,,,,7a1c6d5b61b864997c59453f9b00495dee3a4fc3804bc5a26f5a1cecd2ce032c,,,
,J001727,1,,,,,,,,,,,,,,,,,,,,,eafbc2da07394bdc096e958630761899b25da9ff14e4e1fcf524d25423887e64,,,
,J002497,1,,,,,,,,,,,,,,,,,,,,,16d3738db270b55d69d6a376f683f182b81bf1948a4fdfbfcb44a001cf5bddda,,,
,J002368,1,,,,,,,,,,,,,,,,,,,,,8dda5f67d1f28d65a10b8fce1da6a290f7b80534979dbb7af50b0c3ee9224f3f,,,
,J002200,1,,,,,,,,,,,,,,,,,,,,,82ede5ee2f3be7c44a4faba303d5a28640645f1ff1d9bd36917582121e0627ba,,,
,J001101,1,,,,,,,,,,,,,,,,,,,,,03647cf9595576c96cd48e4eac65d0cbafa2f86c668a4cf173c34acc7119129e,,,
,J002753,1,,,,,,,,,,,,,,,,,,,,,e52f73e3ba1a2905fb1d44bb7cb3d496c477c3119dea344b84082d7f53f44ce6,,,
,J002501,1,,,,,,,,,,,,,,,,,,,,,580078930c0b417027c48d50df4fe9118b12706c72d68525c17a7b59cd006383,,,
,J003044,1,,,,,,,,,,,,,,,,,,,,,7339e2a80fed409534c9220fc274ed5c26069f437967313d1bcd7e7daf584128,,,
,J003030,1,,,,,,,,,,,,,,,,,,,,,7a9e61f972d8f080eca147d6695d1c4c0a481458715279761bc007891cd54085,,,
,J000897,1,,,,,,,,,,,,,,,,,,,,,a29609baa8ed0f8834cda1e0ecc7eb4fdca6099e08961bb1be173b6e4f2979af,,,
,J002219,1,,,,,,,,,,,,,,,,,,,,,530441d0fbcba2fd11571c5ce69006551630486fa53917af63906868eb42ff94,,,
,J001404,1,,,,,,,,,,,,,,,,,,,,,83d1e7bb79396c2b4343619eabc75cfc2b47022fa831f89c425c693a95dcc150,,,
,J000406,1,,,,,,,,,,,,,,,,,,,,,0698b35e664fe0ca34decd32ba4b293a3c97a007de7e990153534c5c4dc3ac8e,,,
,J001644,1,,,,,,,,,,,,,,,,,,,,,902944c971d1c30c38b0e37b306cd531565e28e4512defac7ca328fd07860a2a,,,
,J002414,1,,,,,,,,,,,,,,,,,,,,,2af70d53f947aa16be8584bb154b98c0ccbded788259ba9b70c071517a52fe3d,,,
,J002665,1,,,,,,,,,,,,,,,,,,,,,be7a780c80449477be6f6987faf78563916f1549e33f5c95dc535df7f9c70f18,,,
,J002963,1,,,,,,,,,,,,,,,,,,,,,08c6d57325620ab1d4cc05287758e4ad47e9b802a9d5b897efcf0126951eba13,,,
,J002572,1,,,,,,,,,,,,,,,,,,,,,e61cffb09eba45a484434e2c3be0d9e67a0f94cdf6826c68bdc70892f8d649cc,,,
,J000948,1,,,,,,,,,,,,,,,,,,,,,177044d452514e85298c66ecfec6ff29515287ad3e866c021fdc5ce6193b8528,,,
,J002442,1,,,,,,,,,,,,,,,,,,,,,8cf7539e043fcf08177e6cfc3408eac400c235fc6f2b9ced574de296c632c9a8,,,
,J002653,1,,,,,,,,,,,,,,,,,,,,,c520887053fa28f8dc62ee6d6cd8b5d7f75ddc7f50bbe9f8e74dbc3075cc8a0c,,,
,J000607,1,,,,,,,,,,,,,,,,,,,,,14b79be9579a5fb71e1f419ce5a34ce214ee19dc6341e22d0fd8b6fe986e55d5,,,
,J002328,1,,,,,,,,,,,,,,,,,,,,,7eccf840cae33a96ba820398ac8fbe0c5706945c8e79c278b94f1f622a72feae,,,
,J002659,1,,,,,,,,,,,,,,,,,,,,,2390e3c6c6783694117a15873a6c9f8390d0567015139fc46303c6c571822e7e,,,
,J000525,1,,,,,,,,,,,,,,,,,,,,,7a78d258e821be2ab4527d3b28fbbaf8becd4e66058cf06ab3d9db4a760df59d,,,
,J000156,1,,,,,,,,,,,,,,,,,,,,,c1351b8d759bb14e222a9048815c36b8fc256892360ee6a229f6c6e2ee669846,,,
,J002948,1,,,,,,,,,,,,,,,,,,,,,e9ee3572cf7697ac041ba235e45422cda0e2777bae1ef0ea6a9bed074fc86406,,,
,J000240,1,,,,,,,,,,,,,,,,,,,,,a7edaa285a9a8e658818e4831f3fbde4c59c47c5a2ff523b58eff18c41171af1,,,
,J001040,1,,,,,,,,,,,,,,,,,,,,,a3517e657c4e2ed4549106703a7caa4ecd611951f7e48337b2af4b109fa2958f,,,
,J000952,1,,,,,,,,,,,,,,,,,,,,,2da0ea0c1ba38510e8f81fced840932703b81127bdaff485181dfb624297e471,,,
,J001818,1,,,,,,,,,,,,,,,,,,,,,6c482cb76632a804cf213f70c6a32d1eb7b79317edc7a82c82b4f939bef939a5,,,
,J000840,1,,,,,,,,,,,,,,,,,,,,,061803ce74ce9f584dc745d832cbff0d35690a183472bb126ac113ea8d612df9,,,
,J001064,1,,,,,,,,,,,,,,,,,,,,,9255ddd7f28375e3c4956419194087432e602a184177070c397f660875b3897c,,,
,J001186,1,,,,,,,,,,,,,,,,,,,,,02cf433b9f6e33563c10dd7de2ffc18c47417bcd6c311afb3fa2beb1cc95d341,,,
,J002298,1,,,,,,,,,,,,,,,,,,,,,1c6df1bc98c7a12c45c1f6b2d63d9fb21c3731d734c9b195125f85136fc3081d,,,
,J002590,1,,,,,,,,,,,,,,,,,,,,,232ae603c4a2a1f8154ef4e118ce21f3e1af0205aa7257a5eb1226116b315838,,,
,J001106,1,,,,,,,,,,,,,,,,,,,,,43c9fac08485125d0d086c371ea820ab9db7d98a873a3d3f2a97d890f31394a0,,,
,J000445,1,,,,,,,,,,,,,,,,,,,,,5e903f97cf6d30028d612a9a8e7821a1f326c59f1871487e8efc0b8a9ec70e83,,,
,J001781,1,,,,,,,,,,,,,,,,,,,,,11e195b1ed832b61de15c868412dc3695ddfc87b200b3fad37ffc497ad313a37,,,
,J001159,1,,,,,,,,,,,,,,,,,,,,,6ebf554b541cc1ade7dd59f85640cfaa208b6839b9349aed814ae2690a953698,,,
,J001460,1,,,,,,,,,,,,,,,,,,,,,97cd503ee5a5b997f51d0f17ca08670d2888ec05092e07a62ccd450ef6c13efa,,,
,J000581,1,,,,,,,,,,,,,,,,,,,,,8151e25fb3be16a35cfa96f57472c64475119c769b3eba4b4f58416a2decbc7c,,,
,J001156,1,,,,,,,,,,,,,,,,,,,,,a01e1e0afb884a0a1d7df91c553990a2efaa20e9de6afb8a173b377372a16493,,,
,J001760,1,,,,,,,,,,,,,,,,,,,,,4865b9a1f298d50dcbedc13bc7961ac367d857141b05e672b2a1856c08370499,,,
,J001086,1,,,,,,,,,,,,,,,,,,,,,8e41e30f2cd6e9d44eaec1816dedc2357d9565e913939d791db93233e4094365,,,
,J000923,1,,,,,,,,,,,,,,,,,,,,,7b1b1be4a060721cab2ad4aecf15cf50d003e4145774cde731dfa2ae69e25da7,,,
,J003048,1,,,,,,,,,,,,,,,,,,,,,bcd4074e562c24ed4dc8d5bf4c38ee0db522b483c8f210eba2bb6792bbf0651a,,,
,J002206,1,,,,,,,,,,,,,,,,,,,,,230d3ccc24edc0e87982f52bae55a86b5a7e2b8acfb4988a87cc4116fb3c1ea5,,,
,J000902,1,,,,,,,,,,,,,,,,,,,,,fc3ac0ebdc74b49eaa272f247f2a42a3204dee22e0956ae24a4d11dda3b88dbe,,,
,J000666,1,,,,,,,,,,,,,,,,,,,,,a825ef2fcc20d806aa4698d73bfdbaacea3021aebff441de449b7691580e7c71,,,
,J000983,1,,,,,,,,,,,,,,,,,,,,,400a1b3eb8a9ded37f3d74facb9cf5201b0706aae51bf1f1665cccf67e8eaadb,,,
,J003161,1,,,,,,,,,,,,,,,,,,,,,c4cf820e5ac8babd3a40fadee6d781e307077d94d2ac518aa69009987acd2d60,,,
,J002768,1,,,,,,,,,,,,,,,,,,,,,cc6dfb4d2f45c1d92b4922735d956f61029eecd7161fab95d756ad6167860cbe,,,
,J001088,1,,,,,,,,,,,,,,,,,,,,,3d3eab04e4fc270a835d504a9785458efb909bfb91ce01da7b8fd1ea36a250a6,,,
,J002520,1,,,,,,,,,,,,,,,,,,,,,8bc0564ee80c3325a1f59173401ab2ec29b7a38e0a64d1ebaaab7b4d8eb03edc,,,
,J002338,1,,,,,,,,,,,,,,,,,,,,,c30e1abe5bf4cb1c239d0c567ee6377e44d7db5b8be51bb4e79dd4c59d10b3a4,,,
,J001513,1,,,,,,,,,,,,,,,,,,,,,3b9d76d6f6488dbc00f3c1d3b087b739c6ec0a4b6714be65886afec04d69f4d6,,,
,J001089,1,,,,,,,,,,,,,,,,,,,,,8f410fa26d6f5425bcb95662508408f1d00ff0b5720e1c2235035f303d87236c,,,
,J002595,1,,,,,,,,,,,,,,,,,,,,,20205e3aec211d838d055e51eb08a259431f84a0162756e3130a00465fcf0df2,,,
,J002043,1,,,,,,,,,,,,,,,,,,,,,0e34efacdbe9a99289cb983c8a661ef010365409d5dad3836f5d210c66248dab,,,
,J001416,1,,,,,,,,,,,,,,,,,,,,,7c90ff704c12590c1c39c4ae77fb6975570654ce8fc692d6cfe7227c2fa8cf90,,,
,J000673,1,,,,,,,,,,,,,,,,,,,,,e5e190a81c37e2b4ca706f621b06560b6a7ac784a7299deb7a369b989199952f,,,
,J000753,1,,,,,,,,,,,,,,,,,,,,,40c74f14fee1cfa91b7b12d25a48fa8cf71229e4333d90bd084f0f4bce480d56,,,
,J002299,1,,,,,,,,,,,,,,,,,,,,,d8212938f8f97c8e2f8e51d65bf5abadfe2db7303f9f22808008bb76557407f6,,,
,J001706,1,,,,,,,,,,,,,,,,,,,,,78825ce54688c19924cedc4a47ae231c5177c3ca38ad30ae43be681b23afe4cf,,,
,J000709,1,,,,,,,,,,,,,,,,,,,,,b7a854abedd8d9dd8bb7a0d604ae19a144db1e1ff2dd2a0a365be4e8c4dcd15a,,,
,J002627,1,,,,,,,,,,,,,,,,,,,,,6b3b508e10d020e671f109dac121a29aa7f7c34d30051f5f510c4229abf3dc58,,,
,J001870,1,,,,,,,,,,,,,,,,,,,,,8859ecb3796254b6aa6226732adb4e17a0f7857489e2638b8b316f75dbe59b3d,,,
,J002937,1,,,,,,,,,,,,,,,,,,,,,5d800c9a14ce83be62660669a8ba3f6fa3c65ffd05f840c0fc28809c36ce9460,,,
,J000645,1,,,,,,,,,,,,,,,,,,,,,5a6a2436619c939fd153f03bb91759702b3f9327f201462445e14f70f7324573,,,
,J000781,1,,,,,,,,,,,,,,,,,,,,,54af959816bce205dc6664d5b4d56e0eda0bf6f7f23fa0c1d2bceac5f14108f4,,,
,J000351,1,,,,,,,,,,,,,,,,,,,,,22641a3482fe3dfb101162ffc82763d55c9aa4b912fbd82568d3e8fbd3b36dc7,,,
,J003151,1,,,,,,,,,,,,,,,,,,,,,c219991624d6933ee95d2b19e1819f7db742599084b8f7a1278a285e56fe95b1,,,
,J001598,1,,,,,,,,,,,,,,,,,,,,,11b171586c461016a93144e021c6dce2e50f5f93b935ef5dd30746306077b54d,,,
,J000232,1,,,,,,,,,,,,,,,,,,,,,bb609294aa88bd7894078da5ebff666e82e295402eadcaceb97054750e2ffa3f,,,
,J002913,1,,,,,,,,,,,,,,,,,,,,,df3bbfcbcec67a22a0af220e73da8c70b9a2e26b5c558653c1e86eb7388b0f5b,,,
,J002080,1,,,,,,,,,,,,,,,,,,,,,f46110d9cba989f561d916430038d7f3ef15f2dbaee6d817a72deaaab9ababdb,,,
,J001004,1,,,,,,,,,,,,,,,,,,,,,a97cb963405fd53342fc6b711d85cb325ae68f0945fc4cc4c9814dd2cec58d5c,,,
,J002319,1,,,,,,,,,,,,,,,,,,,,,e1d9bebe88851536393d23ef0367d96263a0cb8fbc57732e1919f1faa8b5ed8b,,,
,J000745,1,,,,,,,,,,,,,,,,,,,,,ca282d331fc9b496f7257063710bad1bd1ef8af8328867806e702eea60abdb31,,,
,J003052,1,,,,,,,,,,,,,,,,,,,,,b7e0e4979a6c49718661670da42a611467b2d8f3befc0b466986a354850212cc,,,
,J000979,1,,,,,,,,,,,,,,,,,,,,,5faa23a8c7285ed0ef95708aacfc5a8fb3154dc1d19db8683f31f0f908cc0228,,,
,J000584,1,,,,,,,,,,,,,,,,,,,,,922a3738f63c20c54d85ec125d4a75c3b9b00c07f6a5a55aa01db6354c73fce1,,,
,J003128,1,,,,,,,,,,,,,,,,,,,,,d907ba3b6dbb94958c1996fb28141590ee5a71a1db6aa21953e6878db4b7720f,,,
,J003105,1,,,,,,,,,,,,,,,,,,,,,e0db877a63e357a87bc31b3490e7448e82425c8903f6bbd65824dcaf84b1be99,,,
,J002816,1,,,,,,,,,,,,,,,,,,,,,be33b5b2b6d0b8da9b075d2c1b8bfa83ef138fb1011abfcd066ad5f8b49dd4d4,,,
,J002251,1,,,,,,,,,,,,,,,,,,,,,38e0fab87e4b39c0ad06a3bf8fd5c76c6f7fb7b583420eaac613cbe9be0baffd,,,
,J002628,1,,,,,,,,,,,,,,,,,,,,,8afa628cdcc438b25dfbbcce45eeaf03bee2fbeec96408f75dcaea08ff37b12b,,,
,J000856,1,,,,,,,,,,,,,,,,,,,,,73ab018cd7df8cd788df15df43956f018e681c3b3572f0e149e343e0da4fa5f9,,,
,J000608,1,,,,,,,,,,,,,,,,,,,,,c891015f182f07d744ab8aaf42133d20d6272676ea494ac5a030e4a4b802f536,,,
,J001833,1,,,,,,,,,,,,,,,,,,,,,c40a55578cb0b2ecf536d2f145e3f218eeb95ee529e14e1c16365447e7dc551a,,,
,J002840,1,,,,,,,,,,,,,,,,,,,,,6077b3cb1dbacf80830aa70b81eee4ad312e2a85d46b317a5cd7dfb423352bed,,,
,J000239,1,,,,,,,,,,,,,,,,,,,,,b57384b51b80dc04d5341ec66ae4247dfca8a6f2ae96df6081b93fc97a2daaf9,,,
,J001477,1,,,,,,,,,,,,,,,,,,,,,d6a21c17a90ec38ae72288879a482f8a962dfd82b0212265925f73161a239b2a,,,
,J002573,1,,,,,,,,,,,,,,,,,,,,,3b56a1a80d9fecd220d45e4f7ed35785b5463458d2bf65b6e73d7dd6dc3b5990,,,
,J001351,1,,,,,,,,,,,,,,,,,,,,,b344e2b793659d49c5139226adcd40eef54ad77a038919b4771651460a91f422,,,
,J001642,1,,,,,,,,,,,,,,,,,,,,,83b0aad8a3d13686a7496b2d4b75c53a65abfd95e95a0ca98ba64bb1ffff8e99,,,
,J002034,1,,,,,,,,,,,,,,,,,,,,,7fec7df70716d3abc6ff2044f8f691b72c79cfd618802ad43cf09e25a27b554d,,,
,J002114,1,,,,,,,,,,,,,,,,,,,,,e84d5b4296aaf2f0fc6245f8a1d5e7232e0888cb8150b54d89c49402c44d6f2f,,,
,J003069,1,,,,,,,,,,,,,,,,,,,,,9e2f009f36c7844405c132590b749ad74bd3372908942420258d957a648418a5,,,
,J003021,1,,,,,,,,,,,,,,,,,,,,,3153aca50317876798aa34eccf104a45c1f5dae39a91add7f68db258d73edc17,,,
,J001903,1,,,,,,,,,,,,,,,,,,,,,86eee42e4755bb618d7a196fa5aaf38020d53169e47864bbc00ea76dc465fb89,,,
,J000922,1,,,,,,,,,,,,,,,,,,,,,26d7140e653ee1d34bfc34a91327292363348fbd5e5ed96b8bc9f9f9a7e9939b,,,
,J000362,1,,,,,,,,,,,,,,,,,,,,,a7680781f64cfd777c328fdd927df337d30448ab6e65b93ccc7c55cf757cb1c7,,,
,J000295,1,,,,,,,,,,,,,,,,,,,,,84a5ff97889ca1108049b8f8b4577df1c04d589f4dafc2d25dd823d93c761989,,,
,J000963,1,,,,,,,,,,,,,,,,,,,,,f29c361869f8680b6ebb2a12f0c8b8b2f63dfa89fe3c6835394766430bb23dbe,,,
,J001741,1,,,,,,,,,,,,,,,,,,,,,fb979e7f9b33c9e27797d1a6c2252611c79ae645ae584d0898fd81d5d3030d57,,,
,J002072,1,,,,,,,,,,,,,,,,,,,,,40eda6eaed401ec433bacb6cbd91d9e0f823415a25b340a5ad8c081397232034,,,
,J002930,1,,,,,,,,,,,,,,,,,,,,,5212f1be705a603aa3194079cc30e3de7ff9327cdf52e0f1d242f38cc8e58382,,,
,J002870,1,,,,,,,,,,,,,,,,,,,,,1180c424ec666e4a73a0177ddf5b5bcae0b58e1fbf0248a275c987588746534e,,,
,J002817,1,,,,,,,,,,,,,,,,,,,,,ca43650d81df3694fbbc53ffc9dc9fb3a361ba203056eeeb172965a9d6dba373,,,
,J000227,1,,,,,,,,,,,,,,,,,,,,,abf8cac50063394af8c09c1fdb30d187f5932b15937bd346bb003962f6b6edb2,,,
,J000490,1,,,,,,,,,,,,,,,,,,,,,d3b9af4e2081aba9494e4c5ab0d4a95f313b22d2467aef32306c4003faef5787,,,
,J002878,1,,,,,,,,,,,,,,,,,,,,,e4676041a364008d32b3a685aedc998c3546a967a9ec528c2c5bb890adc4b3cc,,,
,J001401,1,,,,,,,,,,,,,,,,,,,,,bca8d2f3aac0ecf035706d90660f3e3f47ee353fa0ffa2de89a2d77bff74b69e,,,
,J003126,1,,,,,,,,,,,,,,,,,,,,,595c8bdb5f33b6783dd8eed6a26f5dfda9d5363005810efb8ed91e7b56fff344,,,
,J002339,1,,,,,,,,,,,,,,,,,,,,,9e0bd99eebcf4e1bcd551c1386b8c2f7ae5c21023bc9d8a3c21c821a12d0875e,,,
,J001316,1,,,,,,,,,,,,,,,,,,,,,02261310f17a30c3951297b705280236300df6f755589577f805876231219b6b,,,
,J000238,1,,,,,,,,,,,,,,,,,,,,,7179272dd6cf8fbac4f0b17576990c8412b18349e404d66827a4dc5e86ca5746,,,
,J001113,1,,,,,,,,,,,,,,,,,,,,,32342ecc5cfb86e1ec66a863f4b9d4b066b8fa1563eed34be3e9bed4f0ff99ef,,,
,J001983,1,,,,,,,,,,,,,,,,,,,,,cc0383a015de471fd33f2d5e0303c77996ca3c2d994b6b6f4657d06ccb06617f,,,
,J002308,1,,,,,,,,,,,,,,,,,,,,,70a5097029ac11656e2ec30c0a262411b9bfae900c5131c6dcfc37fabbc93a2a,,,
,J001455,1,,,,,,,,,,,,,,,,,,,,,264228b75829197bce32ade7678e9d21cbe6c3d588d52189c4f89b011e43f29d,,,
,J003094,1,,,,,,,,,,,,,,,,,,,,,3364352fd05b62fc4af055816f520c7f5dca7aa52cc71ad3e610f7736180c5df,,,
,J001124,1,,,,,,,,,,,,,,,,,,,,,9bbe065d0862e49f425f0c8dfec83d291b4c8ee211584b1cf332c8cd02e298a3,,,
,J002189,1,,,,,,,,,,,,,,,,,,,,,f07b08095ea069f1bec563f3092e54e89e1eadddb12f592ccefb1c49545a7a85,,,
,J000376,1,,,,,,,,,,,,,,,,,,,,,c231c2eeb1824f9c581683173dffeadbfdbc5250495045446a23896ed8158dc8,,,
,J001063,1,,,,,,,,,,,,,,,,,,,,,e705805fe98c3a6edb9d845d5e9316d69c1c082451466b7251f8450263c9e9f9,,,
,J002934,1,,,,,,,,,,,,,,,,,,,,,1550acdc78aaae4ae9c56e7043533aa0beb259d8601d7ac2d9b671924f211147,,,
,J000683,1,,,,,,,,,,,,,,,,,,,,,5f6600853e1f38b8ad0945fed09996428f98bcdd0783906b285aa0d7bfd2d6af,,,
,J002539,1,,,,,,,,,,,,,,,,,,,,,7fad60e41ed4cefe203a90867f05bf489c5a0bf86441f067b1efffb94f8cfd8a,,,
,J000718,1,,,,,,,,,,,,,,,,,,,,,e0cb1630bf179c7904bfd941f47fa23186cca4b33ca04283ca21fc70124488b6,,,
,J002523,1,,,,,,,,,,,,,,,,,,,,,4acdddcd95b032ca660d517a90a053a74a048d9bc3e1d4d5573a5e9adf06c531,,,
,J002173,1,,,,,,,,,,,,,,,,,,,,,696f9c4efcaf3615a679a7846f5b2a36ec352dd9a17487f0d660a0349cae9e11,,,
,J001221,1,,,,,,,,,,,,,,,,,,,,,d2431d24af518894ca5fa5c5e2ebc73ac31e28df87af4377346295535d1172dc,,,
,J001037,1,,,,,,,,,,,,,,,,,,,,,980e3678acedcb9f810da3fa9d5c59e0c02555a8df1caf51a1c23d0d66b4553e,,,
,J000037,1,,,,,,,,,,,,,,,,,,,,,64943df37c3193b4df099206179a66a2c6029a06151b14a9973a6587805b44d1,,,
,J001959,1,,,,,,,,,,,,,,,,,,,,,ef62aa32a7e7da33aa47de27e118f056188f0eb1b91d3851b256d37313d76d07,,,
,J002581,1,,,,,,,,,,,,,,,,,,,,,63da25058363b481053ef16943d4083b39b1c6fec4fd5ede408986c59cdd07b9,,,
,J002542,1,,,,,,,,,,,,,,,,,,,,,6b22e89321ea13ef9b7582a5711312b4ac162c25f60c953aada8f102067f825c,,,
,J000246,1,,,,,,,,,,,,,,,,,,,,,624570d7b145de832b05878ef2e786141b923031290c8d3a0f9898c860cbf694,,,
,J001217,1,,,,,,,,,,,,,,,,,,,,,1777c5ec32c7d1461d7c7b92ea1892bf60ce08e0eca51dc0843430aae4d7ba3f,,,
,J002545,1,,,,,,,,,,,,,,,,,,,,,697bf81a269fe0b9d27ac11fc0601ad152548694f8c716f47a40b17f2d902c6a,,,
,J001622,1,,,,,,,,,,,,,,,,,,,,,f3e891efd3f7d74b9bf364fdcab73d866de41056f13f3004a3fba08e4d6f8656,,,
,J000196,1,,,,,,,,,,,,,,,,,,,,,3f5c0bd323f9334564347e9d4ef468e522d38755e15b640822c5a6abb22270ba,,,
,J000955,1,,,,,,,,,,,,,,,,,,,,,872ae37d7e2e30627e732e00bb12d1915641f5da2dfce4ebe57403d01e704def,,,
,J002957,1,,,,,,,,,,,,,,,,,,,,,490eca96506910e7b032a7c1ec81d453ca35c148992d9db1e3605526d731e17d,,,
,J000077,1,,,,,,,,,,,,,,,,,,,,,3dd16a287cf3822160c1871b8df9e430f89b2850de3e7838a7c1b3f2d324b976,,,
,J001020,1,,,,,,,,,,,,,,,,,,,,,954c9abb6576e128313a7604f1b1f0fc492cdaa7798cedf4380edd1efe96a626,,,
,J002944,1,,,,,,,,,,,,,,,,,,,,,31d00045a44c25c93f3b0bba0ac970f245fb9da69778bce80d1d94376d8f2a1d,,,
,J001771,1,,,,,,,,,,,,,,,,,,,,,0cddd38af3ec664622819d85ca7a953bfca9eee771ea7b6688e0d7e9cc8e59f0,,,
,J002349,1,,,,,,,,,,,,,,,,,,,,,5c1c6779bd631951cc92217fe64a9be2ce52382c58db2303ec15e3de759e443f,,,
,J000215,1,,,,,,,,,,,,,,,,,,,,,fbc71e5561f142b2df935d765f80a33fac4b2b2078f24b80a4c685e854f0f9ed,,,
,J001527,1,,,,,,,,,,,,,,,,,,,,,cb963986d28c1a764ca5ae3b2bd2e9adb3ba12b2275f7ba4b95b84a41817002f,,,
,J000115,1,,,,,,,,,,,,,,,,,,,,,620586dcd0bf3321631ac8e023c86b70ddd63b11c4b051b636eac5e15f6c60fb,,,
,J002841,1,,,,,,,,,,,,,,,,,,,,,b225b1fbb0b799f089178effab37fbf23d62ec4bfd747966ea6216a1552fc228,,,
,J001299,1,,,,,,,,,,,,,,,,,,,,,7f1bfedc2662cc45a50311e7009abffe88224bb46d297350460bd3af69f6a368,,,
,J002856,1,,,,,,,,,,,,,,,,,,,,,d1df60bd8037d02f955fd0a5ee3b84dda2a6b5f56ab9f609d2246ce74e1447d3,,,
,J000847,1,,,,,,,,,,,,,,,,,,,,,335ce54d76840257982d823bcb93fa27d17bbe893fd37474c892f619aa6fcc40,,,
,J001805,1,,,,,,,,,,,,,,,,,,,,,287197f00734a26271b6e9ec75667628309c58be91abdc1473c3c246bf570ad3,,,
,J001476,1,,,,,,,,,,,,,,,,,,,,,572d314eaa64f05bebcf1325847967cfd1357d1fe2b629b5590066844dbbe0d6,,,
,J002371,1,,,,,,,,,,,,,,,,,,,,,878d35f9eb0afe1a83c8926cfbe5c1036967650aa6a6a95f171ebe868fc2a350,,,
,J002888,1,,,,,,,,,,,,,,,,,,,,,a2d2ccf443c7d31606539851a4827ea65e6754dd79767c1882e008a5fa78e864,,,
,J001550,1,,,,,,,,,,,,,,,,,,,,,2888d69db18756bd1592372ba8465d0ee1d856d8f6127d3e35ccea7c468c57dd,,,
,J001019,1,,,,,,,,,,,,,,,,,,,,,bb327765935573f25ebcdae2b6bba8b6e9eb391e2214c762c6e7597a853e9bef,,,
,J000986,1,,,,,,,,,,,,,,,,,,,,,9300247de8a3b0cadf74c7d3853daf064feb95f434226546a823597172a2e653,,,
,J002772,1,,,,,,,,,,,,,,,,,,,,,52fd79ff62a4c63fa628dae9bcc2b9224bbec757f5a290e32633ffc64e60c241,,,
,J001284,1,,,,,,,,,,,,,,,,,,,,,e42a40c78846311f1ea8e174d586f4c7929814c0ce51f69eaf846653712b63cb,,,
,J002828,1,,,,,,,,,,,,,,,,,,,,,765868fc671ecb576fb958435352212a15ccacb26c5fcca9874359fb96bb3b3b,,,
,J002406,1,,,,,,,,,,,,,,,,,,,,,e680825ef01c4b291b789166e460131d7846cde8079a43a42433c181cf35c76e,,,
,J000616,1,,,,,,,,,,,,,,,,,,,,,d65c3993d9417aa1408a6af6908a9145545b462ed66bf892106eeaf5d13c9e2b,,,
,J000089,1,,,,,,,,,,,,,,,,,,,,,b566338dc1647ff678d13dee584c07ddc3df06728c546fa85c090a2546d56680,,,
,J002341,1,,,,,,,,,,,,,,,,,,,,,3c6b5312b3f4363ea0c18030f7159c0a854a071314ffb99122958313b59d7d6b,,,
,J001161,1,,,,,,,,,,,,,,,,,,,,,96cce6067b8cff05ddeb1acf6dab3415b1528f7a58a2cb1587bbba625785edc7,,,
,J000014,1,,,,,,,,,,,,,,,,,,,,,d7eeea3328b776565daddbc2fb9b405e12aa1e38fa662f2cbf35e782a75bb25d,,,
,J000453,1,,,,,,,,,,,,,,,,,,,,,11e7e09ff12d0a5e9849b0173c2e442019a35f6bd7a4288b9b65f4dd7d4fe4b9,,,
,J002304,1,,,,,,,,,,,,,,,,,,,,,7590f69499c0bdd918d742200b5ce12306831d96a21bee81f7b56d9146f14d95,,,
,J002851,1,,,,,,,,,,,,,,,,,,,,,2cff2ecf5bc35c5ef05bb371b925182a427b20bb8fd3b2b0764d50933610c43b,,,
,J000435,1,,,,,,,,,,,,,,,,,,,,,fd4cd948fc61ff27f65e83c2d373775e6316bcdaf9da20e80930ea2760353977,,,
,J002009,1,,,,,,,,,,,,,,,,,,,,,6d576cbdf20d84ac24e49d5f4d0bacb4883862cc0d6b8a3827a635a72378197e,,,
,J002184,1,,,,,,,,,,,,,,,,,,,,,dbdb5c675f79e12d8e2f5753eeefc7a01eae0f1e6d0a776e94ce265d77f2d250,,,
,J001515,1,,,,,,,,,,,,,,,,,,,,,085318c3290f5029c61c647850234e52cb048755d33b62d87deb521f09c6b9a3,,,
,J001475,1,,,,,,,,,,,,,,,,,,,,,c80e3704ce90baca064ada526fb20a7a5c67b1addfcbff85a714e85503f0e254,,,
,J001895,1,,,,,,,,,,,,,,,,,,,,,de48e6e5edd794256af588095ba6f309f49f2aaaa23ebf738f5cd4c0b1bb0d3e,,,
,J001150,1,,,,,,,,,,,,,,,,,,,,,632ed6ec26fec8bbd1708bdc8a47826dc0fe1880253af2eb24f3405ac771a99d,,,
,J002822,1,,,,,,,,,,,,,,,,,,,,,1638b8d8aabbfaec2e10321ee51dc369d4c83959766075c1b3a4d3068c31994b,,,
,J000153,1,,,,,,,,,,,,,,,,,,,,,eaceacfbf8d6a25faddce95ec0ca4335640a88731a222ebb99664381ca99286d,,,
,J000917,1,,,,,,,,,,,,,,,,,,,,,cacdd76c3bfd2825dad63a8936b26fba2a415d6087acde6555c2de9a06fa2b56,,,
,J000599,1,,,,,,,,,,,,,,,,,,,,,928fa87330d743ef6b040a0c7330958777dc0224688b2d9016b37778db14a18b,,,
,J000637,1,,,,,,,,,,,,,,,,,,,,,14866776ca4554fbadd0af9bace6b6c5382c554f3e75aec10632596a9bbcb077,,,
,J000204,1,,,,,,,,,,,,,,,,,,,,,1669d2ac234da5d367194180be0f2967c1432a0f5bf8894dc3c05d755a756782,,,
,J000379,1,,,,,,,,,,,,,,,,,,,,,f46471eff54c523ca1b12a8005acc794838f71478bdf99b702163f1c3660d278,,,
,J002569,1,,,,,,,,,,,,,,,,,,,,,faf03cda61befc296b29a7f8e76b2173ab7c9983a3675a89d33288c88c52a549,,,
,J002435,1,,,,,,,,,,,,,,,,,,,,,c957f841dbab0f2fabb2b4ab0b6f0f2c9e39faf5fd7e97418c39abfef6bac818,,,
,J001893,1,,,,,,,,,,,,,,,,,,,,,ac106d6713d0eab87d213d16bcccc261f32f28c47a35ea760e192330d4d0ef16,,,
,J001274,1,,,,,,,,,,,,,,,,,,,,,a4dd317552a58fb8a445f352d1cd1779a350129883889e9ed31cd0713b4a16b4,,,
,J000080,1,,,,,,,,,,,,,,,,,,,,,56971bb0ce26fb245bde2822ac03668faf488c5de3bb6c87c5c2325fc5f45f2e,,,
,J000108,1,,,,,,,,,,,,,,,,,,,,,0e68ca8ea2e9da47ccfd0dfbbf74e0e30725a2519aed75658879da49f0d9e7fe,,,
,J002064,1,,,,,,,,,,,,,,,,,,,,,903f2aee03b87cfcf356ba9ee970241e07409cbb7281c43146abdd01cf2549d1,,,
,J001488,1,,,,,,,,,,,,,,,,,,,,,a36edb2848de1985e942863cd9707372a4328e715a34039548351004f92a85a6,,,
,J002373,1,,,,,,,,,,,,,,,,,,,,,da6986a59af6dbbcd208f06bcba968680f98d6597a77a0bcbad587935495566e,,,
,J001372,1,,,,,,,,,,,,,,,,,,,,,e670287bf284b4f24c62fb482dd12a53951d8125901b0305f0e89c9533c8a997,,,
,J001568,1,,,,,,,,,,,,,,,,,,,,,10c771b6c25d355d08ec299aa0104469a6b978c4f99f7352ff508048b02f0e45,,,
,J002999,1,,,,,,,,,,,,,,,,,,,,,c344ff8466342ec5ac2caf24b96c732370a05461e877f3648a3413b090f71f8e,,,
,J000400,1,,,,,,,,,,,,,,,,,,,,,d97a255e5a95a4586a0de937df5f09ac47d81e8c5caf4e4d495ac3d2da6e35ac,,,
,J000580,1,,,,,,,,,,,,,,,,,,,,,7378154ac0ab81f83be49c322f011039802422dec7347c6f0e01b02ea3da5d01,,,
,J002046,1,,,,,,,,,,,,,,,,,,,,,98042cc5df183bb569fde7291c9b3a8338c885df997f7220e79db5273d9a7265,,,
,J000705,1,,,,,,,,,,,,,,,,,,,,,1cd27f9af11ff41b1a3586ee0872d4cdb302d067fd7dde98a8e3cb791b8e21fc,,,
,J000271,1,,,,,,,,,,,,,,,,,,,,,3d61796a3375bce2e831492936c74319eb5ef665dfad58ac5f32b3f884668827,,,
,J000901,1,,,,,,,,,,,,,,,,,,,,,0373bca26f84f4e0cce254326c5a962c918360c402c4d29ca17752356ea1b1f8,,,
,J000007,1,,,,,,,,,,,,,,,,,,,,,2944e7e73f7d89f13e46df6411dcc62dc3f67bf799a3f7eca09f493bbd43eb46,,,
,J000540,1,,,,,,,,,,,,,,,,,,,,,34812a5e8a713c10f0e62badd0db4338b976b73e9f05e19081579eb894217b2a,,,
,J002718,1,,,,,,,,,,,,,,,,,,,,,17dbaa3ccd77b8d846e237f3e988c7399f71d10f473fafb646e7b400b6f05924,,,
,J002580,1,,,,,,,,,,,,,,,,,,,,,97eb17407a4dc6654817366301c4af78533b3b7fcc95c4fc67cb1ccd046ad163,,,
,J001294,1,,,,,,,,,,,,,,,,,,,,,a62ef14a17fc50555f86192bb15d0a1917ab8bb8810fee48b2fc8372bd52de60,,,
,J000065,1,,,,,,,,,,,,,,,,,,,,,73f5ba7e01e39973845f36db8783a52e7bf766bbba36c326ed91e7d6a0f4ca13,,,
,J000613,1,,,,,,,,,,,,,,,,,,,,,978e83d260eb1250690556bcb908c856d6a32500a94c125837baa349da289852,,,
,J002982,1,,,,,,,,,,,,,,,,,,,,,fadf3805c23a5826103b8a6ef5d3755505937d9eb580467c15aa8c216024f44e,,,
,J001107,1,,,,,,,,,,,,,,,,,,,,,3ac1a54ec8d9f6af329dc60df607303c61c3bf1c2150b8deef3d9b6661247e31,,,
,J002035,1,,,,,,,,,,,,,,,,,,,,,c8620b80338eb74c40856a11476f754a652086780a9da2d82b55609da14cf454,,,
,J003014,1,,,,,,,,,,,,,,,,,,,,,26d5483794a9b19ceb820cfc9d643c611f6e59a30891a525669d02cccdffcd65,,,
,J001728,1,,,,,,,,,,,,,,,,,,,,,7f0d2e2a4f104952d5fd5bff670192d8abfbb082e31a6af412d8b47fb0f645ba,,,
,J002018,1,,,,,,,,,,,,,,,,,,,,,0c625b142bdb53110d5d06b868ef2deaf9d672e874de962d89a3bf8726be9dcf,,,
,J002324,1,,,,,,,,,,,,,,,,,,,,,d6a16ef0007c80ee98002943e12c3a9123c00c80fadcf934c803a278fa952d74,,,
,J002495,1,,,,,,,,,,,,,,,,,,,,,829cbeefc874001921b5a2f0c94d03c7fd3bef7d348c4381f605d37459b464fc,,,
,J002587,1,,,,,,,,,,,,,,,,,,,,,d5e427eccb7af2cff6e48a47a8ae3ee6563da29eff4467bca880cfb98541747b,,,
,J001958,1,,,,,,,,,,,,,,,,,,,,,ea93b715565014c89873db16e88c4c38f159834a8fddd8629f04fb85b0a9498b,,,
,J001399,1,,,,,,,,,,,,,,,,,,,,,0b5d8cff5c6b0e3d59e7ce528f5d074def4cb7fd09d82914b172db453b5d3ad0,,,
,J002340,1,,,,,,,,,,,,,,,,,,,,,b3a765ac194472b958c0b49d96a97761a4a3849a882d5f4db03d3f920b4298c6,,,
,J002560,1,,,,,,,,,,,,,,,,,,,,,c87b9f56b5a7de6ed735a9760d03366c131b0800717f852272531bac2e2c89a5,,,
,J000013,1,,,,,,,,,,,,,,,,,,,,,b9902f930ab85c77f3921320a6acad9e6404f600a911f12004c3c465e8db081b,,,
,J001103,1,,,,,,,,,,,,,,,,,,,,,adc585eece193ea9ca8455165756629be77db8d5bba162af3f0ebc374b1c67be,,,
,J003100,1,,,,,,,,,,,,,,,,,,,,,df5f0b7a3a8947f26929c12be998de2b100f579c79676bd1307928095522b763,,,
,J000866,1,,,,,,,,,,,,,,,,,,,,,16736302d49ed45a43f0bb61339808609ac8561c3fd77ceed89dfbfe7dc50b3f,,,
,J003115,1,,,,,,,,,,,,,,,,,,,,,a5043517cacdacb97e747f605c39e579d968bb5464fbd0b2eebf7c9ff99d4049,,,
,J001269,1,,,,,,,,,,,,,,,,,,,,,18423d811ebcdb17d1592121483b652569cd0cc691420e2843f2a09102a3d4db,,,
,J000998,1,,,,,,,,,,,,,,,,,,,,,f8320e7f02b14f3b052903ac17b19233b41a92c3b3a2700b3bc71349f7bab71a,,,
,J000836,1,,,,,,,,,,,,,,,,,,,,,756be5907a997aa2f3393cd84aeee21dc78cf7e427ea1a0d7c6bf6e41542ab82,,,
,J002455,1,,,,,,,,,,,,,,,,,,,,,2948f391954e315ea414bdcd60964f46b2204cc571796c597c3e7f2ffb948960,,,
,J001340,1,,,,,,,,,,,,,,,,,,,,,905384c9be95fe6fc312e5fa1a966b7bdddfc40a4e6647ea4d06ed6374c74dcb,,,
,J002134,1,,,,,,,,,,,,,,,,,,,,,70ad98ef237ac0b2dec5b87dba0abbcaa64f4469800d19069ad8cf08a2891cde,,,
,J001357,1,,,,,,,,,,,,,,,,,,,,,c2ff60bc1b478c1a4bea2d6d8350f0510e4c4c3d15ce2e107c1b12a274b6d08d,,,
,J003139,1,,,,,,,,,,,,,,,,,,,,,b83c16cbe903afd6a3cb50fee432ab1317958633348446287150a7ac2dda4147,,,
,J001971,1,,,,,,,,,,,,,,,,,,,,,5565bdff26cbbb8be00296e42ddd97159502e2c4cd0a7348cfd69e672c7b2dba,,,
,J002044,1,,,,,,,,,,,,,,,,,,,,,7ad54b494d8081cd4b831d54d63faeccbdd9a8372a03af5eb5d5baa9727f3c6b,,,
,J001546,1,,,,,,,,,,,,,,,,,,,,,1327eda3a8ca426b493ec269e6aad8fce0ecf2cade3e78b18d1354ae1b623811,,,
,J003055,1,,,,,,,,,,,,,,,,,,,,,aed0906e7c059cf95880d4bef6caa7d17b4c4fa016f894317ae0937303301fe4,,,
,J003082,1,,,,,,,,,,,,,,,,,,,,,b5fa0a4893599db4a2a95aafc0d36b147e3046c397883afb9229d24abd0ceda8,,,
,J000953,1,,,,,,,,,,,,,,,,,,,,,140a6a665bce19e898a3665583b2676b5715d3b2ef297f1c566b0761286ea322,,,
,J002694,1,,,,,,,,,,,,,,,,,,,,,19afbb20896ccff4841034ed6bae39168d1f4c0fd31234c458aed9d5b2b99365,,,
,J002857,1,,,,,,,,,,,,,,,,,,,,,1597cf0b69b601368ae6bb375a87602f51d18215473564557301adebe9191540,,,
,J000318,1,,,,,,,,,,,,,,,,,,,,,7c2ce17c8e34222454c2e3a5fa4f9ba84ade660e8743fa9be7c96753930b82f3,,,
,J002416,1,,,,,,,,,,,,,,,,,,,,,e14f5e7b09440cd75ec11eb0bc7134a587d07ef181dcb50299fb3f290811313f,,,
,J002463,1,,,,,,,,,,,,,,,,,,,,,eb3875e753da699706172eda5afff2656d07426cf2f65e4625dbd97a9e5013b6,,,
,J003037,1,,,,,,,,,,,,,,,,,,,,,3908f458894e647da7a82ffb146c39bebbf8306d4fda42dcc7f4ea64ade41e64,,,
,J000706,1,,,,,,,,,,,,,,,,,,,,,7e113879b09214679d61610a4ae45d8be6e8573acc426935cf8837dfa7f1b072,,,
,J001754,1,,,,,,,,,,,,,,,,,,,,,a67f7f9c59f7944ea825f7bb3b0d6fd29e72f5b206c531fe308276539887a00c,,,
,J000122,1,,,,,,,,,,,,,,,,,,,,,61b3017a596664ad5e1dae58c86e2af606cf52aa4b8d72688f1c8810f1294d5b,,,
,J002601,1,,,,,,,,,,,,,,,,,,,,,3d561c25f3df72ce5fd9327d5e16a8ccbb8f531c485ef854cede0ee6c90e419c,,,
,J001880,1,,,,,,,,,,,,,,,,,,,,,3fa673bc9677b26b309e9fa87b0258c1aaed3cc4003c593663d658194bd87684,,,
,J000044,1,,,,,,,,,,,,,,,,,,,,,31c1a167af1833b2878d831b116b2e90c4c23110e75816d6616f4ebd0af882b7,,,
,J002345,1,,,,,,,,,,,,,,,,,,,,,49f331804f08710075f34eb93bdb443c9045beb180041f878b3b1c33a2aa1c11,,,
,J001496,1,,,,,,,,,,,,,,,,,,,,,90eff372c214e75f11acd94da14b0d41c489470e5c0a1b1f28297b72e73194b3,,,
,J001756,1,,,,,,,,,,,,,,,,,,,,,00027429a4ac3d4d37b65379ee0d36d6f8b167985c0dc6bc78e79d76b3d34746,,,
,J001327,1,,,,,,,,,,,,,,,,,,,,,f99e1c35c40462da46671e92b288ab1bc2c9b8485eb3b6d9c805fa073971acbf,,,
,J000223,1,,,,,,,,,,,,,,,,,,,,,5d204e03ffc7f8e71ae9e038adbece8d3cf6235e367336afc7ff058ab1f16235,,,
,J002182,1,,,,,,,,,,,,,,,,,,,,,2d2bfad18dd9eccb851f217b0beeb629c02b2ff475eb131017257504888eceb9,,,
,J002329,1,,,,,,,,,,,,,,,,,,,,,be04fe59a3a89476c15fe4bf4554dfffba23bd0ef8a5c018493235f2950132d2,,,
,J002012,1,,,,,,,,,,,,,,,,,,,,,be36aa66fab1b7a4befb8ab2a763a5000591a3f6d3c0185fcbe0bee50b4d6f22,,,
,J002002,1,,,,,,,,,,,,,,,,,,,,,348de4aad175852b50545765c78505224b8c66164eeda47da6bb43a37f1043db,,,
,J000860,1,,,,,,,,,,,,,,,,,,,,,49126e561959bbda98c7bb0c5c0a382f2c48dfb950dd63d06aee6980995ea70c,,,
,J000100,1,,,,,,,,,,,,,,,,,,,,,cf596fe6b58aa45c365468ae6a525e0b8a9c93e698c4b18c23844e7fce5ff826,,,
,J001502,1,,,,,,,,,,,,,,,,,,,,,1c60d6f9bef120903afe9fa5dcc9901e04cc0081c469d1e4c52fb739aab33594,,,
,J000727,1,,,,,,,,,,,,,,,,,,,,,b19abc8cd169c758b20013362cd8b9596f238208aff508001972d00d0d744e53,,,
,J001260,1,,,,,,,,,,,,,,,,,,,,,c3feca4601b9ca4494190655a36fbd081301b9142d1ccfec9e47876d52320b9c,,,
,J001627,1,,,,,,,,,,,,,,,,,,,,,3076837ca1883fc63bdf012cc5aa55db02b85af53a68fbfa740f0fb1b527bc9a,,,
,J002244,1,,,,,,,,,,,,,,,,,,,,,11ed1f2e6bd3bf8003cc57861d34075b3fbdeab25dfbc7df8b328213744d27bd,,,
,J001358,1,,,,,,,,,,,,,,,,,,,,,1f1e34d787ad0be5eec081937f9c9e4a24d655363869809909afb437fab8dbd9,,,
,J002779,1,,,,,,,,,,,,,,,,,,,,,912b4ce23e761f66b7e9b49e18701b04822b1d6b1aded5034b28e4597d21516f,,,
,J001677,1,,,,,,,,,,,,,,,,,,,,,ca7c5fcdc9e9ca1a8a519948255144b433775ddac0d28e3b8bfb6b8b92302dc1,,,
,J002829,1,,,,,,,,,,,,,,,,,,,,,5ce54d90137580e9745b6ea2915326d32fa24a2f34c133e1c1a42de888699338,,,
,J000767,1,,,,,,,,,,,,,,,,,,,,,2fae28a9ebc43915815f98d1397c337e42d47e278eafdfbb91fa12468984fc2c,,,
,J001251,1,,,,,,,,,,,,,,,,,,,,,1f6777b922b5d8987a0ac84fff4e68eb4d6acf9d99c424c9cf6b292ef2ddf4fd,,,
,J001764,1,,,,,,,,,,,,,,,,,,,,,3c8b4390850192df4832e1cfbc488940fa5dc961ad9d95e271311fa7fc71fd94,,,
,J001554,1,,,,,,,,,,,,,,,,,,,,,472e4e4ec2ff9ce11ea830c221acac7a1ec12b57b7e98c83bee589c3d87a5737,,,
,J002399,1,,,,,,,,,,,,,,,,,,,,,724184d375e667da89d0746ebdf75f9e508404869774999e282fd601188209f4,,,
,J001690,1,,,,,,,,,,,,,,,,,,,,,e952f381f381b937cc04ae2f40ae70c804b2c2e31c34fb9b2fc193883cb8158b,,,
,J000576,1,,,,,,,,,,,,,,,,,,,,,096f1651e451f146e6291889c9e0d6c53e01f9c2a192b7121c469c3e639799d3,,,
,J000438,1,,,,,,,,,,,,,,,,,,,,,d546f8cfb8746b69e77f5eccc88d4e270ef944bb77cd4fdd539774352bf431d4,,,
,J002797,1,,,,,,,,,,,,,,,,,,,,,4b50185afc9a3cf1572ec8ea4de609facb28919b4b99efa4e3ae134fa636650f,,,
,J001940,1,,,,,,,,,,,,,,,,,,,,,de2096f5b689f712bc98089600750ba34434d32231b86c6dc7527b8fd195d0af,,,
,J000283,1,,,,,,,,,,,,,,,,,,,,,7ba059db2853651dd580110b81aba6d5b577adeb517e96f002c5bdeb39c8b240,,,
,J000874,1,,,,,,,,,,,,,,,,,,,,,cf310ac84c40a9c062ff9c6ce5a676716ea35fc0931ddae6da082efc6839ec1f,,,
,J000704,1,,,,,,,,,,,,,,,,,,,,,b7b2a41088d8c2c5a635a90ee3cf1cf035d101c6166e9fa4e164e20f961220a4,,,
,J001053,1,,,,,,,,,,,,,,,,,,,,,f2c005069c4d7ca7e207235cf66e2907ce086072f0ef4bf5975f16b967380b1a,,,
,J001451,1,,,,,,,,,,,,,,,,,,,,,a349fe12380e0f26d388a3c4838e89e8d685ffee356e5ccfaccec3048b7815da,,,
,J000950,1,,,,,,,,,,,,,,,,,,,,,9a4e3a9bb542c97742c8207d4e0be6b3bc3a120e6e55073708fbe28d9325426f,,,
,J000462,1,,,,,,,,,,,,,,,,,,,,,2ddfe66eb6b1a4356e8c02c5e02a5c5155b1ee1ecc6242231f2235190bd2a0b8,,,
,J002755,1,,,,,,,,,,,,,,,,,,,,,481c2427df901fedd57fca56844df51358170e378f9df19791e22d642e540b29,,,
,J000954,1,,,,,,,,,,,,,,,,,,,,,fc93cdb9267c6aa41cb1d77d05fb7d31dcf1c57f5a711746d1795ac28d11be4f,,,
,J000667,1,,,,,,,,,,,,,,,,,,,,,3ea1984c64f1c71fc0a9fc09e4aa291e9dac5bb1768c0141bc441ffcd8cb09cf,,,
,J002750,1,,,,,,,,,,,,,,,,,,,,,9dfe88fdd0833f2f4c2c5ceb5361239d94e7bc04a1643ea3b5de6bc7a52adaea,,,
,J001291,1,,,,,,,,,,,,,,,,,,,,,68672d2c71ad4d12e4e681e41477bf8e24b32d9f2c448e6a4514a256486975c8,,,
,J001180,1,,,,,,,,,,,,,,,,,,,,,3982c1ece9288355097f1e482f1bdd6f3c0de19ef040238240c3583b3d764a60,,,
,J000621,1,,,,,,,,,,,,,,,,,,,,,3d4f7882f400554775f28d2de912b307f870015ba55baf62980b0d7fa5b9945a,,,
,J000927,1,,,,,,,,,,,,,,,,,,,,,89c6cebba2f6e799464de5f2f849039359d6c411e7ec0f983587c3644e1ada30,,,
,J002766,1,,,,,,,,,,,,,,,,,,,,,9afef711be95c27b294203b3b1d2ba822750fc6dabf471f47fa11040e5b873bc,,,
,J002979,1,,,,,,,,,,,,,,,,,,,,,24ff4b11df1ae715b8b7362c68febfdfeee4caab36d5f19694d4a62b3b697c56,,,
,J000925,1,,,,,,,,,,,,,,,,,,,,,6ca8bd336b770d5086d76fc54141364867c2e4ad49f4ce67edbbe913c2a8078b,,,
,J000485,1,,,,,,,,,,,,,,,,,,,,,24ef499409566086b914ab769c23a6cbddf23643cdadcbd62a93e0dd72e0e68d,,,
,J001002,1,,,,,,,,,,,,,,,,,,,,,1061dce144d1f9e2e20e481a3e540f475e6194bb3e30b24dfcf8608f5da5e7ac,,,
,J002848,1,,,,,,,,,,,,,,,,,,,,,800530076c9b8a8c8c3168db9827f60606d0e66f8e9003b75c196de18ae755ad,,,
,J002490,1,,,,,,,,,,,,,,,,,,,,,07d8b4855998dfc1be312defd5a4004d8cf7638f6ca93ea8474f9f4643ad7cd9,,,
,J001956,1,,,,,,,,,,,,,,,,,,,,,ae7d94702ef101f3e15b76ee37f67319c86ab825f8c1d026081cc4a6391c2aef,,,
,J003140,1,,,,,,,,,,,,,,,,,,,,,a4d155ce5c40423ef4f3175d9022edd1f016c24e569285139e1c3d6e726c2ede,,,
,J002413,1,,,,,,,,,,,,,,,,,,,,,82e42dec9d90db1e406cb0d3ee63f8842396c9f0a11048d0c3479af912003ea9,,,
,J000711,1,,,,,,,,,,,,,,,,,,,,,5bfe900fca41b846173b286b9ffdaf3682c588f4aef28ce462c29c2c362575fe,,,
,J001415,1,,,,,,,,,,,,,,,,,,,,,54d97eb693545a594cf00f5fa7440d90f6740149ea73eb4af79beaf65e07cf14,,,
,J000093,1,,,,,,,,,,,,,,,,,,,,,d44772774964226eb8924258b6df31909957e1598647d5665b9a8bca404f58df,,,
,J000685,1,,,,,,,,,,,,,,,,,,,,,2579f2af91e82c7444d85aad2d1c8c08a63dd7cdaecd4e312c79aac97961b7ce,,,
,J000285,1,,,,,,,,,,,,,,,,,,,,,a488be0952aaa2a95aa55e70f94d50e1fca5feaed51a77c5dc068ae000dd9998,,,
,J002782,1,,,,,,,,,,,,,,,,,,,,,f68d9fa39e8b3bc11f4242f5a2ae28b398d8dd231a349d22f35e6cb35098b5c1,,,
,J000723,1,,,,,,,,,,,,,,,,,,,,,554ca99065b27b60fa2ba818620442b7c55948f67e64687461363f4f4751f5e1,,,
,J002149,1,,,,,,,,,,,,,,,,,,,,,1d3e9ff95d49cf246b3940fe62b9e352ee866a8f7b1e66735d57620e91f6d54a,,,
,J001042,1,,,,,,,,,,,,,,,,,,,,,589a59038b609242ea326ea6eeffbd07871c0908fe38758f79a6f232c99fa823,,,
,J000159,1,,,,,,,,,,,,,,,,,,,,,313c8eb61351e2fa1b4478261fbed2e4011b67e0c8902ea7dbef617112b4311c,,,
,J000441,1,,,,,,,,,,,,,,,,,,,,,297d497deb8a71420d6511d492f1614cc339b03b583981a450cdca2e58f5888e,,,
,J000876,1,,,,,,,,,,,,,,,,,,,,,f9ca2b6358b45b0fa11829f320f2c066d47e0dc2c588db857381de3d15f8ed86,,,
,J001267,1,,,,,,,,,,,,,,,,,,,,,828ef8a7c71ceb599edf5be483dcebd41e4c899a6b125521ce869e6212766447,,,
,J002836,1,,,,,,,,,,,,,,,,,,,,,9a66ee040b21bc23de4b5f793aa9d228bae561c66794003e503d00cde2ae36ca,,,
,J000892,1,,,,,,,,,,,,,,,,,,,,,da720ef61caaea8ea07e8369651f3bde3fdb6ec37d936b2f427edb4fb63403ab,,,
,J000310,1,,,,,,,,,,,,,,,,,,,,,79900cc159096076bcd844f5265d912117e837ddb0efafeb14a766e9f64bd8d4,,,
,J000827,1,,,,,,,,,,,,,,,,,,,,,a2423ce8558dedfc3c6f5b6c5da0c96b8220f2414b07e3159e4eabb32ed8e833,,,
,J000398,1,,,,,,,,,,,,,,,,,,,,,6dc8091859dd731b012a12bcb1ff374dc010f4bfeb435bb3b44fd1bc1a103aab,,,
,J000777,1,,,,,,,,,,,,,,,,,,,,,486f1c2c2bdec6308715d3cf2679ee72965467d6e78d3982f83f51ea5a84e262,,,
,J001687,1,,,,,,,,,,,,,,,,,,,,,d9a37b6757c46e0fd937906a98190a9ad4dfdabf9e8ac7b4ee3b00f0cb4ed1d7,,,
,J002660,1,,,,,,,,,,,,,,,,,,,,,63d31247024d59fd9ffc264adaf2ff4b69c66f1e905beec1820db55f6a97e0f2,,,
,J000999,1,,,,,,,,,,,,,,,,,,,,,133b03c2befc7d94c1803c9894c0d03a7d4e82d4f35a8d0d39f8079c82128f7c,,,
,J001279,1,,,,,,,,,,,,,,,,,,,,,605c9548c1b04340990ed5cfe6c4cae637b8286335e49399775a7013b491b3f8,,,
,J002732,1,,,,,,,,,,,,,,,,,,,,,3f5734a85906425960f7c974e511001a0919e8da37ff6947f0f9fc9631cc474c,,,
,J002807,1,,,,,,,,,,,,,,,,,,,,,8296a9395f32228bd4a07f79b4062d06daa91aaa2b3a63f01102721cca89b7f0,,,
,J002464,1,,,,,,,,,,,,,,,,,,,,,31f68ac151b8e7768f9e220db999fc7d1dece931b04619f042346e3fa5aedb2b,,,
,J001329,1,,,,,,,,,,,,,,,,,,,,,b9a8fee7ae7b4bfc634c50243140879cb965d4875f41fd79bd23a6bc56ee0b69,,,
,J000002,1,,,,,,,,,,,,,,,,,,,,,227a6c8818494627e43643defc30ba64a3c180bd00530a38125636ec7ca6adde,,,
,J001382,1,,,,,,,,,,,,,,,,,,,,,dab653391d9beb49a054918154ef14a12d08209aa753f1b5cb130747aa644b71,,,
,J001272,1,,,,,,,,,,,,,,,,,,,,,f00e18fa7103b9237bfa38839e42920381b83851fd65bb02603a1c0ca3e10f1b,,,
,J002031,1,,,,,,,,,,,,,,,,,,,,,e14fdaab9caa1f9974466c14a76470862ed614d4ce3df64c842eabf58bb64985,,,
,J002891,1,,,,,,,,,,,,,,,,,,,,,05b333056ca6e4d42a5936d27d4b1f44ec6fed97904c361c98bb40c23f33cd78,,,
,J001258,1,,,,,,,,,,,,,,,,,,,,,c1227161ffde7a6012142a91bb12408628f707b901a469a9fffd272b9350a00b,,,
,J000716,1,,,,,,,,,,,,,,,,,,,,,72d49e3f687bdccc9d4812421ccae3cca696f1e8584649b68b5a126ac32dbebd,,,
,J002452,1,,,,,,,,,,,,,,,,,,,,,5dc2e23c409de7b9819992aa5b76add67b0de2f50d6d02fcb82a54ecbea430ae,,,
,J002453,1,,,,,,,,,,,,,,,,,,,,,d0224daf286dcf864c6144ad24df202e2fac2d15362e5b7b81f12949cba525df,,,
,J001249,1,,,,,,,,,,,,,,,,,,,,,947245c5f1e5866ad2fa23f186ee45cac9b74da68ec5b1a2a2342621c2536906,,,
,J000974,1,,,,,,,,,,,,,,,,,,,,,eee518bac54e4edb3c09b5438318971d6ff7b03c4e4e3a876c7e8dfd85062ef7,,,
,J000043,1,,,,,,,,,,,,,,,,,,,,,0f1c4d958c65c610065cc407b368a33246643115c97c317ed8e143102f2e2d0f,,,
,J002216,1,,,,,,,,,,,,,,,,,,,,,29676ac6f750d4b65290fdbff9d58e20bfc04ce972120483dee5fd9b9fd07ccf,,,
,J001637,1,,,,,,,,,,,,,,,,,,,,,b3e5fe6318b750e88fa63ec660c7f3ab768c8e31ea8fddf7070a938e9f64da54,,,
,J002606,1,,,,,,,,,,,,,,,,,,,,,8591a4f14db4776228f20dcdc915b3908a097e592fa0ea90fd3dba5430416ff5,,,
,J002949,1,,,,,,,,,,,,,,,,,,,,,c1b8540c3456b3f6409d984e07a950e5dfc5cb957f43a0ceeeb9e1fc0a1a3721,,,
,J000178,1,,,,,,,,,,,,,,,,,,,,,bec509dd940bbe5f1bd34a3d861ef4acc21d306f6a0be2ee5c8c01a9700c407b,,,
,J001192,1,,,,,,,,,,,,,,,,,,,,,06696f321080155c25ca7cc7281eb9847a2f93f99a658264d2b53880ecab24a2,,,
,J000323,1,,,,,,,,,,,,,,,,,,,,,eb565d4996ec51ac2075420009560732e4cac30865df1145493d462dc913aafe,,,
,J002740,1,,,,,,,,,,,,,,,,,,,,,d9ee3684f24737159efe833cfc571a3339bd6f19155547f8b8c19a853c09c20f,,,
,J002819,1,,,,,,,,,,,,,,,,,,,,,68d7d2f298551aec2a3d2acb199c5caa01601defabc5c0611e16166d1694ae94,,,
,J000846,1,,,,,,,,,,,,,,,,,,,,,2aeb6cc2e7970da582a3919ec95c86eee758655eeb7f338896600ea2c7842538,,,
,J001157,1,,,,,,,,,,,,,,,,,,,,,a15d5cef8cd94a3441f263c396fa4341a5e5932353071559324b400de12471a3,,,
,J001806,1,,,,,,,,,,,,,,,,,,,,,9bff7dbe7f43a2c0849b1f35f558a951b1f1364f7a944a7d6b7ddbe44c722827,,,
,J003171,1,,,,,,,,,,,,,,,,,,,,,11f6d0c67b6217150bed48a81274ce49420377de9adcbd84914d609641bb02f1,,,
,J001209,1,,,,,,,,,,,,,,,,,,,,,195b2a36228fb563609ab1dcf6d2ed65efd0653412bb7de2ff9f0dadd028b883,,,
,J001000,1,,,,,,,,,,,,,,,,,,,,,181d4ccf031b829358e3dee7a46cdb21e3c3351162714ec9f56c0831b455b8d6,,,
,J000292,1,,,,,,,,,,,,,,,,,,,,,9f6cf8528a3ab514df6e4305259e232e9e2b538340d98b1564eabfba29157fde,,,
,J001384,1,,,,,,,,,,,,,,,,,,,,,b02040f1e81f3033ef48eee92ba8083832fb27ab516ef408e3637cb3294792c3,,,
,J000945,1,,,,,,,,,,,,,,,,,,,,,0ab14c548d8f1db43f56be1985b6d557d9d19bdf5b02510ba62830ff62e88b1f,,,
,J001725,1,,,,,,,,,,,,,,,,,,,,,1640ec4169f1f25c27f51c3c8ec33811d40117bd1107a67458e5288edd4bba7d,,,
,J000853,1,,,,,,,,,,,,,,,,,,,,,9159b93484095253f0ea6230fa6341e8a8a3040026a48bd8433904ee5c3fa61c,,,
,J000693,1,,,,,,,,,,,,,,,,,,,,,435a821c6f8163ed255397013d0d554cd9a5924776c60512208f22747bbece63,,,
,J002003,1,,,,,,,,,,,,,,,,,,,,,73e6cf43237391d1a5a14fd33cb2b87405030b426669e4f0dc71f20c1812ada7,,,
,J001884,1,,,,,,,,,,,,,,,,,,,,,3378f880c66545beb5f86a8180ccd0caac07aeaf51eba5bddc760fa20b4289b1,,,
,J002234,1,,,,,,,,,,,,,,,,,,,,,4441c925327161ad1ec8e140d178d902a8bc722fdcb0be0f959b2b2a685f0bd6,,,
,J000725,1,,,,,,,,,,,,,,,,,,,,,4ca08118a2a062e53e74d00ca492f798f4076e8fe6dd3672203f1ed7adac8c09,,,
,J000293,1,,,,,,,,,,,,,,,,,,,,,b3335d1571d50763c1b5204888385f9b950e00e14c94b1f2099439626473b07b,,,
,J002205,1,,,,,,,,,,,,,,,,,,,,,e9d8acd4bd6229347657dc14ecd1d0b1143eadfaa7da31b88d2263af64127c45,,,
,J001371,1,,,,,,,,,,,,,,,,,,,,,4829643b0c0cfb6fd99e5ff12ba5c241f16d75dabb3e97254491deb3ef50634f,,,
,J001045,1,,,,,,,,,,,,,,,,,,,,,2fc6b430d33f6d7782a35008a2c12c156cb9548c068eba3fd964f1a66800aba8,,,
,J000909,1,,,,,,,,,,,,,,,,,,,,,f0ad8021d1578bdb93df102010140c08584c09215c870cf72054bceb7b1cba0c,,,
,J000588,1,,,,,,,,,,,,,,,,,,,,,3bcef7d1d3eed7cfffff34176d15157e638806787b3d58b1b4b234a1fc4d3aca,,,
,J002968,1,,,,,,,,,,,,,,,,,,,,,020334c18b225e62eadf3a105feb569ae86a3c44896906919808155fab4ef9fe,,,
,J000943,1,,,,,,,,,,,,,,,,,,,,,54917c7afd2af3fca2018bea4a378a03c28b701ce169e4956a9fdf00c12a8f32,,,
,J000304,1,,,,,,,,,,,,,,,,,,,,,e89fe28f2a2ab8a2cb1ee67256944b36c15b0f5420d8ddfa3a2d13e6d4f279f7,,,
,J000449,1,,,,,,,,,,,,,,,,,,,,,1464224571b580335d8bf41882b6cec491feb0c8c00e6714cdf4f95ee843f7b1,,,
,J000562,1,,,,,,,,,,,,,,,,,,,,,139202080805e918cdda76952bafe1c54a1696796fbb7814423de7ad1f8b1db6,,,
,J001130,1,,,,,,,,,,,,,,,,,,,,,24f766c623f137399321b5c5f5d12556f1c82f31184d44c1e17cad5ce9fe6fa7,,,
,J001006,1,,,,,,,,,,,,,,,,,,,,,efc663484c23b62c09dd52a366934f84dbe2e8860bc4073280bb7bfa2a16c423,,,
,J000825,1,,,,,,,,,,,,,,,,,,,,,0236be822a9616fa3f15addac3101d3bf052b39b57ed65bef1fc2f2575488559,,,
,J002579,1,,,,,,,,,,,,,,,,,,,,,67b91372bc58e04f0cf654898576f74897ac1a3e90694c699486a3c97a59a09d,,,
,J001346,1,,,,,,,,,,,,,,,,,,,,,bcf48b7cad5365f1b1a7bbe71066dedd5e9820b84b56d6d1228437781197343c,,,
,J001057,1,,,,,,,,,,,,,,,,,,,,,9015cf391443b1241c947ee1beb24ff987f383dfc31f746c2360a3b360ed0e8e,,,
,J003063,1,,,,,,,,,,,,,,,,,,,,,388f1396313a4369bde3c1c0199ddb79032c2132f3a72e7c4a13cb2794131e3f,,,
,J001553,1,,,,,,,,,,,,,,,,,,,,,0b9f05eb4c3d43cd62cc14c808780971f1b9f5b37e0976a16fa9793994e50dd7,,,
,J000760,1,,,,,,,,,,,,,,,,,,,,,fdf54800234365b0c62aa2ead5a00468ffb2200d6f0d883def2f7d3a6dbc0be6,,,
,J000924,1,,,,,,,,,,,,,,,,,,,,,3ba52d23242a80f725ce22489f6568516ff8daf0c0127bbedce69e8f03d96fc9,,,
,J003038,1,,,,,,,,,,,,,,,,,,,,,39795cae3199508981fd74afcbe33015e5fd26dc1e4325faaaa465d835de358d,,,
,J000345,1,,,,,,,,,,,,,,,,,,,,,fd8f9922ff8b5ba427e2317386ee8a98504974324b006e8eaa2903b88a8976a8,,,
,J002421,1,,,,,,,,,,,,,,,,,,,,,d7704b58d727bfb14f3d1ea2d1be47ceb7b0cc380e78edf7ab9b8f34cf0825c7,,,
,J000958,1,,,,,,,,,,,,,,,,,,,,,1cc7605b9b3d3a6f835f7e9ca06043b76e5e836cabb4c681563f16be4f6fadc5,,,
,J002050,1,,,,,,,,,,,,,,,,,,,,,1d09e904e7b76c0133b296faf97a92bae3b1d902a7e3a761471ae33216315895,,,
,J003164,1,,,,,,,,,,,,,,,,,,,,,620205cd0b10f185fb1adad70ee270782b2ca662b697319548293f2f44a21eed,,,
,J002253,1,,,,,,,,,,,,,,,,,,,,,17bad464fff8c8b6ab6d1c572cde832c277c0fd6f93c0958438a94bf3cbc413b,,,
,J001789,1,,,,,,,,,,,,,,,,,,,,,7cd4b8b18f2b5a3f5346f8321460f697a652acf652448680ba989f13c956275f,,,
,J000968,1,,,,,,,,,,,,,,,,,,,,,e91fae4a5e808f1c6332a932d22058554d12a0faa6a16988bf03d0cf73ffb1b0,,,
,J003175,1,,,,,,,,,,,,,,,,,,,,,249fe8918e564f23f05503cefc244bf5b512cf75d1a25a92fc8f86561b3deccb,,,
,J001345,1,,,,,,,,,,,,,,,,,,,,,5f580bedbe42da14d2a8bac17b1f68fea6a6fe6452a22eb181937c508ac913f5,,,
,J001334,1,,,,,,,,,,,,,,,,,,,,,ecd94420037a11ef91655a89c3263a8c52e6638ef656305ffb122bab26701472,,,
,J002267,1,,,,,,,,,,,,,,,,,,,,,492df79aeb4ed7e437c1362b44b3ba64db5bc941f8b278e08270fd6f1031f74e,,,
,J002906,1,,,,,,,,,,,,,,,,,,,,,d2e87e23825306b2c34bfa4c9852504b508bc98204bcec8a8ff5f942736661a2,,,
,J001493,1,,,,,,,,,,,,,,,,,,,,,369ea8639844eb7c4a9b684b28b9af9adb264267a20c7a417b70ffc2f2f31381,,,
,J001227,1,,,,,,,,,,,,,,,,,,,,,8182aaeb9fd43dc6fbc3af4590a86a0b85fca9f035fa20a71bd2383f784095a6,,,
,J002668,1,,,,,,,,,,,,,,,,,,,,,46c14b9d4d16c794bf3775cd638c0f156ac901c6161e5dd88673eeb4626e5108,,,
,J003027,1,,,,,,,,,,,,,,,,,,,,,f8025c5c81af566fa54e9feb9a52a3a4a1dca77bf31cd65b7f7e563df9cbf47d,,,
,J002909,1,,,,,,,,,,,,,,,,,,,,,30cb27d90b26ae1dab15c76bf28c49c40ac2642735c4bd215669cdb84470140b,,,
,J000509,1,,,,,,,,,,,,,,,,,,,,,370ecb9eae7462e27f57dfc75f38c2b8059017aea044904754e4e29cb6635e4a,,,
,J002287,1,,,,,,,,,,,,,,,,,,,,,6ac831a1f6c40a96e78204ccdd3d84837988561483d5357a4b73b352617f5915,,,
,J000515,1,,,,,,,,,,,,,,,,,,,,,8cee28c715a51b21aa4ab67bb5bf1da21a269cc580439e9916a02dc461c8f639,,,
,J002931,1,,,,,,,,,,,,,,,,,,,,,c145700ccbdef61211dca0e94d2a35427c4a58c6b033cbd3d6046f87c0444892,,,
,J000839,1,,,,,,,,,,,,,,,,,,,,,c018dc129a9b72c94da2f277634a2b6d2ed85823075e42d3397ebc38199d37e2,,,
,J001514,1,,,,,,,,,,,,,,,,,,,,,a6069b3fd7cba2a2b476915bf063a8adecd8fbdcc3ac639575c71c9755130cdb,,,
,J001605,1,,,,,,,,,,,,,,,,,,,,,745ba22c655d6c2f90cc1de061f3c6ac34406f69b3f5a36eaf07d4949e912e8c,,,
,J002926,1,,,,,,,,,,,,,,,,,,,,,f7b2dcf6c5fe5c642b83bce894406930b157a6a690f8678499550989ddd03928,,,
,J002534,1,,,,,,,,,,,,,,,,,,,,,718e7284b4b406df32c916234f8061601d3d0e609f67114d156a7394e4af9b4e,,,
,J000205,1,,,,,,,,,,,,,,,,,,,,,04d44fcb0de528aa664e0c87314823a5dca2b8f8383ddc97a847c5fd057d1842,,,
,J001265,1,,,,,,,,,,,,,,,,,,,,,074f4e2520cc37767560aa841a33c0ed70f22eb46e50ff98ba1d992a2f845a5b,,,
,J000634,1,,,,,,,,,,,,,,,,,,,,,0f26b245108ad06573aa3c2d5129d84f4b1d4b65d9a4e4fdce5be1c6d4f788c7,,,
,J000816,1,,,,,,,,,,,,,,,,,,,,,6622a9a912d7cafec6f42a642e05b8fd705043e15347a30be782960a0b0f1562,,,
,J001411,1,,,,,,,,,,,,,,,,,,,,,ea27b84ece16981b6a05102140eca561261cc3fdf78cad478a21400b06c74f97,,,
,J002008,1,,,,,,,,,,,,,,,,,,,,,c160203cdb5e6b6bd6df506d8cc0e862a352ddd216b1660b3519850ef7bec312,,,
,J001243,1,,,,,,,,,,,,,,,,,,,,,049f18dfaafa9c36a32a8b2a9237076bcf3d5ec9414c903e722243e94676e237,,,
,J000242,1,,,,,,,,,,,,,,,,,,,,,ad41678cf9521c67fb186f30808a3cfe511bef5130b664e6fb734265e67ce342,,,
,J000906,1,,,,,,,,,,,,,,,,,,,,,50edd376e95cc77e359fb57e1900db8e544987864b1f9a6bb2ed024fc9f40f49,,,
,J001081,1,,,,,,,,,,,,,,,,,,,,,f3312cc97dbbf7928508025c7ad56a885779fb63e48ddead705e7be0c201ccc9,,,
,J002749,1,,,,,,,,,,,,,,,,,,,,,7b9bc95413becc2555d6c30b33c230dcb8bad5d2a73dd8801dfc2c581171a5cf,,,
,J001839,1,,,,,,,,,,,,,,,,,,,,,cff09330aeddd7078da60e5eb25093c6d8bf4204285fdd757fd8897af91f59dd,,,
,J001520,1,,,,,,,,,,,,,,,,,,,,,2ac0c66396fe2b591a08e55300fe758bbe9c61488251cb423b48aa8ead40da35,,,
,J002815,1,,,,,,,,,,,,,,,,,,,,,feb0f805d124d2c79b6bc39fb86262c7b263c799b3fcbeda073eeab5523bd895,,,
,J000343,1,,,,,,,,,,,,,,,,,,,,,9c98c2a6dc7d9ae9e7043072b06fa1a46457ae5e810defeac4ffb0cf2d61090b,,,
,J002412,1,,,,,,,,,,,,,,,,,,,,,1c6f38414173f66f08bcae1d08be9288c99924e8c52623e506aa8facde918843,,,
,J002531,1,,,,,,,,,,,,,,,,,,,,,1756ced6c052eed04ade33bd2a52100614c3b00245b53a5c9aca4ad04f2edea0,,,
,J000587,1,,,,,,,,,,,,,,,,,,,,,9689dff5e313759dbc3be7cc304ca4d579c7a529701c62be825a094ba5d837d9,,,
,J000091,1,,,,,,,,,,,,,,,,,,,,,842413cd2b9ef66fc7ddede11d4fdb1ae002ced45ae1fe34bd2fde1f38749764,,,
,J002374,1,,,,,,,,,,,,,,,,,,,,,e662baa10f3c8432df4b12bb6282ed9f7a9ca3fe422d0984f87aaddad8b5be98,,,
,J000633,1,,,,,,,,,,,,,,,,,,,,,0d14787cd1295f8a5d9f4ede409af5991929dce8fbece77d405adc03fa012db5,,,
,J000229,1,,,,,,,,,,,,,,,,,,,,,15718ddcdcc12f42bb50787ef0678e4c02d1d7312b67f6f70df155de3311a081,,,
,J001300,1,,,,,,,,,,,,,,,,,,,,,3039b2cbaf8a8825adfd972fb4991e6ab38406bdb0b77adf04e2966cdac46d88,,,
,J000658,1,,,,,,,,,,,,,,,,,,,,,3b3c8da48318a9af15b6c02cf8d36f25630563adeaa5d91aa76020c41b7fffb4,,,
,J000158,1,,,,,,,,,,,,,,,,,,,,,fe72d22da590d01be7f07a9bfcaa03a70b2e3f894f4b5f17404861e2390d2404,,,
,J000759,1,,,,,,,,,,,,,,,,,,,,,2969a092caedfd29c69bc50368ba71a604ebde53afc9d9230c704c3cc5478349,,,
,J001296,1,,,,,,,,,,,,,,,,,,,,,096e6672cb9aa0a4122bfe65b7964a4d18d81b871ccd503c4b00a3f5a45610cf,,,
,J000837,1,,,,,,,,,,,,,,,,,,,,,97cec93e9b59712ec4f4b8047d4fb0f24c8fd046aa980bcb68f88abda9389a1a,,,
,J000782,1,,,,,,,,,,,,,,,,,,,,,a0a31a1f55b16375b85d1464be70fe843f86e39821f012631e0b0e0af1eb2b31,,,
,J001441,1,,,,,,,,,,,,,,,,,,,,,c34fe25bfad92d2401631e14f382c6a307f6b0d7d00a9acb0cf9d1da70a136db,,,
,J000521,1,,,,,,,,,,,,,,,,,,,,,cc6a3a59fd51ed8f4a0c1031ed46f6b3d4d350ef15519a65ea21eb6913de92ab,,,
,J001947,1,,,,,,,,,,,,,,,,,,,,,7cfe5db0447bd567d3047a74a3bf6342394a1e65b3dee58c5118ddb1cd3e426c,,,
,J002675,1,,,,,,,,,,,,,,,,,,,,,c58bc31ac62932a79b4319256e97c723142e54bb4ed7161728fa33c14b41dccf,,,
,J001776,1,,,,,,,,,,,,,,,,,,,,,93e6171d699b6f49a2dcd57b1d4219c1d1ca96916fad6790c912a636d0e2d676,,,
,J001542,1,,,,,,,,,,,,,,,,,,,,,9bcae634f79c1fbab0114602d71586f936b724c217a42596a1482892f82cd2e9,,,
,J003019,1,,,,,,,,,,,,,,,,,,,,,41bb46c498a8979d6cfb0c912c52298ea7f90c38736eac19779052d0e38ebc23,,,
,J002996,1,,,,,,,,,,,,,,,,,,,,,589e61269e76d91738e7a603d4c91ebf85c93864d0700417b55a4a1f079f0893,,,
,J002890,1,,,,,,,,,,,,,,,,,,,,,647fe82c43ff93d1ab99ced6e3ec41d9711bc3600998e25b8c34592dee8c26ae,,,
,J002607,1,,,,,,,,,,,,,,,,,,,,,4c996dca21bc63e7afd0e03397b23f28cc9bba6fa673f49c36d50109eb5ee3f4,,,
,J001195,1,,,,,,,,,,,,,,,,,,,,,fb096675159b636749cd0381eace193829b21984de573b96fd4400532e031787,,,
,J000798,1,,,,,,,,,,,,,,,,,,,,,9e9e12fcac396e50e2435b939d91f4bad74ddee9f386896cc1e032dc2f54ee9d,,,
,J000348,1,,,,,,,,,,,,,,,,,,,,,1e90c4a480e12a5eb7c1f77a36c83944060097f6d91b183cf494f176e735b009,,,
,J000732,1,,,,,,,,,,,,,,,,,,,,,4bcd25c94781fe9de2d97d513bdc84747f99a603cefe862d955d55cb1e4a1df4,,,
,J000790,1,,,,,,,,,,,,,,,,,,,,,b2696766b84576193a111d234521270298fe39623fbe0ac22f01c40f1e4c58ff,,,
,J001013,1,,,,,,,,,,,,,,,,,,,,,f7463663b189202450b992790fbb499fbd1029b3b543ee09e9cf75f90433e678,,,
,J000286,1,,,,,,,,,,,,,,,,,,,,,af20dec1cd882ecbbb98a1f2c45a46b05cb1a49b0b7fe811ddc45ec3ff8ae25b,,,
,J003057,1,,,,,,,,,,,,,,,,,,,,,bdc67d99b48977253270c12bdc0610a2623ce930dc6cd1ae0e89a0727454b6bd,,,
,J003026,1,,,,,,,,,,,,,,,,,,,,,88805c8b51752e17a20a58f95a5c16d01855d2a138fa4464e33cfe48f0658c7c,,,
,J000172,1,,,,,,,,,,,,,,,,,,,,,fee729aa388f4ebe2abf3a9831931411f79d94c40eb0c4126ede6713d4e308bd,,,
,J000504,1,,,,,,,,,,,,,,,,,,,,,37ae488e1b8eb3a764bb74a5acb6463acf7d88cb01a1302e751a68b1d31033b0,,,
,J002858,1,,,,,,,,,,,,,,,,,,,,,9417fdeb9e96dbd0cb964e0ef1d312d1c6aa066086bbd14edd56d43e4f2aad80,,,
,J001533,1,,,,,,,,,,,,,,,,,,,,,76f2c671db568fc2c61fdd2a491950350ca22923d40200fee806841d23fafc95,,,
,J002098,1,,,,,,,,,,,,,,,,,,,,,0ba002a4ccf07306fc490dc555fc4799879931ecdcf3511b4299bc43d8257553,,,
,J001490,1,,,,,,,,,,,,,,,,,,,,,7a9a9570bf99d3691095e13ca5d512693a34989940734ea6981be59237a3a9ae,,,
,J002016,1,,,,,,,,,,,,,,,,,,,,,1aa3458e333441e3742c2b9ec82f159a54f486ecf377dd78ea977e2bd3f33964,,,
,J000203,1,,,,,,,,,,,,,,,,,,,,,2da3dfd87d00be0fdde1e764415ce3b227aa3c1d31dff58cf9d0832653540919,,,
,J001636,1,,,,,,,,,,,,,,,,,,,,,d307f8a8737b659669b0022b0f6818ea9bf9542c016a47e6ec39a86be54b4e27,,,
,J000069,1,,,,,,,,,,,,,,,,,,,,,293c63d09e6adeed3564de47eb749d67ba1f418bde579940a259d45a921cd6f7,,,
,J001256,1,,,,,,,,,,,,,,,,,,,,,860eb03ac5a6c796984906735fd90a786bf2e2ee5035f12c517266538cb7dd36,,,
,J003020,1,,,,,,,,,,,,,,,,,,,,,31de3a01e916f8a5b58596a10e38c89fbf69e67c4627b01f40659f5a6124d5e5,,,
,J000898,1,,,,,,,,,,,,,,,,,,,,,2b010098a674627608c1765d941a5f56ce553bfde7b9c4a223920444c594edb1,,,
,J003016,1,,,,,,,,,,,,,,,,,,,,,e1a8422d9dbe8ae82a8e02baf26a84ec2ebe083affeea2f04b8685098ea01dd0,,,
,J002061,1,,,,,,,,,,,,,,,,,,,,,72fea8c2508dc404763bdd72854718d8128fb2516554df192cdaa3776d1c4a66,,,
,J002075,1,,,,,,,,,,,,,,,,,,,,,9c8d9c2fb1b74176f5094f3662dcb4d1fb8d7ad91b0e63a165ff10e992034644,,,
,J001108,1,,,,,,,,,,,,,,,,,,,,,60001de6133a70ed0b2ea43906b3ee87eabd14f5974b9c3bb01701f739a73d5f,,,
,J000593,1,,,,,,,,,,,,,,,,,,,,,35f0e8e2b1acbca40500d4003d24666243b7b356143cf7e1b118a0eb37ed2e9a,,,
,J001409,1,,,,,,,,,,,,,,,,,,,,,18a8e6701c4b85035513f22b4a4272fb3e15da679a27e07542c44e121b5afe01,,,
,J002980,1,,,,,,,,,,,,,,,,,,,,,6d941fea76a31f9bc4beb8486eebe2b96d0c9b2c7d4e335e290a4efdfe2b16a7,,,
,J001271,1,,,,,,,,,,,,,,,,,,,,,53f98c3a05256e644c3b2ff6e903017bdb98d460cce92b84ed7ac10e6d14e990,,,
,J000791,1,,,,,,,,,,,,,,,,,,,,,a54f5e7e24414f9be3e3e9353ef173e98a374b69e4264ad4b2c0c7f93a4b798a,,,
,J000064,1,,,,,,,,,,,,,,,,,,,,,089241082375990a850e84c025997026348693747f410c51ca467d3660b7bd43,,,
,J003059,1,,,,,,,,,,,,,,,,,,,,,831acf15342aacff606febd2bb9a4473f57387cc588aa00fe0c6481abdd0dd06,,,
,J000030,1,,,,,,,,,,,,,,,,,,,,,d967672a19a7d7474cb0c0fc916b5d1fbb677c722106da2d3c732feb9e34e84e,,,
,J001510,1,,,,,,,,,,,,,,,,,,,,,7729c1ca83b9de1bac48c8746528eb1a742d50af287941ebafcb661e22a73713,,,
,J000019,1,,,,,,,,,,,,,,,,,,,,,34cb42decb6146eb22097799cb6e41d8bd3fa26f68f21823de0f704ee3f3bb24,,,
,J000468,1,,,,,,,,,,,,,,,,,,,,,3b593dc7a2849f38d9b53dbcc2d581fce6667536703ba755e409287c53e0df3a,,,
,J002325,1,,,,,,,,,,,,,,,,,,,,,dd27a6d4024c9002faaed7a21d0e3dcd7adbf5cb453f6b04e505ae0458c95566,,,
,J000805,1,,,,,,,,,,,,,,,,,,,,,e1015c9c200076a2f0d7b18e66e6e7e1128ea3b50c799749b820dc11a2acfdd4,,,
,J000877,1,,,,,,,,,,,,,,,,,,,,,a79399807f0faea01284bafc0ea113823bae265ec2a2ad5d39776d704bdb46c2,,,
,J001810,1,,,,,,,,,,,,,,,,,,,,,15f62fcad71ff21a064e1b7936f50c697729df634e7a1c259a185ac0ddfbc536,,,
,J000722,1,,,,,,,,,,,,,,,,,,,,,f2d804793f777fd92f798da0dcc75406b83b15c67af4d1fa1d65aec80e683369,,,
,J002496,1,,,,,,,,,,,,,,,,,,,,,9875e5a77f53a6f4622c26aeba1f7b21c4c9b73e2291b66c400de488919c3fcd,,,
,J003141,1,,,,,,,,,,,,,,,,,,,,,707ee2dbcc0885b1cfb5fb9440ae4851cd0ef9dddbbe736d85d3172ccf9dabc3,,,
,J001837,1,,,,,,,,,,,,,,,,,,,,,61be63921989beb3f3453623a62de67fcdf4d45d9e3443794bb33d4ad104afcb,,,
,J002813,1,,,,,,,,,,,,,,,,,,,,,026019419d22f438cf7c5b886a7cd8e3527ebfb29f780a9ab428c03c90f04c2c,,,
,J001848,1,,,,,,,,,,,,,,,,,,,,,849a32dbbaae2551e18967cb481d666ea6a5342b109a9c5945e00d79bca6917b,,,
,J000473,1,,,,,,,,,,,,,,,,,,,,,f8012059c6bd50b41915877f1426d960416f2824dec4500e5e2a214947686592,,,
,J002603,1,,,,,,,,,,,,,,,,,,,,,1842df3c4cf4fddf201a0e5e77286766a35898442e1f32a7e1db558393bbafee,,,
,J002679,1,,,,,,,,,,,,,,,,,,,,,8e8493585eadb75c15188c3bb35475565027ab277640e85e9d5ca51607a6799b,,,
,J000451,1,,,,,,,,,,,,,,,,,,,,,6ef7f0aae0b1a37fa0c33c51d8f363b0e8142a92221215dff72dcf87c4260bd1,,,
,J001422,1,,,,,,,,,,,,,,,,,,,,,39fafdc1edc47c94705ed92581cbcbc1d398fa9ca33a808025daaba5b5cfb78e,,,
,J000446,1,,,,,,,,,,,,,,,,,,,,,de9114c19a605a8ac186a49fe38e501174ae7ca6a1eb70a210e137328ee8169f,,,
,J001018,1,,,,,,,,,,,,,,,,,,,,,59f51fbdc52c34627b7aae02df9bf29ecc3b6d5ba7e8cb33f50726af0243f066,,,
,J001899,1,,,,,,,,,,,,,,,,,,,,,966dc477691c4a4ffb9e551841f038da3040bf5086828b5901fa9eee4bc08ffc,,,
,J000724,1,,,,,,,,,,,,,,,,,,,,,acec5b33cb78de562684e044c9d2de7b6caf8d2ec8ce7754fa631f2d7057eb98,,,
,J002576,1,,,,,,,,,,,,,,,,,,,,,e68ee9955c7e396ddc02bca2bdf8f7b79910be7809dc95b3eb1a43eade8d89c7,,,
,J001395,1,,,,,,,,,,,,,,,,,,,,,874fe0c0b4b0a356e9d585c8d9fc4dbc30ff2cf274e35c76d707c3a11b206f05,,,
,J002375,1,,,,,,,,,,,,,,,,,,,,,d9cdb4265ab32795317f61c7295da90e96257b4313bef6ab20aebcd970733a46,,,
,J001572,1,,,,,,,,,,,,,,,,,,,,,3aa971201d7f89021dab16fdcf5a1897169033625e28a294396f90bc6514bcfb,,,
,J000890,1,,,,,,,,,,,,,,,,,,,,,e14a6e6412503b2c77e8d0e3ba2f45c062dac0d0f826f6354d8d31c5a8c943eb,,,
,J001222,1,,,,,,,,,,,,,,,,,,,,,61f89200d8cf4c37e54656ce9ffb61e6d12b019a53426132c578d93b59047458,,,
,J002242,1,,,,,,,,,,,,,,,,,,,,,def08a2592fa30984f2ce95cee90dd710a3c555b6476c7a9e75c3a14e997a3c3,,,
,J002203,1,,,,,,,,,,,,,,,,,,,,,5fd71cd7886f5e57c7d7f725a0b0ff7aa868cc40cf4f25c09745417e5f95bfb1,,,
,J002683,1,,,,,,,,,,,,,,,,,,,,,eabd00e6fc2fe154ba173080211e4e6c4cafcd7982e6fb9f0612bc6fe5b983ae,,,
,J001557,1,,,,,,,,,,,,,,,,,,,,,7e34c81a931f3bc1cd1ae53d83a42170d11d41b3dfd210d7b8faa30335697810,,,
,J001975,1,,,,,,,,,,,,,,,,,,,,,414d2e616a528d7ad99d87ab610271278112cf91fac02ecb30d6f47145d4e158,,,
,J001289,1,,,,,,,,,,,,,,,,,,,,,72b27bd7d0f3327a799b92a370625cf1e499c88e2574cfb191c3dae39f05f1cb,,,
,J001778,1,,,,,,,,,,,,,,,,,,,,,314c5ceda64d41530ed64fa94fdf3459b646f352bdc6f6f7c2fc40ea87a0c7b5,,,
,J001873,1,,,,,,,,,,,,,,,,,,,,,adfffafed091fc74d32e0de910a74db28bf51f84d499ae917658d84c12b11379,,,
,J000802,1,,,,,,,,,,,,,,,,,,,,,cc69d78681e32f5302ab7ebb7d961b84c35467464ba1e4ac8db6ac6413b6dd99,,,
,J001578,1,,,,,,,,,,,,,,,,,,,,,3482b9ae3bb109a68b15755303e6798ec2f2650cb34752b3208bd212786ae92f,,,
,J002039,1,,,,,,,,,,,,,,,,,,,,,1cd53cd0c50cca7535b1c90277367fdf88bffc1b1ec670bbde64d8d31bf89b6a,,,
,J002048,1,,,,,,,,,,,,,,,,,,,,,39d5c3e555d009a380f82fc8a49454107f9ba18d66bebdbfd62ec955e2091d9c,,,
,J000467,1,,,,,,,,,,,,,,,,,,,,,a2fe0baf3d5598de57b4e3bdc40e2b713fc4a801416cbf5ccb8f8a2242532efe,,,
,J001626,1,,,,,,,,,,,,,,,,,,,,,45fac62a1a22213122a7fa875bf8e8ed5b6a7585f86513c6374c2132865ea612,,,
,J002280,1,,,,,,,,,,,,,,,,,,,,,2256f0155c88e8efd8e8696e1d2043affefb34cbf793dd5ecd5a0c7740ae9242,,,
,J001266,1,,,,,,,,,,,,,,,,,,,,,9d57860debf5991c374a2a3122a3dba132bf59dca94c54da5c630a680f698317,,,
,J001228,1,,,,,,,,,,,,,,,,,,,,,dd86895b2a301a00dbb96ee19bc76110be4ee04a95d84ba5e2b0ef82b8a2799c,,,
,J002972,1,,,,,,,,,,,,,,,,,,,,,ff566f5d33e2cae7907a566fff20d81cf6e3dbb0cccced5e32d4c85aff575a67,,,
,J002764,1,,,,,,,,,,,,,,,,,,,,,184cf00de2952b3c8bcc47a7f19337044656c6e57c93a0196b4d0d9d02d4dab5,,,
,J000774,1,,,,,,,,,,,,,,,,,,,,,5cbb2787940a9b713804d411aef6a89d3887f05ba09becb4d7e7d1f5c1f41c79,,,
,J001077,1,,,,,,,,,,,,,,,,,,,,,fe47d8e6f3c4d1fe400fe10c5948403c7a81abb0e593ca6f11c68e2cf7d96206,,,
,J001815,1,,,,,,,,,,,,,,,,,,,,,cfb1726b562e92391d0426b3769a528eb6b450b58bf9a871e70a00274ab30793,,,
,J000212,1,,,,,,,,,,,,,,,,,,,,,81bc6a5f358d01fe375433e8a46c1f1c0390ca5da54bc97ca67807dbf6972dc3,,,
,J002029,1,,,,,,,,,,,,,,,,,,,,,96c6f94e14479ee1ca4e328c958710f1d1c509fa562064c724bd9fe2e7fa73ac,,,
,J001292,1,,,,,,,,,,,,,,,,,,,,,5fb9376f6623b0121deb70855a34f6a7e8dfd1a20055be31897a292642616ac8,,,
,J001458,1,,,,,,,,,,,,,,,,,,,,,1b385554b71a52cb4b827eb36081f94d17babfa7ea85ed3227b5f885e9911b6a,,,
,J001201,1,,,,,,,,,,,,,,,,,,,,,9cd8ea96452115723dddbb2ba8cb4e1a5f9f9c193cacebbc79ad50ad6fa269ff,,,
,J000185,1,,,,,,,,,,,,,,,,,,,,,dc271326dd2bbaeb78b04a59406021baa711139083d9fdfd8ce3c877ba69b6fb,,,
,J001948,1,,,,,,,,,,,,,,,,,,,,,22cef8b130087d2a48722b550a9114a2f5c99d9757b3be68654d5f7d057ee19f,,,
,J000281,1,,,,,,,,,,,,,,,,,,,,,d978dc05787bd53d2c599c0f6e615389b4f1e5379a99977d5ccbc6f6644ec642,,,
,J000589,1,,,,,,,,,,,,,,,,,,,,,a8dc3b55802568056c8e845b5160e85218cc8b53ac409e653271fde8103f6d38,,,
,J001016,1,,,,,,,,,,,,,,,,,,,,,a5fb4086d25669c887bc0bd1a9fef6e64f14197fc102effcf69a77e416f8d1f2,,,
,J000971,1,,,,,,,,,,,,,,,,,,,,,736343f75f57cb320cfc817358c4fa077077d78b2e0591d0f24c34ad8eacf7ef,,,
,J002019,1,,,,,,,,,,,,,,,,,,,,,6a3a35acafffb6f8a3013b86ce2058da774aa0fb4413ec29aa45c966c85ba77d,,,
,J002924,1,,,,,,,,,,,,,,,,,,,,,1cfdf6e545cd5d144d24980fa8a3d24b50abb70346ac86dccd3d9fdb948cc667,,,
,J000054,1,,,,,,,,,,,,,,,,,,,,,b83539fa4cec1caf0a081188e1ddf1c4d25324fbdd7425bf4e88a7dd93030d5b,,,
,J000535,1,,,,,,,,,,,,,,,,,,,,,1c4c190937ceab3d9c9c9f060a535370ccb70dea9b3fbfefe9070a03da6bd9bd,,,
,J001675,1,,,,,,,,,,,,,,,,,,,,,34ad6ae55d6f8844440e459e251e2ab3c32a1f6eb73142aaa8b9c77fe967f76e,,,
,J002401,1,,,,,,,,,,,,,,,,,,,,,352a97ce518591e65c2de69b13d569f1c94a10daa976ce7f15eb3db4935ca5de,,,
,J001667,1,,,,,,,,,,,,,,,,,,,,,fa0d045b3ddbabb477c82f136fa4d52a3e8b286c2d1f7a89e2a1814257e6e5cd,,,
,J000011,1,,,,,,,,,,,,,,,,,,,,,51db8685246455d1aa1b1d022ceffd2e65188de05599f9f133a6021733903100,,,
,J002571,1,,,,,,,,,,,,,,,,,,,,,38df9c44a71c2e091289cb4560898fdce1f3eb63db5dd022b1d629393014856b,,,
,J002748,1,,,,,,,,,,,,,,,,,,,,,c581dc4acee242bf6763150bb3a18a39ecb775dd4859625918061dae208691cd,,,
,J002961,1,,,,,,,,,,,,,,,,,,,,,beccc127175ef80056b1fc41740055c041bd8dac0eb73fd4f644ae3df9ebc3b8,,,
,J002855,1,,,,,,,,,,,,,,,,,,,,,e62bc7ec029d22d5d95956589ec754b1d959fce4f98a928958217e4225c84093,,,
,J000867,1,,,,,,,,,,,,,,,,,,,,,53f5f59eab0e50830369745ac64e46ad7b53c6e31fe1afce6128db6c9430e2e1,,,
,J000280,1,,,,,,,,,,,,,,,,,,,,,bce26cfd460b2bbf16c10bef95ca1aad70db87068156458ebee608158cda24b1,,,
,J002379,1,,,,,,,,,,,,,,,,,,,,,9f7b586506546f1fbbc205cd55a80450e1fea60068a8b2d9b82fb1eb4d8d982f,,,
,J002879,1,,,,,,,,,,,,,,,,,,,,,1a9a1c3df529903fd22beb6fa7e908e5fc644300978934110f652d884a913d8c,,,
,J002095,1,,,,,,,,,,,,,,,,,,,,,7fdb280d9573675cf5d620edb79bc40ef0310a83e727efabecfd20bfd6c42240,,,
,J002013,1,,,,,,,,,,,,,,,,,,,,,9c2447dc23d7a120c493d8d3e344295ac8142fc5b5d2f2247fb15a11e301bd6f,,,
,J000505,1,,,,,,,,,,,,,,,,,,,,,40022a70f8c6ad90869f0c4666af1fa25cd7b25b9c7735fa4ab5c9e139a2cb18,,,
,J000380,1,,,,,,,,,,,,,,,,,,,,,4fa59a7553d47af889552ed8a3df5b8cf9acd3f9e115c5ec0b0015021679e79c,,,
,J002681,1,,,,,,,,,,,,,,,,,,,,,1778af64a37b9a6c439e897f0c1fea7c6040b0435d64bc9606290cd40ba311a2,,,
,J000255,1,,,,,,,,,,,,,,,,,,,,,2c3859d6980b1e82994b04f8afd1dd8f3317657c5e39695efa8733e4596ef5cc,,,
,J001148,1,,,,,,,,,,,,,,,,,,,,,3fa1047ed18d4a27eb23726dff52ad81683630c7623d6c639b64615946f6d88b,,,
,J000466,1,,,,,,,,,,,,,,,,,,,,,ce9c555805413772029ea37086e22a59532332ab03e7bfc2985e8a8610dbf9a3,,,
,J002876,1,,,,,,,,,,,,,,,,,,,,,9b344c874a7a2297713568dccfbe0a8553d686c790bce35e1508764709c468e6,,,
,J001011,1,,,,,,,,,,,,,,,,,,,,,74a449e5af9ece5b5f8ed1b231e80fa9199cf81b35c35f0ff425c656dec832bc,,,
,J002946,1,,,,,,,,,,,,,,,,,,,,,a1b74269e5802a72120034b8494c2301a446b14353b5687dc20c987f3bad2f0b,,,
,J001610,1,,,,,,,,,,,,,,,,,,,,,da6ad8fbd9bf1b2d756a5643cbeaf0f1f9e158af50a86a80a3fde8fcd1fd2beb,,,
,J002686,1,,,,,,,,,,,,,,,,,,,,,c1c11f1b37b246d053b6b4a6759a176441ca4d09948e343f95d242167ea64bed,,,
,J001376,1,,,,,,,,,,,,,,,,,,,,,d79d05c2bdaf8fc40dc4d058dbc40a95eefa2718b0e5f3d4394651075fa4237a,,,
,J001595,1,,,,,,,,,,,,,,,,,,,,,d6ebec4508eb75fc0f5cbc3ce699e47e468039e3a96f35c6c48b71e3f8aa78fc,,,
,J000481,1,,,,,,,,,,,,,,,,,,,,,1c452185c68b04945d777f12a90b538b413c1a287d76f9e8d8891c487ac8fb27,,,
,J001965,1,,,,,,,,,,,,,,,,,,,,,0f25a1955b650fec3fe6d1aeb5adc28d61465650a7ab6493ad34fcb056f37505,,,
,J000762,1,,,,,,,,,,,,,,,,,,,,,e04eb66689b893f3b6c237bd8905e49f61fa2729638bbb375990f7036756b21f,,,
,J002136,1,,,,,,,,,,,,,,,,,,,,,6cc4cb76a591446e465ce113630c3acb484b232f9470f834f4929e919e041c30,,,
,J002284,1,,,,,,,,,,,,,,,,,,,,,a34c51d07b0832d421b360cde6fba892ca0975cfada9d7c8287094316c8b40d5,,,
,J000190,1,,,,,,,,,,,,,,,,,,,,,a0c0e24de485ede896773d2220f80dc9546de2d78dbbb60a05ac531150ed29f6,,,
,J002899,1,,,,,,,,,,,,,,,,,,,,,afe839e550db6267af3bedb6737f2e50f9016719186269339fbcc734be2aa226,,,
,J000677,1,,,,,,,,,,,,,,,,,,,,,218941534a11ea9f745e07a6874dfec5b36256160234386c1e9eb5c58c56a9f3,,,
,J002778,1,,,,,,,,,,,,,,,,,,,,,7737a8f6d2a51ccdf246c7e9837204651f3ff80de697a2a7c5dc82fea5f2ca18,,,
,J001450,1,,,,,,,,,,,,,,,,,,,,,eda2b8bd0cd893d0feb5b6ed45aec04bccb204c84998ea7c7e0cf0c1430765b0,,,
,J001083,1,,,,,,,,,,,,,,,,,,,,,71392a149918da7a4b9c6cf0e787d27bbbd6e0954a0d8c6cbcc3364344c85ccf,,,
,J001280,1,,,,,,,,,,,,,,,,,,,,,38f24e5b097b18ffdb822f00a930142a89b5cf5011f5fbfd444090f7a1797712,,,
,J002472,1,,,,,,,,,,,,,,,,,,,,,ad51261bd5ec0f721e5cda7ded3d334167778113df9321a17cadbcb742989092,,,
,J000715,1,,,,,,,,,,,,,,,,,,,,,b2f6c45853a8673ca9fd78cf7b703109120caca524b0b05e6fe8e3cc57c5a948,,,
,J001634,1,,,,,,,,,,,,,,,,,,,,,b5f44dc4fa212a59c9631c6e1dac04622fa32a96d0e9ee7535c852f6f228e418,,,
,J002744,1,,,,,,,,,,,,,,,,,,,,,f6b1dd99f268f41276757d990a5cfb558de6c4c798bc5244b546adfe5dc36f96,,,
,J002710,1,,,,,,,,,,,,,,,,,,,,,8e9e718e8e4fa6508cf8c6b2a62d1c7d2f9f1204875a5e2a763e14986a143fa7,,,
,J003123,1,,,,,,,,,,,,,,,,,,,,,8a8eeea0e635921dc06b9982c3964ada60f52fa726c11efd305f7ae7a1ef2b99,,,
,J002853,1,,,,,,,,,,,,,,,,,,,,,4253e957092e300fcc506c05aedcedfff274827f612b8adf297546d557b58025,,,
,J001963,1,,,,,,,,,,,,,,,,,,,,,5f7fc3c5819d66b58327b5a1fbf29aa2c48e2b81b999ca5a948e55aa8f48ab2d,,,
,J001406,1,,,,,,,,,,,,,,,,,,,,,34caa2af36371697074bc328454fe8abc6da78c19c0f071eaaca476977df59cf,,,
,J002663,1,,,,,,,,,,,,,,,,,,,,,a499c314e183f791801a96be731bf28d1eaa716f9ab608929aa62c1ed4e5e599,,,
,J000812,1,,,,,,,,,,,,,,,,,,,,,545e2b92eb259d5e53a02dc1b3e1b60f713de29306954c55a94f09fe4928798e,,,
,J000896,1,,,,,,,,,,,,,,,,,,,,,d761d9bec92543f00a47d729998b15361db57e32ae94afc9be208ca7939b14b9,,,
,J001097,1,,,,,,,,,,,,,,,,,,,,,51eb2f25bff9f46ec0fc7a76fb35651b44c2465af98c3c84ccdf1fe236da49e1,,,
,J002118,1,,,,,,,,,,,,,,,,,,,,,aa770a0388bf4290c38a75db1991a872470189ccc902f54768d28fb3d5612458,,,
,J002842,1,,,,,,,,,,,,,,,,,,,,,9c58fd8012d68c46f936a68d26bbaee17173a38ffcfa33cce1d9a11a8e46e078,,,
,J003076,1,,,,,,,,,,,,,,,,,,,,,a0e2c3783722ea9fe923054816faae094b1b3e97c20fafb81e656e30afa500af,,,
,J002384,1,,,,,,,,,,,,,,,,,,,,,8bd294182984d46c29398bb915354ba09be82263e293680ebf6d0de334e87cce,,,
,J000878,1,,,,,,,,,,,,,,,,,,,,,b740ddc1a7ce17fdaab6c0ed485831bd1655c5e9de2c7e75c81df3c0fdd7dc04,,,
,J002085,1,,,,,,,,,,,,,,,,,,,,,8124bb5487ba0316b3d845fc718a4a2da99d1ee0ac421f7361728588cd2e614a,,,
,J002106,1,,,,,,,,,,,,,,,,,,,,,6b3acc11b8bcf16638f257d6ece725ed3325d63d108633e6e7a1084d61f4d6ad,,,
,J001780,1,,,,,,,,,,,,,,,,,,,,,f7847321f8d31ec1409a757b2e8d101ccba7b6d7900b7d950930a511c7b34488,,,
,J001350,1,,,,,,,,,,,,,,,,,,,,,8a5e07efaa320f146a0a17842b001a12538e65fb42fdf32408f1ef0d595855aa,,,
,J002789,1,,,,,,,,,,,,,,,,,,,,,65542610ebe4d72aa916b60939f8f8f7fc25300496d7a78bbec9dbfa9cf02af4,,,
,J002499,1,,,,,,,,,,,,,,,,,,,,,ec2fe789f059bc66f0b725ddd445fc1b863cb36d676ecdd1af0316ff4f5a6ede,,,
,J002441,1,,,,,,,,,,,,,,,,,,,,,39c9e9784f09642c991fec7d667c63eadaa3ee9bae3a3d13f68dfd06beb67466,,,
,J001143,1,,,,,,,,,,,,,,,,,,,,,37192c4303d28edd169f86b3a263ba45038c13ca8c010032f03425f3f9d04254,,,
,J001730,1,,,,,,,,,,,,,,,,,,,,,07e4f3b3d9ff42c9e5001391ae5c1bed9b86a679e6e7309af55d492c1345b32f,,,
,J000256,1,,,,,,,,,,,,,,,,,,,,,394014ae369a3119304eda315d7a20bd92202ea089088257eeb39817716b4c06,,,
,J000931,1,,,,,,,,,,,,,,,,,,,,,a183d9909d89251ea9d793d282b66b6eeaf84a1f6ce586f432393664cc16c119,,,
,J002275,1,,,,,,,,,,,,,,,,,,,,,351e9dd701f4befa220e066ad79e681c461fb276674f91e52510a0f3e4cb420c,,,
,J001091,1,,,,,,,,,,,,,,,,,,,,,1fa0b226a58aeb6cb257415193222ea3c2ce2c365eff0da22b09acf10ef0676a,,,
,J000506,1,,,,,,,,,,,,,,,,,,,,,b19c1900a6c4f71ae19b1b0cfdda4551fe006a31e477f159bedbde2f4adf3b43,,,
,J002832,1,,,,,,,,,,,,,,,,,,,,,b671dafd17594f7fe51abfa2d19f876d5f055befb2bd36817d4680d0369734e1,,,
,J001905,1,,,,,,,,,,,,,,,,,,,,,3e19dd2421b36d64c1329866d8a6239ee81d9c06ee505f0316c379f6868f238f,,,
,J001788,1,,,,,,,,,,,,,,,,,,,,,4bcf5ad46ce1863ddeff72ff4af17556ba5fbd459a93a6c147d3fd25e48fd887,,,
,J001379,1,,,,,,,,,,,,,,,,,,,,,bd2fe386bb02275fcc37c0f9485c9558da71c2045d96b77a1d68109c1d08cbee,,,
,J000879,1,,,,,,,,,,,,,,,,,,,,,f078829f6293c6b37df70ba32750c4cb914ecdc504dc82ad6195e784b3dc9d80,,,
,J001705,1,,,,,,,,,,,,,,,,,,,,,f761b9434a88b7d8e41ab1013cfc0d19618dea6b6fb4485ebd01494bfe2ee797,,,
,J001151,1,,,,,,,,,,,,,,,,,,,,,f926b126fd03b6dfbd9d0fbbf569ce731044cf028c5552445dccb66415f191ba,,,
,J001906,1,,,,,,,,,,,,,,,,,,,,,1eb3957f3c1ba1c21690101d609d7d0ed04f674635225f5dd39cf42edaddbf42,,,
,J000597,1,,,,,,,,,,,,,,,,,,,,,c06f7a47dc84c3ee9ab1400d71b7b3204a69f211cd6ab0f2bdb2043b2a7214b0,,,
,J000216,1,,,,,,,,,,,,,,,,,,,,,a2022ba716e72bd7a617e84b7b027273c8123b136c7cde3011e04043b114e575,,,
,J001408,1,,,,,,,,,,,,,,,,,,,,,843b3201f392935a16c8352d27e882098eca435f8cf221d99f44cc347987254b,,,
,J000405,1,,,,,,,,,,,,,,,,,,,,,b6d8556ac902d50e1e01e0b11f224254330be11dc5380e534101d9638383c314,,,
,J001529,1,,,,,,,,,,,,,,,,,,,,,855ecfbf241465a9c5ae329d1e5d726c858d8f45da0a8dbf434b682e95b53def,,,
,J000433,1,,,,,,,,,,,,,,,,,,,,,8744365a764727e664a55d1c2549f5a01e8480fe027d698af95d601e8a3f1548,,,
,J001594,1,,,,,,,,,,,,,,,,,,,,,faa36eb06680d1c320db51157ff5a440309875d7a119f8945eefb98baf37068a,,,
,J003067,1,,,,,,,,,,,,,,,,,,,,,63581d33426e465e012f9d43b87df9616f01812253d2d6ad2dbf8426204643a0,,,
,J001381,1,,,,,,,,,,,,,,,,,,,,,5fb66dd95059931f1fd2eaae62dedf6bf6ab95a033631458dfddbc5c2e616685,,,
,J000321,1,,,,,,,,,,,,,,,,,,,,,530a85dfd0ca72b2b242225966b3271880df7388c9b1b8c6f5b42803e9cbd31c,,,
,J000090,1,,,,,,,,,,,,,,,,,,,,,c1a906baf5eb250040a3c4bd1a96020ac44d0bab899ecb75b97a91de65f2dc0c,,,
,J002821,1,,,,,,,,,,,,,,,,,,,,,01343fcd65acb33966a2548780a547631e7954fdfb9681d69ee167447161e6d6,,,
,J000987,1,,,,,,,,,,,,,,,,,,,,,8ba01d98edadc9f4b7c02f7af5032df0a133a8aadaeb054833399051caa98abd,,,
,J000269,1,,,,,,,,,,,,,,,,,,,,,10f100289f867a88bff09f7cf254afa2e60cdea70d90871171593237d9667163,,,
,J001273,1,,,,,,,,,,,,,,,,,,,,,7be28e6327f2a0ea6007a8b98e0dd79c9db91daf4409fac9a620ee19b17746e2,,,
,J001679,1,,,,,,,,,,,,,,,,,,,,,b31f65260a6ed9320707a4393bac9826c9939f7846537ad6ab684f6107abf83d,,,
,J000648,1,,,,,,,,,,,,,,,,,,,,,314e18b7317fbaaa3bae5bee55da488b9bf782e3a04880062a64c6f669c30128,,,
,J002382,1,,,,,,,,,,,,,,,,,,,,,385ea38143e96b8d874024320df9fbaf3e1b806e02d4ce51bbacb1098f83ee31,,,
,J003075,1,,,,,,,,,,,,,,,,,,,,,e54f92fdcf475dbf7eb437008f86a39fffbf55d8263ccc2dc7c9666ddfc1397b,,,
,J000828,1,,,,,,,,,,,,,,,,,,,,,e90346634dbd4d530f77a8ce5b355a032332ddabe6348ac720f99369da826a52,,,
,J002351,1,,,,,,,,,,,,,,,,,,,,,4f8bdf8c672cc3ddec55a3cac2185daf7954af39ae5f8380651d93654854dc8a,,,
,J003136,1,,,,,,,,,,,,,,,,,,,,,e6ab5d3ebe87cd95dfffc4060edf87e750e29c1b21a27da4623f00cfd186ba5c,,,
,J001128,1,,,,,,,,,,,,,,,,,,,,,92c7398d639603eceec7bcd6825cc2a4362d582a7d603d6a1b3fd939632e6dbc,,,
,J000063,1,,,,,,,,,,,,,,,,,,,,,009ed95a7ce83e4046af6cba334a32f7cbe14421503a136c1e3da78e14b20efa,,,
,J002389,1,,,,,,,,,,,,,,,,,,,,,81533a1890a0bbb93ecdf2c65a3d833fa98df321619eb72ba099292ee9090d28,,,
,J002187,1,,,,,,,,,,,,,,,,,,,,,ae0aa7f9d670fd43c749f1cd86434aea430d7e18b0b998386b30e0bc3bb4e799,,,
,J002761,1,,,,,,,,,,,,,,,,,,,,,c0d31c648ca18e3041305d646ebc04a78229ca25ff452c66fa22c749a7e763ae,,,
,J002425,1,,,,,,,,,,,,,,,,,,,,,bd9a79deba8a35404aef01a299de0e36dbf67f590f0457c47ec8207effb9ea5a,,,
,J000919,1,,,,,,,,,,,,,,,,,,,,,8cd1dcf04182fcb44fe890ed8aa5810a2fc6a52bca239db3a953f356dd1109e2,,,
,J002437,1,,,,,,,,,,,,,,,,,,,,,6bd1ce07895d4bbd017a78ab1ad67d2ff1671b48f2576ec4cb4518ed21f4156b,,,
,J001878,1,,,,,,,,,,,,,,,,,,,,,a83a6e2bab3219282bde71592f9e0f65e2a763fe228443e174452152493c1258,,,
,J002196,1,,,,,,,,,,,,,,,,,,,,,16f3772ab31daa30069c8bbd207bd36a8a4136b26673c085599efa23fe5034da,,,
,J003022,1,,,,,,,,,,,,,,,,,,,,,180e741a36cb497049dd09178ef9925b95217d21aeb3b35116e43a0587c58873,,,
,J002484,1,,,,,,,,,,,,,,,,,,,,,7baa0ef1a99df760000cf5ff50086312b8dc75be4544b85703339f98435b96b2,,,
,J000687,1,,,,,,,,,,,,,,,,,,,,,f4f6ff9f8adf9f09ec95818518b84e1e23ddda8d17673c744b07e92836623713,,,
,J000843,1,,,,,,,,,,,,,,,,,,,,,3381a0662680c5eccc9594ee90d601d9389749689214c5f83a5d9d3205044bac,,,
,J000698,1,,,,,,,,,,,,,,,,,,,,,7bf91ae1b7ab7f4426881db93ac225d6611ac829941b0405d68308903d73204f,,,
,J000821,1,,,,,,,,,,,,,,,,,,,,,6622d90b9d3d38eb79b29841b8eeb5b89237052beec1198599699f0fdf1b5fb7,,,
,J002553,1,,,,,,,,,,,,,,,,,,,,,c1a926de10c560d96d507c642bf37b87f740f268ac52bb4d25d6931a4c80dd7c,,,
,J002116,1,,,,,,,,,,,,,,,,,,,,,5b4d456eebf5959d7e71fec77726c00527ad978900f676de4330bf185f1e5dd0,,,
,J000296,1,,,,,,,,,,,,,,,,,,,,,35bbcf8a9b130b739ce9e714d6603611321fa19059c68d0389a4ba7da841fef8,,,
,J001255,1,,,,,,,,,,,,,,,,,,,,,0b20b33e2ef6a5148cfa25518f92677db022d4b47c7ca7227c7420675b2545b5,,,
,J000241,1,,,,,,,,,,,,,,,,,,,,,b649e90de2eeb683f37edacf9dbc21ce3b52930d455856d5311ffd286a230951,,,
,J001208,1,,,,,,,,,,,,,,,,,,,,,b8752a81734525607ba483d331cacf90cd142fe32d88543bf925aeeba8bcdf49,,,
,J000165,1,,,,,,,,,,,,,,,,,,,,,ded51549fb4e44fa43d167b06ba1c8cb7ec4c4a4e20a61da7a1283925d4805e1,,,
,J003028,1,,,,,,,,,,,,,,,,,,,,,6bc61afaa01cea63f2694bd04f372379f073f52750c4ab88868beac2e011dd1d,,,
,J002361,1,,,,,,,,,,,,,,,,,,,,,25e97a57ced167fad94d54eed0a0c2be4688ce790593daf07d5628323a55e55c,,,
,J001901,1,,,,,,,,,,,,,,,,,,,,,587aa8da69589afae234dc379d656b892c8fec241dac8a42fcfb48f599ade2d0,,,
,J002725,1,,,,,,,,,,,,,,,,,,,,,3c436ec7e596bbdbad0a820282d92537caf7657de3c20e98c817456c2e9b9007,,,
,J000566,1,,,,,,,,,,,,,,,,,,,,,842e8d636f9fdd8824c6a188cf34b6d82ddcb0d3e228e48288e9a93ffbf2c4ac,,,
,J000336,1,,,,,,,,,,,,,,,,,,,,,b3c428ada939428c77140cfb62a3a4fe3945b07d3bf6e03bb5450efd83ecc1ac,,,
,J002814,1,,,,,,,,,,,,,,,,,,,,,4dabe1aba74ae93ca80cb6cae431b4190f80d1d7ec6ac5846fabba1ae898d221,,,
,J001492,1,,,,,,,,,,,,,,,,,,,,,445cd31720b0eaaa4b0652ce5788f5607b0a017c011aaa9cde787f9f493a14a2,,,
,J000309,1,,,,,,,,,,,,,,,,,,,,,68050f5cf71bc5cbc6fbdfc850d1de613734ac4dcb048e6dc3a59dbdf27a5895,,,
,J002250,1,,,,,,,,,,,,,,,,,,,,,56e4f9165b700ace5f2dda9e7085cf9fee9c08f32f248891ff45024bddc12392,,,
,J000688,1,,,,,,,,,,,,,,,,,,,,,eba89b471890f0b611adb727f01b503397f1700b8fb68441864c7a1eb8655bbf,,,
,J003104,1,,,,,,,,,,,,,,,,,,,,,f375664d9caf0e22b2576bd17cf8696b59d9e37e4f929c45a33a635f1eb984ba,,,
,J003053,1,,,,,,,,,,,,,,,,,,,,,bff8d8c17c982802eca0570b3eca2cd07c4bd8bb74e48fdddb8a989f80415658,,,
,J000209,1,,,,,,,,,,,,,,,,,,,,,6b7ace06de7e46c77f9f172908c86d3dea4200667ca3c20c3b2e59cd5b0807f3,,,
,J000570,1,,,,,,,,,,,,,,,,,,,,,27b5bd979f3e1ae8f4eb0f08427dc924c957abed2243381156fca2de7950c7d0,,,
,J001784,1,,,,,,,,,,,,,,,,,,,,,4a50534d639dee6d5d0658cc08cd44a677474a95bb624e2b6759dd1336f6945b,,,
,J002941,1,,,,,,,,,,,,,,,,,,,,,556987f74524f819d8bf85697b171acf0ea901589f5106ebe5ae932c9c5ecd17,,,
,J000008,1,,,,,,,,,,,,,,,,,,,,,c758c982d43d0448b43fe3a6535c6b2aeb5465339d4952805e3dfea49f188438,,,
,J002151,1,,,,,,,,,,,,,,,,,,,,,8521a44212277e1a78b3e5259ae16f1805dd731fede809ae646f042a13e1dae5,,,
,J000838,1,,,,,,,,,,,,,,,,,,,,,23e1e565132ef4ad0d175b22829304e48bca3a6f19be0fd4c62a030ae3e11afe,,,
,J001544,1,,,,,,,,,,,,,,,,,,,,,586673aaf8f2677f88b16c3ed48353b3519898ee18792a2af16ab0909d152e21,,,
,J001752,1,,,,,,,,,,,,,,,,,,,,,011504749fbccac60ec45258fa2f4881abc792beb77f0160e5254489690a6cfe,,,
,J002600,1,,,,,,,,,,,,,,,,,,,,,694524710a393ee63fef5cbaf1edbd5b2687644f385e11cc88f5a60b832dab38,,,
,J001061,1,,,,,,,,,,,,,,,,,,,,,6b60b87e15848529004b6ba84c182d96e3db4cee44c07c5cb6f4db4c8c81e719,,,
,J002712,1,,,,,,,,,,,,,,,,,,,,,95d2adf21e57e4f6cd95e827bad72c340af60b4316bda22b0a9f56849a1f1825,,,
,J002290,1,,,,,,,,,,,,,,,,,,,,,0d9a0ec3c75247d93843a496af160950ae924b44a694c0e87e904908bad6694c,,,
,J000854,1,,,,,,,,,,,,,,,,,,,,,17d2d7f1dc5cf4544d6fcb6d928baa89f6110d6c0864a694384f23e39ea8659e,,,
,J002673,1,,,,,,,,,,,,,,,,,,,,,9d590cbb533a3d34f7f8eee412f9502b780198c46c808066ffdf5e0e7fd00969,,,
,J000712,1,,,,,,,,,,,,,,,,,,,,,c3a84234d6afc0fc97603ce1deae449734381db40ffde71cfd2ffc0609c50798,,,
,J001407,1,,,,,,,,,,,,,,,,,,,,,054701194047bfcee7c587cc535f9e5b0efbba07ead77e0371fe791a9104bdb4,,,
,J001375,1,,,,,,,,,,,,,,,,,,,,,c3dc192c3cbe31bcfa8a812b6ca2128dd09633734182cb062d3e4a3b96836743,,,
,J001229,1,,,,,,,,,,,,,,,,,,,,,5c07df757a4a322e7eddd7e6fc30c7bbaf4759ce364f0abbee37d139d70e6461,,,
,J003132,1,,,,,,,,,,,,,,,,,,,,,5878bad8697afc687e1e21dc6adef4eebe37eb50fd20c2f92bab7c897aa2a71d,,,
,J001264,1,,,,,,,,,,,,,,,,,,,,,9ff9c0496a1a24fe90e9e8b0042bc7d01772ab62996e0b1cd749388870d502db,,,
,J002415,1,,,,,,,,,,,,,,,,,,,,,1f8ff5c5cb1d5c909f4ce5efbaa635518dc1d9a65d4f377b5d8366744b527187,,,
,J000536,1,,,,,,,,,,,,,,,,,,,,,3b80549237d6488611cf1ead4f1072ae4b386128ccc889d69a51c74904f588e4,,,
,J001651,1,,,,,,,,,,,,,,,,,,,,,69f4a7119296c0b5e77482b05e5c9c1b221531fd999fd41ab4b695e6343ed053,,,
,J001138,1,,,,,,,,,,,,,,,,,,,,,acf5f52c08f960fa3f166117ac87ea9be2b24a2f6309422091bc3a0e68e8c9c2,,,
,J002099,1,,,,,,,,,,,,,,,,,,,,,ffdbad7d4ad0695e31c039ef804a75a47d47fadc6d11fb0700483f96840a0bea,,,
,J002194,1,,,,,,,,,,,,,,,,,,,,,0a07a2d91915a3a878b8f5b1675bc9024828b8a047b276683444b838cc7779a6,,,
,J002567,1,,,,,,,,,,,,,,,,,,,,,97576f0afde7b4a61aaf02fe0c38cc4ccffad80d1b51507773498a72d85421af,,,
,J001957,1,,,,,,,,,,,,,,,,,,,,,6f56b73e2bc8c40a888275153641313cedc78881e09d1c32804dcdf961248d24,,,
,J000440,1,,,,,,,,,,,,,,,,,,,,,a75aefc3d2ad78a7747dd65d78c2f5cd1150722b74b88a154d205f09b895140a,,,
,J002314,1,,,,,,,,,,,,,,,,,,,,,cd2b5d44bd5e85cdb23a28dcff602cd2d65e273ba1e86452cafdf248bfa173f4,,,
,J001497,1,,,,,,,,,,,,,,,,,,,,,dbba61b42c9a852fe4e2d65372a37f8030a366bdb617f06e7353ad433077caa7,,,
,J002886,1,,,,,,,,,,,,,,,,,,,,,08c636e71b92afda7b3eef2518aacc2e63357f59dbdf9a616c023ce31611d77a,,,
,J002372,1,,,,,,,,,,,,,,,,,,,,,6369832e13822f697232ae0e93e3d70320e511f2df066d80c7eaba386e9e56c5,,,
,J001792,1,,,,,,,,,,,,,,,,,,,,,0ec51424537a708db3e8fe28218bd75dbf2036f11031438938d2151e2871c84c,,,
,J001925,1,,,,,,,,,,,,,,,,,,,,,8497dd2af2038fb87f4e6947144c47a85bc54862d87488d734ecf8a278dddad3,,,
,J000545,1,,,,,,,,,,,,,,,,,,,,,1fb75f37332120029efdc0505cebd685dacdaaac0a63f8555273e36c7fb00047,,,
,J001836,1,,,,,,,,,,,,,,,,,,,,,b3a0c712f212fd4f8e3e3513e404ac78734c0104a05e52eb93ed990f79b1011b,,,
,J001582,1,,,,,,,,,,,,,,,,,,,,,1c5dac37ddc6f060413517fdebc13ec768373aa51fae7217858a6fccbb37a092,,,
,J002169,1,,,,,,,,,,,,,,,,,,,,,74bfce03491d5abf6963d9c057f5a554848e98c2c1ecf35259d7c0ef8ef44980,,,
,J002346,1,,,,,,,,,,,,,,,,,,,,,4c4feb5b0928c26714ec5c677880187296f6323a4c33565db1171b4be18b81c9,,,
,J000863,1,,,,,,,,,,,,,,,,,,,,,5b35aaf0c2efe32002a2226c7673169531e45dc944a3cf7c57f4ab3da78dc5c6,,,
,J002746,1,,,,,,,,,,,,,,,,,,,,,d0a40ab321612e86963e368e02f9e247d8cdffc364cfa6fad1767f027a83e563,,,
,J000830,1,,,,,,,,,,,,,,,,,,,,,3ccc9c8cf8823acc1fd6e01fc8953728c946de9af1fe24d09439381b3fb8a4d5,,,
,J002674,1,,,,,,,,,,,,,,,,,,,,,edcbc5011a92156ff47f1e20562f6b99e0936de60a7f3bcd4c058f75efdc0b00,,,
,J001530,1,,,,,,,,,,,,,,,,,,,,,61d6f6a978eb6ee5f4ef46ab50ffc4d795a96d1d801db428f2b68308ba973782,,,
,J001618,1,,,,,,,,,,,,,,,,,,,,,81f67e0e91301db7b2439090d19a3fb72df4e2134fa18d569ab6581e15d67aec,,,
,J002658,1,,,,,,,,,,,,,,,,,,,,,f552a734f0632377048de5d6cba36611c6159ab6a4a2e4e1bbda5aa75abfe88c,,,
,J000353,1,,,,,,,,,,,,,,,,,,,,,b8dcc3dd26d4502bc1bebc9747351a2cc6dd0de28cc945007a64101b79f7c304,,,
,J002270,1,,,,,,,,,,,,,,,,,,,,,eebfc960bf0e9b771fca333c2b5c8096d9291959348640fe79efc049224238f9,,,
,J001087,1,,,,,,,,,,,,,,,,,,,,,3406f7f568886741ebda414b93ebdbafc0e86c27af2c3e2bc924602c177dded2,,,
,J000895,1,,,,,,,,,,,,,,,,,,,,,e537ee0fd70ce7163c280a955bf0452bb7681afa03eae1d2c14b85eb0f5c4d58,,,
,J002053,1,,,,,,,,,,,,,,,,,,,,,fc0f2122e1f5f0d5c5fa6092f235ad7c93edadaabf4c1179b4298f4382db12ec,,,
,J002727,1,,,,,,,,,,,,,,,,,,,,,da99124905ace96645e51a246d95dd50e2ee12873a4402b2020784bf83121352,,,
,J002867,1,,,,,,,,,,,,,,,,,,,,,2c839d57b5c45dd761b77b7add7d0f1e4221c7de52c90b6c017ef85dc1136576,,,
,J002889,1,,,,,,,,,,,,,,,,,,,,,988f59d600d3e22306416d98580cf6de339655b53a6b75a7285894579cd3ae9a,,,
,J001715,1,,,,,,,,,,,,,,,,,,,,,1c4613e1534822b40b096302d641b2f68c074573969c920c38dad7dd295c537d,,,
,J001643,1,,,,,,,,,,,,,,,,,,,,,0a9bb16de3c20d32e2430c4a8003b5c1c522327a94b04e1ab380aa1548ec9279,,,
,J002393,1,,,,,,,,,,,,,,,,,,,,,62cfd69b770b85324022f00645569ef5157e9ca11dba254ad5433c051896f003,,,
,J000788,1,,,,,,,,,,,,,,,,,,,,,b168fcca48b56d56655db18735cfbabcc3c38d5969573a2938631e78a9b26601,,,
,J000499,1,,,,,,,,,,,,,,,,,,,,,bf96e400a6ae39257ffc5234b31f79830246622d7b18b6391ba26aea1085d390,,,
,J003102,1,,,,,,,,,,,,,,,,,,,,,c11be27d6991bbfb2cb6c124d34487f612c75c01fe041a011eb6c950a73c8de4,,,
,J000289,1,,,,,,,,,,,,,,,,,,,,,c9969db00f5c15828c094e93ca7f84ed63fb1063b435b0adca1998060fa6faf6,,,
,J002703,1,,,,,,,,,,,,,,,,,,,,,1e9ca209e8152ad31a97e2a23d3b5eaf09cb095283b1c33d1861098dbf8d7dce,,,
,J001029,1,,,,,,,,,,,,,,,,,,,,,7f86c1f4cce425df0c9744515db4b556651c3042a29f18c537aa704c4d98cefc,,,
,J002398,1,,,,,,,,,,,,,,,,,,,,,daa77fb67cba51b8daf7c26f9080bccc59ba4cbcafd6160198011ce9b950c7e8,,,
,J000978,1,,,,,,,,,,,,,,,,,,,,,d097480d23edc1a8992039b9d18f2ed78a0e515ea07a502985202d2c84986f9a,,,
,J002285,1,,,,,,,,,,,,,,,,,,,,,1dd4130b0825e24d32bd54de4183b6b6a6d68649d4b752c98a2489f0cff56ac5,,,
,J000491,1,,,,,,,,,,,,,,,,,,,,,2f4cbd997de248e3aa87f0393c5fc10f254b56a83348dfa8161e8ef36b3f7312,,,
,J002737,1,,,,,,,,,,,,,,,,,,,,,c73ca5a57cbbe60ea8807b75cb04dbde45f9a51afc7b895827d55c6de7551981,,,
,J000881,1,,,,,,,,,,,,,,,,,,,,,c305cafc59c476bd241795d79fcc14cce88bbfc40bf2b67feef067a95529e3f2,,,
,J002912,1,,,,,,,,,,,,,,,,,,,,,be23e706a0c13c1de586af55e0c14f7a9dd47e1879102e69d375b41253ec56d7,,,
,J000664,1,,,,,,,,,,,,,,,,,,,,,d82a894e1a161fefb3370656587b18b4561d02d38fb6356c5acf2bc58e3b3ada,,,
,J003167,1,,,,,,,,,,,,,,,,,,,,,7b5734856242bcf21271240e84d9e869d1cde3e6124c5dcd1cf24834dc0bc38f,,,
,J001160,1,,,,,,,,,,,,,,,,,,,,,712779dd7c414407328ebafd9ddfb0635353f7d221c13afd3322d20f6668c6d3,,,
,J000183,1,,,,,,,,,,,,,,,,,,,,,3d196e0ac5209f56013b5366ac5499fe8db56501854b144793b2da6e22f18a75,,,
,J001828,1,,,,,,,,,,,,,,,,,,,,,aea887aa94765a94b1c017b2ffbc83749847814fe6fd8544a15d74f00ce5a4b4,,,
,J001193,1,,,,,,,,,,,,,,,,,,,,,6e8fde36e470490d84b6b4993914d9b8dffa9e53abecd405e887f196f0afca1e,,,
,J002684,1,,,,,,,,,,,,,,,,,,,,,58ee1d13f372e9ceb2a6007f6212d1cbfecc62a6c5ea83081e1d818324454617,,,
,J001710,1,,,,,,,,,,,,,,,,,,,,,0d5d2e5949099845735d92f22e2cdef1298328cc0a5c08ea38baff95501713ce,,,
,J002088,1,,,,,,,,,,,,,,,,,,,,,a8bbf1a683431b34a4547a01ce054af4b449d809fa5eb0a02a851fea4ad8f49b,,,
,J001653,1,,,,,,,,,,,,,,,,,,,,,6d9db666d067717c75ded62f41320d132759757056afb70e5990076fbd71dcd0,,,
,J000189,1,,,,,,,,,,,,,,,,,,,,,97a126e191cf95a8285211b03e6bbbdcf3678b038123d4e052e791ae11aa18ff,,,
,J000179,1,,,,,,,,,,,,,,,,,,,,,0dc672f99559b8fc5ceab01ad36132d97444264b98386feff0caf3382b92ff2c,,,
,J002827,1,,,,,,,,,,,,,,,,,,,,,a0ce75a1f5b5424dae9b90be1c5f9c1c145e14fdc3f453d45d2a665b8430d6c8,,,
,J000294,1,,,,,,,,,,,,,,,,,,,,,563158ad595267ef34654c95b52aec68bb7cb780a4ae2e813dac3c28d94b811c,,,
,J003065,1,,,,,,,,,,,,,,,,,,,,,8373df91c1bdeff04f881a016847d3f7d6981e5d4af0b06c09d83a214399d4a0,,,
,J002557,1,,,,,,,,,,,,,,,,,,,,,ef98f5b5249c11f92c4dc4392f6b7fbddb99ff65af93047ef729260ca26eb2d8,,,
,J002241,1,,,,,,,,,,,,,,,,,,,,,a8790271459707733e7f92463bb26bdccaadb5d109a2b9a5674a506c267fda51,,,
,J001680,1,,,,,,,,,,,,,,,,,,,,,c03a43fb3a2efe422549abc1dee0b1d76409eeb3584a8d9ae7a94d53262d5c95,,,
,J002800,1,,,,,,,,,,,,,,,,,,,,,92338451e012d6011ee6a827db1b62dc040d5659c41249d74417d949e254a888,,,
,J002801,1,,,,,,,,,,,,,,,,,,,,,bf5608a7b7aa080616d32fc4cebf88609896f164b8b529421a6b8565c4f0eb81,,,
,J002491,1,,,,,,,,,,,,,,,,,,,,,d4732ac781d672ca4963ed5a8631c03688ffcc577efbae4c23efff34a862db25,,,
,J000086,1,,,,,,,,,,,,,,,,,,,,,7fcff50baea04d014b07faa5390054f2ed5d2715e2c9152975f95703fad1b036,,,
,J001951,1,,,,,,,,,,,,,,,,,,,,,14497c93da330217bd686b09a9fe53ac697db2dbdd30d1fc74753c0dbc3b8ecf,,,
,J002209,1,,,,,,,,,,,,,,,,,,,,,87439dccf9fa42f7f3950ea509bcc395817cfaeed9479f7fa4bf5847dbd83bf5,,,
,J001847,1,,,,,,,,,,,,,,,,,,,,,9d501613b0df098e61d09e05c2443515caa1fe54b981dea6a74efd0ed7a268cb,,,
,J002927,1,,,,,,,,,,,,,,,,,,,,,88b61f042b0aa2415af374f85964c2115dd3f485669a88649cf911edc380707a,,,
,J002195,1,,,,,,,,,,,,,,,,,,,,,ead6dfb64455c767cc8490b5fecc39af8c3584a14fff3a6589d123ec981a93eb,,,
,J000266,1,,,,,,,,,,,,,,,,,,,,,8676d341647e47954f3cfb66506de600f699e3dbaeee26951b862bbf49f9da09,,,
,J000549,1,,,,,,,,,,,,,,,,,,,,,3c092115616b073fe5891de14ea743eb9fb0a9c378161d98f6dcb349d1ef71a4,,,
,J002508,1,,,,,,,,,,,,,,,,,,,,,de3a2deb1b54894149ba85f81c9784b1e779c6f04c62d7ef83f9ad9e88404be5,,,
,J001468,1,,,,,,,,,,,,,,,,,,,,,f48b68f2e0a28358658af62107ea31c3d98eeb4628f5b1d6ef6de1958a6f6641,,,
,J000750,1,,,,,,,,,,,,,,,,,,,,,1b973463ada3cc859469190f77312bbd753c7e9a41fa260087ff271c9186c31a,,,
,J003051,1,,,,,,,,,,,,,,,,,,,,,2bd3b62f9f3ae4ad20ff77b2be42e17c344e2fb830014b25b96ffdb1f5cba2db,,,
,J000624,1,,,,,,,,,,,,,,,,,,,,,21275cd9db6bccb5aa254be89da36f6ebc3aeeb18fe2771e4a28e347dc9cd1aa,,,
,J001660,1,,,,,,,,,,,,,,,,,,,,,614623c363ac841c9cc364044ff6bab8dc153219f7d6232311a0f64473c1d386,,,
,J001960,1,,,,,,,,,,,,,,,,,,,,,d4e9299c66b9f157b4db107f2a9ef1d680ae9fd399e35cba088051885f3c5650,,,
,J001902,1,,,,,,,,,,,,,,,,,,,,,8e34e9a7ace46d76fa6f7a38fd7d6d6be8c2e75fbf74b0ffbcf3d6ab8d7a21f6,,,
,J000418,1,,,,,,,,,,,,,,,,,,,,,7a996d7757b915b159d384cd6a6ee556511e60e7b4632c59ee9b511e80971169,,,
,J003011,1,,,,,,,,,,,,,,,,,,,,,e257a0e32b2caff31c6fd66f4f77b072356d3c8e8a262ec9300916218ac07ded,,,
,J002793,1,,,,,,,,,,,,,,,,,,,,,d9d54cb9559b76c4d4e58b64405f373d122ee6b42b0dc9aa3da959799811da19,,,
,J002394,1,,,,,,,,,,,,,,,,,,,,,f95e0401021a759237e3bd3a5f99c24266df0c355380b67468b43ea6b577b063,,,
,J001804,1,,,,,,,,,,,,,,,,,,,,,509f96fec26c8a95679ca992252752ab4e7f933dcbdd883920cee51c1315611e,,,
,J000511,1,,,,,,,,,,,,,,,,,,,,,d2e7787b9afa21fb88123bbd573526419ef0b87cdd1a872e2348520b07d32e6c,,,
,J001507,1,,,,,,,,,,,,,,,,,,,,,571c01307213eca9f59b441dc99c19e12970b00909dfa5ce22014e94b5b15c03,,,
,J002123,1,,,,,,,,,,,,,,,,,,,,,01765b791e5974f332164becdb335cf5eb1ab67c6c6656701de1692295aae64f,,,
,J000170,1,,,,,,,,,,,,,,,,,,,,,43a534b9539e4825fa44f5107594e39ebf6f2c7d826971df4113f0da142b9f47,,,
,J001423,1,,,,,,,,,,,,,,,,,,,,,a41bc32b4389455732288035678349ce096177eec7369e42d2d3ae717bd1e733,,,
,J000937,1,,,,,,,,,,,,,,,,,,,,,97e7485466e1acfbf4054ff5892f27c139002fa072c0524d736860128e4fe47f,,,
,J000932,1,,,,,,,,,,,,,,,,,,,,,b6a495d57d551fc7693c0573d74406a8c3fceabe59697c779e7e3ebae72cbc55,,,
,J000368,1,,,,,,,,,,,,,,,,,,,,,2d95171b1a03c15d49baa17082e5ed94e58d373ef86f3ef0edac84ba9139e489,,,
,J001600,1,,,,,,,,,,,,,,,,,,,,,37c061d1e7931ec9f7df9dfa471f698e6a5c6761cca1ee1067159430e0f0a2a0,,,
,J001518,1,,,,,,,,,,,,,,,,,,,,,0b1af321d15aec484527bd6af1eec844665b13af7396963f89a1c6cdad36cb84,,,
,J000460,1,,,,,,,,,,,,,,,,,,,,,bf2e1ad0da9c04a8c4756e557a9ebfee443e16e73fea801537d2f30920405b9c,,,
,J003070,1,,,,,,,,,,,,,,,,,,,,,13a4d996dc09286ddf06dd63c8231bb5aa9e63ab7e3c9aaebc10358b0f38d2d9,,,
,J001633,1,,,,,,,,,,,,,,,,,,,,,09486a85a533a8c7935181ece0565dc10656848df39346b3f15f16b31c9a7f50,,,
,J001039,1,,,,,,,,,,,,,,,,,,,,,ad1bc1f0391d92a0cec2468d62a3b7f843df6ae92bf3b9a6a0685fb6a99b717e,,,
,J002355,1,,,,,,,,,,,,,,,,,,,,,8286a5b86e34fea962aa78df320ce2c4d5012afe84ff602fb07ca2ff03980c2c,,,
,J001012,1,,,,,,,,,,,,,,,,,,,,,51c79dc07da76d82d9a7ab9258a3387eeff7d8770e297b40213e85b1eb217663,,,
,J002509,1,,,,,,,,,,,,,,,,,,,,,ec99732e03b1bd77f1c1f0b1afcc403a9f5ee1891791f6f592e803f0b3641090,,,
,J002690,1,,,,,,,,,,,,,,,,,,,,,4fd5c762ecbc421cab2002e168972bd1fc6a0c044665eb216becd543c3980a97,,,
,J000916,1,,,,,,,,,,,,,,,,,,,,,c327484d39afbe6bdc79644baaf491f96f85b92f369693b7f041bd487e4e9887,,,
,J003050,1,,,,,,,,,,,,,,,,,,,,,84b260b264f89c140d1272262d9a392975b1f2219437ac266705f2ff6a4f1a15,,,
,J000329,1,,,,,,,,,,,,,,,,,,,,,69d54d6dc7c6290ec0a2dc5bec1ebce944dfaf914ff5818fb31ef74b35ed2fcf,,,
,J000058,1,,,,,,,,,,,,,,,,,,,,,507cfb8c22878ab9a3b69e91b91c733cb5cf0a1670b79dd70e2666c3fe7010cc,,,
,J003012,1,,,,,,,,,,,,,,,,,,,,,f7c2a26cc8d30a53546ddc26c518bd0ccb94e21ddedb9323ff87590514a57e2c,,,
,J002057,1,,,,,,,,,,,,,,,,,,,,,92ad9230956f329cff915a1c4f4cfdeb8464a5a8a875ffbc41152b6d2842fdd9,,,
,J000700,1,,,,,,,,,,,,,,,,,,,,,cd5bb0a7325f6a68b5e3008b5a6b7eee758910a67293d9b7c4ec5ef169efa59b,,,
,J001474,1,,,,,,,,,,,,,,,,,,,,,3c846135b10ec74057710e2d9d0324e03932a3326badbf605d6ca09054ceb178,,,
,J002691,1,,,,,,,,,,,,,,,,,,,,,7e19b73651a3726e9a096f2e929a541d79d5e1f49b2c46ac9e1352fdd217128c,,,
,J000772,1,,,,,,,,,,,,,,,,,,,,,2106e3eeaa245bc6fadac0279b8fca99d331a2c2b100d7262c22ec502302d1d2,,,
,J002450,1,,,,,,,,,,,,,,,,,,,,,e6b7740edf183c56cac1cf3c22975f87a30ac92370a2a031b9fc97529625b4bf,,,
,J001939,1,,,,,,,,,,,,,,,,,,,,,8db9d00ad323df330286e05861ad10137d630edeb373af653340caf656e61b63,,,
,J000829,1,,,,,,,,,,,,,,,,,,,,,2d781288d1033aa805112a866438f200062f32280d5a13a5f1001bcf2bd109bf,,,
,J000530,1,,,,,,,,,,,,,,,,,,,,,68a7587328f22e1e47fea729305b1dac772b46310386174fb7eefa4ce7f36288,,,
,J002120,1,,,,,,,,,,,,,,,,,,,,,25bf30fb244958bd6a7922ee920f556f049370213d0cf13c1531a3bafd868f98,,,
,J000537,1,,,,,,,,,,,,,,,,,,,,,05ab3dcd463187ef59c4dacc97edeab934012220cffb2c9baf10c46074e10297,,,
,J001621,1,,,,,,,,,,,,,,,,,,,,,4d936e7da894b9fad0cff81309300e0d46a399e059b33a06c9f2d7a046e39617,,,
,J001552,1,,,,,,,,,,,,,,,,,,,,,6529baa75470f178c7609cdea6ca893007321966b70f9075f70f9fc7ffb943bf,,,
,J003122,1,,,,,,,,,,,,,,,,,,,,,4b059cb9a89fc6f6995a7256a5986c20be782e5ac16c17e40924b8c57ef9ec0c,,,
,J002124,1,,,,,,,,,,,,,,,,,,,,,7e39bbd5a1511e64e28f894cfa6b9f190079233e653ba330bceb1f2621b469c9,,,
,J000859,1,,,,,,,,,,,,,,,,,,,,,01baff94238dff9e99b281a25582f0579d71a95a671046841f2d922a24c4d492,,,
,J000631,1,,,,,,,,,,,,,,,,,,,,,4ed38b9a7945b7ed4024791e8f9d8e24f814f0f9221249e54d84112fdee304cd,,,
,J001331,1,,,,,,,,,,,,,,,,,,,,,91195aca628201d8e3b398a7df1cc4c67bf1248880a73eb9f6b7cc291c3c94c8,,,
,J000810,1,,,,,,,,,,,,,,,,,,,,,39a406548bb941abeca292ec5262451f633cc97d0b4e482d74ac1aea5d8d21e3,,,
,J001952,1,,,,,,,,,,,,,,,,,,,,,e71da203009077ef3229370f078c24feaf7b544609171bf148cbf093f1d6cbe6,,,
,J001750,1,,,,,,,,,,,,,,,,,,,,,88c834e2934a645794876b6262778ff6e9c0aa469b505a245516ca7a7878eaad,,,
,J000105,1,,,,,,,,,,,,,,,,,,,,,c9a4851f92facbd21d9c2f6e6b6f28ea9b54aba004152792c832c56ae36c4955,,,
,J001865,1,,,,,,,,,,,,,,,,,,,,,690f28920fdb92a3ec4d5fa0cb4ccd7465b547b7499248cfff4339e3aebda2f2,,,
,J001471,1,,,,,,,,,,,,,,,,,,,,,8bf0162678fa3bb00adff078627f8d5c205011ad4204400824b0e51c1cc9bf0d,,,
,J001084,1,,,,,,,,,,,,,,,,,,,,,4638830473a02299b1bb47d7e867a10c7c17c37c3a8285946f7075c1de51e71d,,,
,J000676,1,,,,,,,,,,,,,,,,,,,,,454bdfc5288b3bfa2cf871ebd89313d936ddfc43f8bd8a2e947c06a04e932306,,,
,J002942,1,,,,,,,,,,,,,,,,,,,,,91a9d78f9451b783bee650c8ad49873e70e224d684bab950ca055e2d43bc7907,,,
,J002140,1,,,,,,,,,,,,,,,,,,,,,00339e6e75a607d7efeff2aa2edf44fd94c0535bb9767b834c6ec7a35eac77ee,,,
,J002846,1,,,,,,,,,,,,,,,,,,,,,f67531f0cb367beeab13c17ef1190602b4d24aed0154e00a31c7c1c9d6c08df7,,,
,J001393,1,,,,,,,,,,,,,,,,,,,,,55a06786db7e5590bef9a8493f69fd21eb6087a3ee76d07e58415ddb457fe655,,,
,J001060,1,,,,,,,,,,,,,,,,,,,,,77b72cf63871a5c74f0480d6ebf4b2498583870ebb97f8a84a226453ca1587dd,,,
,J001664,1,,,,,,,,,,,,,,,,,,,,,732a2a3338d7896c36553f28489d917182fd3c99b59fc921769eb0c712c055f7,,,
,J002597,1,,,,,,,,,,,,,,,,,,,,,e46ffb3ceb5ee37fb7f2d25ae5aa1c77a7ae38ef76056e22ceae11ca76024824,,,
,J000219,1,,,,,,,,,,,,,,,,,,,,,09a9fd90d604ad81371df97a17212a12e9d6dc1b46208b2a0d05e059c5a8f892,,,
,J000508,1,,,,,,,,,,,,,,,,,,,,,42ca30ffc29c8ec86f353160b39efe77ed07e9be16c3545e34f4a8ceff18c362,,,
,J002056,1,,,,,,,,,,,,,,,,,,,,,f0d42383903e94fdb54649c0e393a00425407c3a0f4bc86dbc8318e14eee6a03,,,
,J002271,1,,,,,,,,,,,,,,,,,,,,,5ab33b4954c827fec6b79e90ed4a34e45a10de69ca198f3733e0964864a7afd0,,,
,J002845,1,,,,,,,,,,,,,,,,,,,,,9c54e17422f3d0135dd3dfe0e0a94cabab5ba9ae9eb305cd426d0b702cfe2587,,,
,J000681,1,,,,,,,,,,,,,,,,,,,,,11d0984440d5426aaeadbfc552aed33ee544b1f74fa9cf723771194c6875f777,,,
,J001290,1,,,,,,,,,,,,,,,,,,,,,12630863d9839fb687b63a16c0a242571b81bc27e097c9262cd6b88775234ea7,,,
,J001915,1,,,,,,,,,,,,,,,,,,,,,9a31ccb213ab809d8b7bff160a39797ee71e8052bee10d1c5290eb93eacdb10f,,,
,J000947,1,,,,,,,,,,,,,,,,,,,,,2bccbb276c12d2c20cc16486894769ff51a08615c67269582407b7a712f2cf08,,,
,J002734,1,,,,,,,,,,,,,,,,,,,,,942e498c51f6503d61ae32b30a43e76316d4c431b0de03b27dc1631a14ce2912,,,
,J003154,1,,,,,,,,,,,,,,,,,,,,,2b4760c1a8f71e900e650ce58ba88d76fc91aa6957994d4ede4103deafdc7b09,,,
,J000940,1,,,,,,,,,,,,,,,,,,,,,70be48a2c8a0c166dacdf9da21a79f783c353f6e1c4d735667c9ad9c3a73c440,,,
,J000320,1,,,,,,,,,,,,,,,,,,,,,b09a84f163350cf6fe642e32218f44b122f8fc0af178d712c2dd26f741f97530,,,
,J002017,1,,,,,,,,,,,,,,,,,,,,,5c33adf3457591345a5639cce1cdc355b4a1830aed2c914d5e9003db3bead9ea,,,
,J001961,1,,,,,,,,,,,,,,,,,,,,,805ea797a893019b45ecb7813a4f073acfb5dba6d4781a427349ce731d5626a1,,,
,J001744,1,,,,,,,,,,,,,,,,,,,,,70969140a576b74ff2cc446dab8f76d7c1632d2caca6592d691fe3e6d6c8440c,,,
,J001504,1,,,,,,,,,,,,,,,,,,,,,fa847ec5cd2ae18402f7548e375ca823a1fba3d5204b75bfdce6a6b9cd8d3621,,,
,J002408,1,,,,,,,,,,,,,,,,,,,,,1b9328125c9df1af15e95336268c93af6f591faa7c858b91a84332d169ce1bb6,,,
,J001419,1,,,,,,,,,,,,,,,,,,,,,e996695867511c46cb3661baa990cff524d56fcd581bca35549e1c9cfaf0a445,,,
,J001609,1,,,,,,,,,,,,,,,,,,,,,cebbc298a26bdca5bf91ba56e11dd3c96210cf24a75eb760e2ea331fa34647ac,,,
,J000387,1,,,,,,,,,,,,,,,,,,,,,f61219d461f2f6769c1f183e21cd88c39f3ce03bc6f710aa66ba646bdce4b744,,,
,J002220,1,,,,,,,,,,,,,,,,,,,,,d4a287706283c6af458ba4c06c9fdd50aa04324a24a777d9b4eec7646f9cef43,,,
,J001090,1,,,,,,,,,,,,,,,,,,,,,9cc20a1f4de99df5a6bf073f5d541be545008d79980e3e89e7369eb1b173f597,,,
,J002456,1,,,,,,,,,,,,,,,,,,,,,bedd5dc554672fc3d614c8a49ee2aff926b43a873398f11a5cb57f5ce26682b0,,,
,J001414,1,,,,,,,,,,,,,,,,,,,,,401eb77e0c964354e58812a449fcb30336a369a933f7b2e3b4a58c805b4fa198,,,
,J001205,1,,,,,,,,,,,,,,,,,,,,,311e26156e75352d8f79e1a7007bcd44caceeadbabbfbef6ee5316012c441d86,,,
,J000784,1,,,,,,,,,,,,,,,,,,,,,825ee24bbec1777a724be1b53863ab3fab16e6a8dcf44d810c98d8497c63c4da,,,
,J001522,1,,,,,,,,,,,,,,,,,,,,,a70fc3252d943ead4271e5206f77d0a291797c6f4241dcd3f84fe0b8125bfb54,,,
,J000794,1,,,,,,,,,,,,,,,,,,,,,70834ca60889d013c8fc6770ef74b0036f35fb2cbfdbfbc84e988f70dc7c186c,,,
,J001977,1,,,,,,,,,,,,,,,,,,,,,a2f482749d76baa90ab420c6ba0d5452735471fcb3468844ddb320742a1c1d6d,,,
,J000247,1,,,,,,,,,,,,,,,,,,,,,4cc478a44560351a5668c919357842ecb997fddc8b13f21c7ff669eacb796cfb,,,
,J000050,1,,,,,,,,,,,,,,,,,,,,,20484b1ea00e2f10365f381fad939db6b2bf56a87f9d248857004bace6b4f10b,,,
,J001990,1,,,,,,,,,,,,,,,,,,,,,56bcca3dda34ac3fcab9dd64fd12512d531da29d39b5251c8345ed9269bedfa8,,,
,J002276,1,,,,,,,,,,,,,,,,,,,,,6c90776787a790a19678d359febf01b87d9688ba682ee3b58bad214b6ce57baf,,,
,J002860,1,,,,,,,,,,,,,,,,,,,,,05b74b5cb59bbdd49b22bdddacd3d97b03f59a05680341b5a2aa14d326af62d1,,,
,J000751,1,,,,,,,,,,,,,,,,,,,,,392828c21d42193035869c5718ee0b081fcb8b6569e7b48ddef24065e8191d7b,,,
,J002654,1,,,,,,,,,,,,,,,,,,,,,1ea82af716e2da7bfc6b22bd114e48f8a8020e5b0a14325926877844752693c0,,,
,J002823,1,,,,,,,,,,,,,,,,,,,,,dde6302a1bc34c58b6c6900b9548953cdd2a91599fbd2e2383efde30f45454eb,,,
,J000388,1,,,,,,,,,,,,,,,,,,,,,aa2b0565175cb0fead69b48abf03509559ac21e8b208a3b44e0ef56a26012480,,,
,J000806,1,,,,,,,,,,,,,,,,,,,,,c398c773cd096e4ec2f404bb4e8312723cba51dbe8d578e7c51f7c786c249c3a,,,
,J001696,1,,,,,,,,,,,,,,,,,,,,,85f8d4434e7791310e55932dfc95d99e69ec6c55bfa4e58efa8ed335dc5fd48e,,,
,J002706,1,,,,,,,,,,,,,,,,,,,,,b63277c5dfa02b21e4a7168b72904aca68cddb22fa59dd6896395b3da6af37d8,,,
,J002176,1,,,,,,,,,,,,,,,,,,,,,f803d0b94635f3aab6ed614408113bbe4b3dd39a161828b3929633ba46f9ccf9,,,
,J000101,1,,,,,,,,,,,,,,,,,,,,,1abe72d47ba4dcb6db9d6258f881e19ebfd6e6fdbb110cf07d9b584d5094ac45,,,
,J002005,1,,,,,,,,,,,,,,,,,,,,,6620fab25d9f217b9856a70391e5067a5ba020e65d9672bca00cd57b47ec3ace,,,
,J002292,1,,,,,,,,,,,,,,,,,,,,,6689bb672d2816a81b047e7f9c68b8c9a84556ec3652e5ebb7c82f964b25d994,,,
,J001749,1,,,,,,,,,,,,,,,,,,,,,39f31cddf28c3a38a3dfa42a95d1f32cd96314f64afb8e3cb2d92321d6c09d27,,,
,J001907,1,,,,,,,,,,,,,,,,,,,,,791ca6e07da4ff8995596ca79cc4393e0323cb97b19d3894938ddc1d8e39ea37,,,
,J002168,1,,,,,,,,,,,,,,,,,,,,,bc9089326ebc5461911abbd410b4520bce4abfe33d91a1d3f90a4b15c8494c5c,,,
,J001704,1,,,,,,,,,,,,,,,,,,,,,5a66b030b5836d7533df8f98158e453d268be5d6e16c030e849c5c57b5fe1583,,,
,J002852,1,,,,,,,,,,,,,,,,,,,,,68f196a5439ad60a76bfea5d81e62e04dcc9ec87dbf277fd0a26a3aabc847550,,,
,J002040,1,,,,,,,,,,,,,,,,,,,,,d54ad3c2bd117f4058fae66aebe250683d06485137a04252f68280b899d3ba61,,,
,J002207,1,,,,,,,,,,,,,,,,,,,,,4dbce265caaa23936f11c445a2f30e6ae71d27d902f8e41408e8a8abba3276ba,,,
,J002551,1,,,,,,,,,,,,,,,,,,,,,17b330285e027cd1523d0689bdf65e0a846e6444fd31f78c06714754d21af946,,,
,J000355,1,,,,,,,,,,,,,,,,,,,,,677094215ee1a6eaab2c585f567f2ddea18768ff6a4da6aaa7e500194ca485fc,,,
,J002527,1,,,,,,,,,,,,,,,,,,,,,7ae8ba45f6ac13b805790bf7f143ba3973d4fff8eadce587c61cf88ae26b4b58,,,
,J002699,1,,,,,,,,,,,,,,,,,,,,,c25d1988bffecf308a508c96a47bea3e88b3b22690d7cc92317a82e326cc4c3c,,,
,J001378,1,,,,,,,,,,,,,,,,,,,,,76df73ded9e6e797f4c39957058dffb30e412cbdf379914ef038e7109f0cb6a2,,,
,J000818,1,,,,,,,,,,,,,,,,,,,,,f8c69abfb53d1f7737f78a7eacc31e6b66bce30e4ce0c6e4305ecc425ab29f7f,,,
,J001755,1,,,,,,,,,,,,,,,,,,,,,f972e4b7701a52841ad4f4d43b449de18035b492e59600413a089e7337f7d03b,,,
,J000809,1,,,,,,,,,,,,,,,,,,,,,85bf49e6bce7d914db8c0a31e20f2a420c3f9bc58d47e43e7dc262f7878b166c,,,
,J001596,1,,,,,,,,,,,,,,,,,,,,,f6622bac42945ce87fb076408f26a4dafada6c2e64c95668984136f54d885d2b,,,
,J002115,1,,,,,,,,,,,,,,,,,,,,,66d4a9926cbd4312b79fff090eea0ddef7840e862f78c1f86a6438a2670dd585,,,
,J000514,1,,,,,,,,,,,,,,,,,,,,,092c93a77112f687ccc9ce433c307764bfa5a4e2ce4736f961ad89555ff26bc3,,,
,J001720,1,,,,,,,,,,,,,,,,,,,,,0d87f37150b5eb7941afd41c0f86b49f2eee3feb478bf65ca6b550002e6217bf,,,
,J003001,1,,,,,,,,,,,,,,,,,,,,,2fa95397f878d8bd0ad439ee3fa28d92fe59c52d80fb4b7d64372ba61ef6c264,,,
,J000744,1,,,,,,,,,,,,,,,,,,,,,8df751ef61057e010909bb6efb42f8312daf95a1cc207b1ae93dc3247bdb32e7,,,
,J000132,1,,,,,,,,,,,,,,,,,,,,,cd763c38199f5ae27770d181abb76d6e74d96421605ab2ffda00a3f0b21273e5,,,
,J001656,1,,,,,,,,,,,,,,,,,,,,,9914847583c5f3fe19df0999557b639e6a42f43eae174aed74453a48c88d1aca,,,
,J002584,1,,,,,,,,,,,,,,,,,,,,,03af1697c40f38acd06844a0a1a139ae2774000457dabb2974faa44ca3b55c5f,,,
,J003176,1,,,,,,,,,,,,,,,,,,,,,ad40b3019367b8e74d9c5f4efcf658f25890db1f80cf006f1e7c960caa34397a,,,
,J001593,1,,,,,,,,,,,,,,,,,,,,,308e0eb17903f6c2d0befc8c298cba29e2978bfcf29b23961f37ea5fffb7d57f,,,
,J002507,1,,,,,,,,,,,,,,,,,,,,,f48b3d30b27cf820bb08bb8019413180ae8734f5c35d6662a876a518fede4f43,,,
,J002521,1,,,,,,,,,,,,,,,,,,,,,3d4d874556c4be566f0ec2c89dcd5681c6b449ab187bccd6b7e315c459f8ee87,,,
,J002055,1,,,,,,,,,,,,,,,,,,,,,8b6248966fa4867e98298f807e50aa32cd669648370e13a3d2f46692217c4cb0,,,
,J001583,1,,,,,,,,,,,,,,,,,,,,,63172999f01da7ec838dea082418d1d6190d333b636cbfeb1e05c4891d8d5ae1,,,
,J001918,1,,,,,,,,,,,,,,,,,,,,,e9de7e642357b3e1dba774b517976437a6d38e9536d5f91914bb45b7f42947a7,,,
,J000561,1,,,,,,,,,,,,,,,,,,,,,2f6fd24d20640fefc5fbc406664847a5469cc0414a44beb923deb333663f9577,,,
,J000973,1,,,,,,,,,,,,,,,,,,,,,37d34aab6d3df986d864cbd0a1eb9f4e192394675e22ac477e2565c61c724c61,,,
,J001383,1,,,,,,,,,,,,,,,,,,,,,b0345f62ffd0b47d41566df01e9befd490dfbc2cf64090c56897bb56fa1eae02,,,
,J000651,1,,,,,,,,,,,,,,,,,,,,,1c3bcf69d3b6f53d9586aecf6c0e3288f01637ef736433fde17e4887cd650dae,,,
,J002385,1,,,,,,,,,,,,,,,,,,,,,8448abb95f59f1e504bcf3a84437471fba75cf2dbcd0e1dbe91a47154ca04f5c,,,
,J001532,1,,,,,,,,,,,,,,,,,,,,,718283cb51ef93b26507e4b0736adaab17c82b663361df5010f80826a1c0bfd2,,,
,J002558,1,,,,,,,,,,,,,,,,,,,,,72c33dbed76d47c3a298526c261bbfb46196475ec38b777558c98b2cfb8da787,,,
,J002640,1,,,,,,,,,,,,,,,,,,,,,12e27fa30c4745a5ab64f22eb8f44207197005c0a20ac209cc2be0fb43d5b374,,,
,J003088,1,,,,,,,,,,,,,,,,,,,,,ae1ea232147a9c94450718b45827aadfc0fc0dc9a0607a151055c3e7ac490513,,,
,J002089,1,,,,,,,,,,,,,,,,,,,,,6341cb1a3f4021e5202850afe305b52b3562e2c4cd79ade026b0525af1075c74,,,
,J002233,1,,,,,,,,,,,,,,,,,,,,,68a91aaa420d8e2656dd65b05cc5b443c19322367aa59f049e4033bc58f05900,,,
,J002215,1,,,,,,,,,,,,,,,,,,,,,50fff26bc7295c21fecca78a79bdb773c3cc3e626bf5a5e8e2f5bc631b1c68ba,,,
,J003089,1,,,,,,,,,,,,,,,,,,,,,e05a28d98d9f0fa031280650abbf9554fc7c43ff5361556f5557fe9807ad175f,,,
,J000112,1,,,,,,,,,,,,,,,,,,,,,74e8135c992f1e9a3eb638f80b049da43197192ce9de894974f37256d9e8e518,,,
,J001888,1,,,,,,,,,,,,,,,,,,,,,3b90c599d2ba989ed9c8de2371e0c187f9bdb4524483d35d4dfad82ad2513a89,,,
,J000910,1,,,,,,,,,,,,,,,,,,,,,070c7b2a1dc7d3fcb2d215a89b75ba16da28f61c6eec109248115e844fd43c07,,,
,J000811,1,,,,,,,,,,,,,,,,,,,,,27855f1eb889596596cff1347a3547c4256052c23337e184cfc070e900f422bf,,,
,J001440,1,,,,,,,,,,,,,,,,,,,,,9214be4af91223af7626e6d4ad13cf36620e7a94c7487ee4eb195577d6f6f5c1,,,
,J002528,1,,,,,,,,,,,,,,,,,,,,,1522772d9d9c672f28075a43c8810fad755e8ded0b4f41726d676e160711600f,,,
,J001982,1,,,,,,,,,,,,,,,,,,,,,276796990dd9184a428fc62003a6f26cb80913e482e716500bf89c8ee92cbeb8,,,
,J002728,1,,,,,,,,,,,,,,,,,,,,,5e89a64d9753251ae90507b74316912a636ad04432a3a111c77c57d6c4b08f17,,,
,J001989,1,,,,,,,,,,,,,,,,,,,,,689124a0950609f8cd39c09278076b42f8575b89cf4df7ae18846de77c6852b7,,,
,J000921,1,,,,,,,,,,,,,,,,,,,,,c1d0b5eb916375420d467aa036e8ca02af5663cc8c7d91d4dd7e772760c9e1e3,,,
,J002903,1,,,,,,,,,,,,,,,,,,,,,54080c8caae3ec83cfbd37917c367944685885ffe1b3e3b459d039e2eff2f7a8,,,
,J001213,1,,,,,,,,,,,,,,,,,,,,,98cf4ef5c1c939bdf8716a29949f88add91b45f98d86a7c85c0250f077da8a74,,,
,J001430,1,,,,,,,,,,,,,,,,,,,,,eff442bcbc4efa5e4a9cf27f4b6ccb722006b1ed022aec906cf6358040316f25,,,
,J000649,1,,,,,,,,,,,,,,,,,,,,,f3a1f6bf90381647d09d9afb95418ecd8d53044b50fb73d508657a781b6cc133,,,
,J000819,1,,,,,,,,,,,,,,,,,,,,,303f62cf0ff44ece9b205b6efbd71a1304267ed99d2c38ee8ee9014a94849e70,,,
,J001659,1,,,,,,,,,,,,,,,,,,,,,ad250a759aa42654bf434d4088597930fdcb9539ff11130f9be78a6d5f240abf,,,
,J001339,1,,,,,,,,,,,,,,,,,,,,,385d21be40db2645a74ebee0f995ba8d5978164b62d0c6136b85e4b60bb512b2,,,
,J001332,1,,,,,,,,,,,,,,,,,,,,,b4bdee16a5d344e0ef88dd569416b1cdeba1b4ddeb69f5299d9d05e35c272d90,,,
,J000771,1,,,,,,,,,,,,,,,,,,,,,fbd97daaa9c0861f5ed03b07d19060e03c3851dbffefcac9102abe3b30b96360,,,
,J002481,1,,,,,,,,,,,,,,,,,,,,,039521ff7325575a3fbbbd8ab52f3cc0b81055d0bae82ba0c02229d34dc97f7c,,,
,J000961,1,,,,,,,,,,,,,,,,,,,,,967062d5c621134a4627683de4949ae19b22e20179961453c0e1e4544ea82aec,,,
,J003180,1,,,,,,,,,,,,,,,,,,,,,3db4bd6515de1d358d5dcdcdb85fbad492ad47141de7ae376adcee2c2b00494b,,,
,J001650,1,,,,,,,,,,,,,,,,,,,,,e1efaaa01dfe578ceb0594dafe8a1010edbe729921eb4e71df9f29945e42df78,,,
,J001446,1,,,,,,,,,,,,,,,,,,,,,2a0f2327e053d1a84360c06474a9d75ff82806d7c31db430b69e442cf9c056b5,,,
,J000926,1,,,,,,,,,,,,,,,,,,,,,442d183d83d1686b631d6244f65f08c71a3cbef7a31f5ee85c45c101aacba7bc,,,
,J002113,1,,,,,,,,,,,,,,,,,,,,,dbc4781ae5c99a0cd37a944b99d6543bed24e6895b56583eeedd5c6aa55ab1e4,,,
,J000799,1,,,,,,,,,,,,,,,,,,,,,25203d9a356b55c93c08b18c36794563521aa3ddb02f84031f07a53339f7dc27,,,
,J001311,1,,,,,,,,,,,,,,,,,,,,,695e6d2bc13bad8b7f83d6dab6f421d3cafdb0970c4a69f74b5d8039194e0d45,,,
,J001246,1,,,,,,,,,,,,,,,,,,,,,cbd5cafd5520900ff6e979a694e811293fec6e6e6260337a244d03c65b4ce931,,,
,J002609,1,,,,,,,,,,,,,,,,,,,,,661763951af2c39781dea39f84c77d4bc1b5832af7173e22362930eb66a3c570,,,
,J002475,1,,,,,,,,,,,,,,,,,,,,,a8900b7a6285bcd86ed002f5c9e0085d5e9e217a27d1f44c7ccea24bd93232c9,,,
,J002310,1,,,,,,,,,,,,,,,,,,,,,dabb8015886ef7832695f11b8d8d7887814cfbb8d17e0c4281cbaf58cbebc1db,,,
,J001473,1,,,,,,,,,,,,,,,,,,,,,de67b99c31d070b0515b23a21117de4d9f38ae03490e6ffb61dd7790d206dd0a,,,
,J000187,1,,,,,,,,,,,,,,,,,,,,,17e33729855f6f4fcf2b2c7a057c07e5f2f15c167e7ab17ac068cb3d7408cd6b,,,
,J002762,1,,,,,,,,,,,,,,,,,,,,,afc0fc38d94b5b2a049501922eb55cc6884ca643aee1e1adbb2e1314ba07cf37,,,
,J001438,1,,,,,,,,,,,,,,,,,,,,,7b93c4e34281447ed6161c75d52f130ad1a9d9f46788f9812fc6b3cc36aa9415,,,
,J002834,1,,,,,,,,,,,,,,,,,,,,,72e4d64392891167f65648b89f530ca76128f0cd2637b8fec1bc56a82109f73e,,,
,J002059,1,,,,,,,,,,,,,,,,,,,,,15d75faa71944b7a2a48a910143bf3d94a738d7235514050aa0cf708be8263a0,,,
,J001628,1,,,,,,,,,,,,,,,,,,,,,e48ad63c895ed9ab1741ce25fcb206dfd6cbd0e62fd6bcd00808aa7459cfb421,,,
,J003004,1,,,,,,,,,,,,,,,,,,,,,3526f1e5bc5799e2e1adeb58c5fe602c1c645a683248e31c5204230b32fc4a13,,,
,J000262,1,,,,,,,,,,,,,,,,,,,,,99dcc1495de9467083ad86d49dc2b1f13290e93cea4a7105df9b257b6c2c5aed,,,
,J000583,1,,,,,,,,,,,,,,,,,,,,,77defccd55965834665f39a9debf861d19db1c9d1736be6bd5a4651eb2fa3972,,,
,J001613,1,,,,,,,,,,,,,,,,,,,,,700e254bb66355e7f0f7026fece60cd55cd6604b5247bf480d1d7578574ca342,,,
,J000130,1,,,,,,,,,,,,,,,,,,,,,01b174c049762cc5d048ddc13c23acd76027ad03b1efba5e70adbfd6dcbdbea0,,,
,J000194,1,,,,,,,,,,,,,,,,,,,,,6066b8552f00169d23100b3556eccfcf3245d773f83820986d029ef0964232e4,,,
,J001887,1,,,,,,,,,,,,,,,,,,,,,7ca3b313ba63a9ce70d760a25722089d00568d1f4dcd1316b6f7d4e07a17575f,,,
,J000083,1,,,,,,,,,,,,,,,,,,,,,497913008c7fa9dcd11b39648cf249f3b79dd9a6ac8c137d114919535a8019e3,,,
,J001315,1,,,,,,,,,,,,,,,,,,,,,8b5f48a45177c1f06d3c645568c29fa966d58ff238cfe11d56722056664fc958,,,
,J002318,1,,,,,,,,,,,,,,,,,,,,,ada870f64035c48392a63f384cc6f34cdca3f0b6149f1a38daf6da6fd954901f,,,
,J002854,1,,,,,,,,,,,,,,,,,,,,,8a322a3a99d595190363afc636b985d252b423e0eb545e0b9448f719d75e69dc,,,
,J000929,1,,,,,,,,,,,,,,,,,,,,,70ddd445463f781e2fafe0ef5d9036271e530dba629ac3c01f75fbc12ec19f2e,,,
,J001297,1,,,,,,,,,,,,,,,,,,,,,feaf19259003fb0673aefef6e935426d0340dc277e64bd51faa11219959e5971,,,
,J000531,1,,,,,,,,,,,,,,,,,,,,,f5f83896f203cb258bf720907662fa1e713baf3601dac6fcb0c700454e1a6379,,,
,J001232,1,,,,,,,,,,,,,,,,,,,,,68ebd0308c384cf2c1f2fa8fa8f73c3518a8449cc6c36f0df4dcf09133908057,,,
,J001215,1,,,,,,,,,,,,,,,,,,,,,1cd6d4e979f53a2419d7dfbe22cd089e00900f034363279ce6e2a5e54c7776b8,,,
,J002282,1,,,,,,,,,,,,,,,,,,,,,0af5bc9ec8e0626d208b5585757b91424d005eaeccbf13633eaf6bc9150cb80b,,,
,J002894,1,,,,,,,,,,,,,,,,,,,,,475c1068bba7d28aae7f50a5d710c1476f8733f75a7245748f296d27962adad6,,,
,J002142,1,,,,,,,,,,,,,,,,,,,,,ddc8fa75cf00e020a31fa22c9893cee9cfa31ae7fe07bdc7f6aa06b77cc3d891,,,
,J001169,1,,,,,,,,,,,,,,,,,,,,,9f2910c40fe225b955185fc1158336d6d21a0528b5ba5deeb013fe38e00ccb06,,,
,J001809,1,,,,,,,,,,,,,,,,,,,,,7b42938bbac4de10c18c519de680d34dd766f77bf6077d704f1e9e396a16ebce,,,
,J001024,1,,,,,,,,,,,,,,,,,,,,,b6b9f81148e6953ae75a540175f87c0453804c481f6e215c6cf2b41b6ca2370c,,,
,J001253,1,,,,,,,,,,,,,,,,,,,,,6d198a9d25b543ac65d43326e0f5845a0a96a3cdeb028fff466d496745004bbf,,,
,J001926,1,,,,,,,,,,,,,,,,,,,,,8352942a581d78d4db6e40f28a0f06a79a47b9b121e4606543c6236d9099df59,,,
,J002028,1,,,,,,,,,,,,,,,,,,,,,5478b336423102fc18ab55d06bf26393b689805a31ede85a98cb87ad997c12f5,,,
,J002492,1,,,,,,,,,,,,,,,,,,,,,7ec011b18f144b8d8fda96908ddd89ab57c858ed4818ccd8d51582115f3ecaf8,,,
,J001501,1,,,,,,,,,,,,,,,,,,,,,47ab47f1f0cc623f22ddc3b057aa621b50f6066bb692a0da2f682e712a26d98a,,,
,J000356,1,,,,,,,,,,,,,,,,,,,,,5ff475e99b01fe76622dd14bef9535c2b94988d8142a93d711392e980d8bd22b,,,
,J001499,1,,,,,,,,,,,,,,,,,,,,,f68d00b0a319dcf5953cf481d1f9cbf57640e37c787cbd8506412bc4e6e3db7f,,,
,J002914,1,,,,,,,,,,,,,,,,,,,,,c9234ca1eaf500f5a0bd312cf66312a135d8b437beac516acc1e1e19cc600840,,,
,J000094,1,,,,,,,,,,,,,,,,,,,,,0264d4b97364cc46f160d71349819df7b97f8936c53c32447c6473dc64825089,,,
,J003072,1,,,,,,,,,,,,,,,,,,,,,3a4029250b3e4aa2774e7152cd7f5d641f2eb34a657ba6fadaf9e8a7fb6dfd50,,,
,J000492,1,,,,,,,,,,,,,,,,,,,,,1b33504f5c4d513271a6c2bad8822aae90bbb92b4cefd9a3255f81778bff48fc,,,
,J000582,1,,,,,,,,,,,,,,,,,,,,,60bbfdefc9a7bf7eb99cffefbeef09dfd62e405e4c5d86290bc27388ff50bd48,,,
,J000026,1,,,,,,,,,,,,,,,,,,,,,462460af8f49186c27831b4e1e2f7439f6787ebc830fe8e2e966aa5fceeab57d,,,
,J002702,1,,,,,,,,,,,,,,,,,,,,,78f036509da0814c6f5fce8a046090d2bc4ced91204f132ee1b2b3d00d596bb1,,,
,J000650,1,,,,,,,,,,,,,,,,,,,,,bb43efc0beeb68714629113006f40b4a6f783a2968f8060c88ee7835eab2a412,,,
,J000334,1,,,,,,,,,,,,,,,,,,,,,975d2c9b28544601454a6a042cb824b91c3621167212e0f4db9fcae1b667d22f,,,
,J002638,1,,,,,,,,,,,,,,,,,,,,,5e4ddd109f98ab6fb1bea74509f9aaac890457dc7f5d8dee542bd74d067a776a,,,
,J002550,1,,,,,,,,,,,,,,,,,,,,,774c8fb3a5335731c3e488bb9375069a8d9de2c5dabb165549a6a631ab45a8b4,,,
,J000022,1,,,,,,,,,,,,,,,,,,,,,01f5780585360fa58d37d284fe462c008e82a9256064085fe1d0e52ea9dfaa56,,,
,J001629,1,,,,,,,,,,,,,,,,,,,,,db14a9a6c6f142a7e076169ff56599851f93117649d9788d3d134a6952d93ac7,,,
,J002243,1,,,,,,,,,,,,,,,,,,,,,603e3c6cb349a29a0c1587d782ba791db22935f7ddf5f3e26a1e12b0cb4a3493,,,
,J000213,1,,,,,,,,,,,,,,,,,,,,,198416a51ca0832e3d3f90631000411b217bdf1960437df0a7bde4a383cfd6b8,,,
,J001900,1,,,,,,,,,,,,,,,,,,,,,d7d22ccf1b7b04853bd8c69ba91daf85ce68581f33179d6f3c6edcb5f6f8fe45,,,
,J002647,1,,,,,,,,,,,,,,,,,,,,,263148285a1d6ec3c1a418d6cdb491408efbb531a658fec40565c3f3bf7fc1bd,,,
,J003066,1,,,,,,,,,,,,,,,,,,,,,098cdd774f7727c75fdeb803ecd64d9b6d95187b12aeee82ef2669b556415b93,,,
,J002030,1,,,,,,,,,,,,,,,,,,,,,83192af3966f82d5dbdcf4daaa0c36b218daa8356bab9f022832f417d497030a,,,
,J000761,1,,,,,,,,,,,,,,,,,,,,,5464ce316b284407e42f011ab8f26cd3a5b8fc791ae9a15469869b43653f2447,,,
,J001549,1,,,,,,,,,,,,,,,,,,,,,837cad26ba21a354db1905e16a6646011fa6cfa28bd567fbfd0f179176aaedf5,,,
,J000611,1,,,,,,,,,,,,,,,,,,,,,19e8dd6b7f557cfed0f12875258a838d50b2e50fb626a74865da8bc3b3aa888b,,,
,J001954,1,,,,,,,,,,,,,,,,,,,,,40e79e2b48235936edf9305985d6ecc6f87e6d0c44e141850b22d91832b52e44,,,
,J000565,1,,,,,,,,,,,,,,,,,,,,,be9b4d17c19d44cd8b75c1531925d47659c6fa301240bbe66e20bebc621da662,,,
,J002032,1,,,,,,,,,,,,,,,,,,,,,c7906581a28e3954571f74a547f387e6238ce2e8da8950b415889ca1eeff85ca,,,
,J002063,1,,,,,,,,,,,,,,,,,,,,,ad3ba21e893c9151be5a513e751edc7ea3ce31a87192d3e9d796d159359a5bb1,,,
,J001370,1,,,,,,,,,,,,,,,,,,,,,e3f896b5125befeb27c6841104894e05819c2a2b222b029221f2d80e99c76cf9,,,
,J000197,1,,,,,,,,,,,,,,,,,,,,,c42d25d6f8c955a6b7c448414c0171d988cb1087ad5c74c51e99f40a8b17b7c0,,,
,J001632,1,,,,,,,,,,,,,,,,,,,,,014e37a4c54c7164afc89a17997790b3cdc5057ee73ac07974f36ceabb66be5a,,,
,J002887,1,,,,,,,,,,,,,,,,,,,,,96d81630058ec3181f903d13957d30b09c4a9efea5e27a5262124633afa6918b,,,
,J002423,1,,,,,,,,,,,,,,,,,,,,,1af7cbf79c7c271ceab3f586a7ec9394f2d5c2a821f15c37f85d532b5decdd27,,,
,J000252,1,,,,,,,,,,,,,,,,,,,,,f67951830990004028d6399176d34050dda0d137cde3dbd868855ca35e23eb56,,,
,J002652,1,,,,,,,,,,,,,,,,,,,,,5ff6407962161c461a8314a3eed9d345bbbf9c4abf24aeca4208055a933c0161,,,
,J001261,1,,,,,,,,,,,,,,,,,,,,,b9f4a1193296233d8bf97c114902fef0eca31c00b61a2f829d68a8902d6cc10f,,,
,J002221,1,,,,,,,,,,,,,,,,,,,,,63df0e22494658af8b4918070c368124fd4899655dcbba15534b384c61cc2695,,,
,J002687,1,,,,,,,,,,,,,,,,,,,,,6492bf606d0940853ecbc0c23178b7ec832ac6aab1bdf553e05b9d5aefc12b99,,,
,J003125,1,,,,,,,,,,,,,,,,,,,,,da8b5a4f1d51a063a83a44f35cce4d43657f217618c0b68cfd0473b3169548a3,,,
,J001410,1,,,,,,,,,,,,,,,,,,,,,38832b7957befd500cab015cdb978c72095786e8e4ff899c5b2cb8013ae5b728,,,
,J001072,1,,,,,,,,,,,,,,,,,,,,,2250dc865d73e61cff3658ab006c1521a1dd0343216c5919c904711c6c274d12,,,
,J001459,1,,,,,,,,,,,,,,,,,,,,,4855d2f883d39a86788988835effdd3b002c951df4301ce9bd0f09834cbd67dc,,,
,J001777,1,,,,,,,,,,,,,,,,,,,,,f03f04bf4aa35542ae68bf91bdaf5bc5247dbfa8fc728264c407c1d2f8797554,,,
,J002426,1,,,,,,,,,,,,,,,,,,,,,72ac9f648f8f97bc8e61b137abe6a97ebc06c1c5d7fc52fa7555cae46dce7a33,,,
,J000572,1,,,,,,,,,,,,,,,,,,,,,dcc790de4373696252cec0421f13f6f5ac25c9f62852699b0d3823dbf8e0a093,,,
,J002069,1,,,,,,,,,,,,,,,,,,,,,902b3577273e255269a0b2e2784f6fa8f82f42d9f594391fb738396a07792076,,,
,J001927,1,,,,,,,,,,,,,,,,,,,,,082bcc99e56a406e61990ba02366b58cc0201d434716cd1d8b1fb2045b72dbaf,,,
,J002895,1,,,,,,,,,,,,,,,,,,,,,139667014f315a2412f24177315c26fb98622815af171f553e86a21378f7bbd3,,,
,J000408,1,,,,,,,,,,,,,,,,,,,,,06dfb0b5601b3af2a95f92a5261cbc70fa25c29d190854bdbf61fcdf20b54a74,,,
,J001234,1,,,,,,,,,,,,,,,,,,,,,dde59bb68c3b7915a5b1676277e70f997ddfbc569b76995defa0f7ebb03cbfba,,,
,J002792,1,,,,,,,,,,,,,,,,,,,,,6a44bba7a2c3b2bd69f5bc5a0ab2988655345581ee2ec5d24c5d99de1471f9ab,,,
,J002404,1,,,,,,,,,,,,,,,,,,,,,d3bdbbe1661b51da89a4b69b5b1afd92d5cdf3f6eb6b110d1e6f86a31276f11e,,,
,J001336,1,,,,,,,,,,,,,,,,,,,,,b1c070dda5709a49a72ed0e0f6843a555aaac7db8d8aae5e9940ca97c30c87a7,,,
,J000414,1,,,,,,,,,,,,,,,,,,,,,c71bba8635d23f66302bceb3c146e135e140e56f895644ebd7edc0f8af56f381,,,
,J001262,1,,,,,,,,,,,,,,,,,,,,,ac45cd830fc1fd77ab6af3bedb2cfffc915dd72367cbfeafc8efb604492e481f,,,
,J002470,1,,,,,,,,,,,,,,,,,,,,,2681729587138338b0ab76af7b6f75be5a62fcd5365d1481b241ec5e07c52294,,,
,J002303,1,,,,,,,,,,,,,,,,,,,,,f761fd7baf98a3f138f07b4a5f01e07252947743f85ffcf51bf21e24ce62ef84,,,
,J001005,1,,,,,,,,,,,,,,,,,,,,,441984de41de0f181515784eefee3f5b97823afdc4ecd10effd1ab3350f1cea9,,,
,J000610,1,,,,,,,,,,,,,,,,,,,,,e76b16ea1dc0fadd51e64f645852e4570aa24c60d8ad5b678571054b8f4845b6,,,
,J000421,1,,,,,,,,,,,,,,,,,,,,,04825ae684afd4956c5d722c2a1f2db58375a242a0d2c3423caa5165a6893f88,,,
,J000622,1,,,,,,,,,,,,,,,,,,,,,4d400ddf5225893109c74d70065a0ba04f10defbc73f45075625c3c535585644,,,
,J000360,1,,,,,,,,,,,,,,,,,,,,,f10c9c346de04bd0060cf47648ee07503a696870c66a6a2823bf5c7d255fb060,,,
,J002128,1,,,,,,,,,,,,,,,,,,,,,d01e4d11b1e3b63821f25211aafa7eb9594dde1be4b705d984c665a5b456b455,,,
,J001716,1,,,,,,,,,,,,,,,,,,,,,142c54505a54c5e4ffcc4eff3e18ac1f9630528c86faa36008e6a9287988ab24,,,
,J001049,1,,,,,,,,,,,,,,,,,,,,,bf61c6cd3916f2e8c743aaedfacd3acfaa82357f448a77b2536b77f6479ce78a,,,
,J001733,1,,,,,,,,,,,,,,,,,,,,,4b813cf7b0f773615211970e377f5053115ac3e72b28c7fe755e18c33f0c9245,,,
,J000455,1,,,,,,,,,,,,,,,,,,,,,95baaec5fb22d39885cac5b838f18f32d554dbea9d662434df6c0a8ebdb6a6ba,,,
,J002998,1,,,,,,,,,,,,,,,,,,,,,af960c134864c96f8327152d2a0aae6bed53b2f21a0af276c9ddc78c44307672,,,
,J002693,1,,,,,,,,,,,,,,,,,,,,,326cac883fac2d6440a55bab31ac05532a30f1239b2ed2f639f1c1b2bb7e540d,,,
,J001204,1,,,,,,,,,,,,,,,,,,,,,d4f794d2cd3477d4f960407f0b13604fd48033fbc7b6b7cb919545942c4ea9fa,,,
,J000949,1,,,,,,,,,,,,,,,,,,,,,f25d6515136961a6b4f26bf28845e78f4b7e97a0cc40407a6576486747c7aa30,,,
,J000755,1,,,,,,,,,,,,,,,,,,,,,d66679689d924130b9a972dc1543591d78c4c9c4671887c0d5fcdefb460163f8,,,
,J000248,1,,,,,,,,,,,,,,,,,,,,,683f36c10c4b6a33f5c39d7be7ff34842770d9cc3eb85898fe1d48930ec64ba1,,,
,J001147,1,,,,,,,,,,,,,,,,,,,,,7ac1f54fca88f5684d63df1b143d08019fc9e29e53655636b59c309571378f6d,,,
,J001254,1,,,,,,,,,,,,,,,,,,,,,35ad6c8cee4e9d0050a773f701f6d3e47d6b1aa99d264ced9c4b49f41b5c15c2,,,
,J000539,1,,,,,,,,,,,,,,,,,,,,,c44d64533c2db1d59688f7f5f002f79475494c87c95b0add1687b6734cd85e3f,,,
,J000244,1,,,,,,,,,,,,,,,,,,,,,751e09162f581523aed1bf08390b641071823536a4f3683d1c6dfc98f4dbbedf,,,
,J002964,1,,,,,,,,,,,,,,,,,,,,,8018075f741874df3a008655b36cf0bad429551cb6875a330a840b47ff03a0c3,,,
,J003113,1,,,,,,,,,,,,,,,,,,,,,ffca860e5f90daa9a1973dc150745a2c315f54c6d3af3700fe9fe31f5402c296,,,
,J001135,1,,,,,,,,,,,,,,,,,,,,,2a701eb6cc1d3794fabf744d190a1deff587ef1a3138a40c77d48f1e0e6a3723,,,
,J000965,1,,,,,,,,,,,,,,,,,,,,,9ff7aa51afbc62c9232a8bf6a0bb4cf5fa8cc3767bd98c5d374b24d476fef996,,,
,J002701,1,,,,,,,,,,,,,,,,,,,,,e194288856384c1d0722ca068620de17eeb5ab9f9106f1e2df3854c47b9dc04d,,,
,J000626,1,,,,,,,,,,,,,,,,,,,,,5547921ef969c5c37dc5d56528ee8b3420f0171111bec1fd162926a87fa4cf50,,,
,J002369,1,,,,,,,,,,,,,,,,,,,,,adf1cd5d3c9aed7585c3827460052bb602556f1f3eada74d64ccc67ed1aa902e,,,
,J000857,1,,,,,,,,,,,,,,,,,,,,,d070ac7b132be900f4e52d6ae1933d467efd54f95230efaf1ddef8c11c34da45,,,
,J002837,1,,,,,,,,,,,,,,,,,,,,,f585c76c178f40e6445fc2fd1068b87fcd9fcf4070c3e90c6fa174e86e5f5e30,,,
,J002445,1,,,,,,,,,,,,,,,,,,,,,ef4927f0bc8de761da2f1033979e3f40e4741dd58d90e6ae95b54cafa830aa5c,,,
,J000322,1,,,,,,,,,,,,,,,,,,,,,47341d0201bd50f3d64f59cf932659582759e170193c8c931471610bde40105d,,,
,J000127,1,,,,,,,,,,,,,,,,,,,,,f177f0485eed097a594927f00164a6a07a4fd1b3db8516dfcdad0e58c21f9f08,,,
,J001075,1,,,,,,,,,,,,,,,,,,,,,ab5dab2e8c2734faecdd684251d7cc7a0c349974229e4c2a4553b55d5deff04b,,,
,J002138,1,,,,,,,,,,,,,,,,,,,,,9a0ebedf16849aa7ce53f95d9875cd5e92df20f6f3c057f7b504cd1ee6be2dd4,,,
,J002084,1,,,,,,,,,,,,,,,,,,,,,6727edc00e32cd7da655b5ac31777730989d279fab7328b88b7474f6b2d74b3e,,,
,J000033,1,,,,,,,,,,,,,,,,,,,,,66730b75d06c71c7bb802e34f72c551fc12c6cea5b55b72e561b305d78dfebaf,,,
,J003086,1,,,,,,,,,,,,,,,,,,,,,8f1ee0515c29a5da092892b4b2d2827b5c4680a5bcb22ec1e13d34dfe6af3150,,,
,J002466,1,,,,,,,,,,,,,,,,,,,,,d3391d3f6feb225d7183ca29176494df6c10c0124a397134ceeb84fed05bb058,,,
,J001125,1,,,,,,,,,,,,,,,,,,,,,9b7cfbf8ae9d79a895683a73984ea5bf2d685263ae222fdc7418c445873d0add,,,
,J001453,1,,,,,,,,,,,,,,,,,,,,,dcfe591d346b65618fcbfcd2b3f19ac6c43384f3e5b1ad53afa6d0f679fcb262,,,
,J001347,1,,,,,,,,,,,,,,,,,,,,,5cf0666a1fc9a188ef223e870c19715dff8e86cdda4f14a722dd5ca8f3d9514b,,,
,J000106,1,,,,,,,,,,,,,,,,,,,,,e8167ca6a2f847c5bedd285666219b475860974cab8133912dcfa0d7b3086f89,,,
,J000660,1,,,,,,,,,,,,,,,,,,,,,6813a7108e902c7fd80ed8ebd21245bc2bf84d07597af27fdee371fa48f16b4e,,,
,J002988,1,,,,,,,,,,,,,,,,,,,,,0392c8c0292eea779bdf8eb2d642a149d5ef846d4bc3ae9aa42df494a53d8e72,,,
,J000730,1,,,,,,,,,,,,,,,,,,,,,d3063364071555db72b6a018bf44f1ec9c7828a796dd7db8ab264eae9884c887,,,
,J002305,1,,,,,,,,,,,,,,,,,,,,,d258edb826deb072f4f5b861a03880e96c095466e350fbc23f935aab18b6981a,,,
,J000701,1,,,,,,,,,,,,,,,,,,,,,2b3da2cdf72afc9075c715f9b386c2b740fde25216591ece810b23ff90b2a7ae,,,
,J002331,1,,,,,,,,,,,,,,,,,,,,,b645bc437b3445c6ebb8fe9642646fb8e33d93926640cc8c2afc20920b23b04e,,,
,J000279,1,,,,,,,,,,,,,,,,,,,,,8cf90cac82db77dc0f1058fcb4c73c00f0723dab6f07503754f5db52c37037c9,,,
,J000766,1,,,,,,,,,,,,,,,,,,,,,9e36d118cc457677f10c6da29c777942909b48efa97b509159d111579ac7e3fd,,,
,J001717,1,,,,,,,,,,,,,,,,,,,,,0d4171db46ea6e49d1109084bfd026ee6fafa176f7a95129a21b1c79a7596651,,,
,J000852,1,,,,,,,,,,,,,,,,,,,,,e794331e024a3afc9a3a090b27ae487ec355c506b367d657d6b57dd7a9f10b91,,,
,J002260,1,,,,,,,,,,,,,,,,,,,,,02307843813960808b9eaf24a878d9aca9cfa08a2c9b046e121608482b1a9766,,,
,J002102,1,,,,,,,,,,,,,,,,,,,,,58b2509f2cc9410f1e0f9506dfd5982baaace9a8052196cea1ca3ff1e53c7cd1,,,
,J002277,1,,,,,,,,,,,,,,,,,,,,,296d07ffe528f77b29bbacfaba274dcbb1e5ac2181c5c40e6c5c811c121a577d,,,
,J001310,1,,,,,,,,,,,,,,,,,,,,,d80eea1e0add139fc12e9a627ef831de5e6204965190d297d510159725bc56a8,,,
,J001368,1,,,,,,,,,,,,,,,,,,,,,67f790a52df0edc76bbb7dab9d3b54af85fa3331c8bd1f9c1390edaedffce0bc,,,
,J002239,1,,,,,,,,,,,,,,,,,,,,,81fa6ee753b5611d45f1602eb31eca05582086511a8f7cab6561250d800476f7,,,
,J001950,1,,,,,,,,,,,,,,,,,,,,,eedc51d33e1f64ca69e9d56d25a4b76730dcc918dd9166ec14bbcffb18e01ecd,,,
,J001252,1,,,,,,,,,,,,,,,,,,,,,1e9129ea37b874cb89721d4b0d8bc9171d4ffb68e800e37fe6b8efb85147b7bb,,,
,J002561,1,,,,,,,,,,,,,,,,,,,,,65e5d711d8c1ee83fe78010e1d116deda7a5883b17eca9f2a562ac4070ee851c,,,
,J001312,1,,,,,,,,,,,,,,,,,,,,,0e01f1c2251a9c08712d21c96bd28fc8a11e7d2668e0369e63ef79a1cb7a4dee,,,
,J001556,1,,,,,,,,,,,,,,,,,,,,,2bff31c87e88bdc4341bb8fe63ea4ce355e4829192ac2d752dd4e329438191a6,,,
,J002589,1,,,,,,,,,,,,,,,,,,,,,ac053fab05d7f7f37f1e29ebacdf020e7a152a3f6ae5a0140f3c1a2e6725cfba,,,
,J003085,1,,,,,,,,,,,,,,,,,,,,,42a3cc4e5dbf21d072618ee7be5267decc6fd46e2006d02748cebad245cdd295,,,
,J001109,1,,,,,,,,,,,,,,,,,,,,,f2b9867ff4b60272f1c30cd62a3b68ecd6f9767e904abafe3edb7b3e615fc086,,,
,J001825,1,,,,,,,,,,,,,,,,,,,,,57bbb9aa8fda7fce22292eb230aeaa87339fd5092467f754bf40a778d4505153,,,
,J000996,1,,,,,,,,,,,,,,,,,,,,,10d792078fb5ee42eec0d53efd1860d2c0c3ed224c7ac395046a7d05d184c037,,,
,J000157,1,,,,,,,,,,,,,,,,,,,,,23c0af328ee69a312d22f005101369501686abe1e6fab89a0ad06d60165d4ba8,,,
,J000672,1,,,,,,,,,,,,,,,,,,,,,4865f3ebdcb300f4b71fe2a6cdbf5f4aec89b47bef95cc15faf92164469884e0,,,
,J000084,1,,,,,,,,,,,,,,,,,,,,,b8f1705d0f912d0dbaac34fbb3e12da2e4a15c9d394ab536d463b4c5b8054a2f,,,
,J002161,1,,,,,,,,,,,,,,,,,,,,,1e78a96dd0465cd68ab04b3f54c4060ed90ea0021371737444d62cc80bb51b4c,,,
,J002990,1,,,,,,,,,,,,,,,,,,,,,f14f87c017b1f0de7e3f119d372af91a229624fb0c4abccc4efd958a065825d9,,,
,J002027,1,,,,,,,,,,,,,,,,,,,,,5f95ca3a8b3f645a8137cd5bed843ace61ba8118a662746674af27672a32b867,,,
,J000404,1,,,,,,,,,,,,,,,,,,,,,4e37f57218077787eb891b6c0ecac30933d5386df2c330cb3bb6a3ad4e9a6f42,,,
,J000640,1,,,,,,,,,,,,,,,,,,,,,995758a6112c3b13dd69b532f5991dbd7cf00986a05ec308aab8d6c3a896d823,,,
,J000850,1,,,,,,,,,,,,,,,,,,,,,8b1b5f947e0d0403bb0c70d58c397455624210813c5f66c01c0aba71997d9022,,,
,J000459,1,,,,,,,,,,,,,,,,,,,,,ad6eea6508ca1e8b370247a8ccf075a2fbd3d9e2f342fb207a426650be1f1153,,,
,J003166,1,,,,,,,,,,,,,,,,,,,,,e4b1a052217f33efb39def6b88fe293763645dc83b1f4a808c709cbf00f02bd5,,,
,J001724,1,,,,,,,,,,,,,,,,,,,,,652d974f1c07ee81789978f328d89e5f682098797edad228e8935e4de88d769b,,,
,J000167,1,,,,,,,,,,,,,,,,,,,,,5051ad078c4ca3efb3aff06f40b61e4b8f2f256ff5ba42d2d5d5aee5e203ba9d,,,
,J002010,1,,,,,,,,,,,,,,,,,,,,,fe542e0551c9baca5c68bdf894e5e047ddea9cf15c0c75db92d0768f2147d391,,,
,J002255,1,,,,,,,,,,,,,,,,,,,,,6c4329e058f6ad49cd969563895f9f7cc76544922f770b0219da394d335c0b18,,,
,J000046,1,,,,,,,,,,,,,,,,,,,,,abafb57aa06119dce818866d9c0a83982f9df75196f895fd670aeeb663378004,,,
,J002787,1,,,,,,,,,,,,,,,,,,,,,b2f266aa85539d65d43c99d6130debebc0659d8c90e5a1ff018ab93e86f67709,,,
,J000522,1,,,,,,,,,,,,,,,,,,,,,12ee6c17d032e85189add2c079f8a91e67d961553b7a5128a424f57d82a59b5e,,,
,J001066,1,,,,,,,,,,,,,,,,,,,,,bb96b5059416a30995c34a5c5bff9bf66f99c78fa2701d0d88109948d773e7fb,,,
,J003097,1,,,,,,,,,,,,,,,,,,,,,6f8ca4db45a1ab87526c00c58d2d3bab60a1609978e334552a62ee403a4c592d,,,
,J002818,1,,,,,,,,,,,,,,,,,,,,,52a3e1671de70bf15cf4c5ead02dc34c0497ab37008e8aeb761217c712252500,,,
,J000558,1,,,,,,,,,,,,,,,,,,,,,c5d66f763092ddc27b99878c2f95a929059436758467160304735377e8879c30,,,
,J000778,1,,,,,,,,,,,,,,,,,,,,,03060ff6570be9d7af25d91d5f9b7ff7250eb069abc36b68d3fb31e00c16375e,,,
,J000217,1,,,,,,,,,,,,,,,,,,,,,9d34eba863ba385d416f7de544c2c0650a09149a536626d79fa5953c28b7d3d8,,,
,J000231,1,,,,,,,,,,,,,,,,,,,,,8df60eaebb86811a2f90e46fdc139aee91102e0884c8bf2b53a98c49f2e57113,,,
,J000278,1,,,,,,,,,,,,,,,,,,,,,64b0c95334bf2156af8b2a1d1f30bfe32792ddc2bd6b2180c58d562d268d7341,,,
,J002715,1,,,,,,,,,,,,,,,,,,,,,d21b26cfe36cd5e2aaa1b1caa429ff7edf4d25a431cc1ddf3625e58e39c5f7f9,,,
,J000886,1,,,,,,,,,,,,,,,,,,,,,ac62520145c272fdb528dd77c7c082c9e9635b64e38c1a591c2bbab3d4d2a9ff,,,
,J001257,1,,,,,,,,,,,,,,,,,,,,,7ea755b1d81450f82b704bd9bf6c2de7d35625b4493f0e5612d7073c04337cc0,,,
,J001649,1,,,,,,,,,,,,,,,,,,,,,a3c77314e0fe65260cbf849da3c585e0e63dea63304500aba440831da767a87f,,,
,J002877,1,,,,,,,,,,,,,,,,,,,,,3b6aa4b4aa474d119d1a6628e7ad24f438598aae8efd9da66c234eb679f88dd2,,,
,J000977,1,,,,,,,,,,,,,,,,,,,,,715ac2d7ba7f302f70603407457cc86c83a28340edb4d770798971ed2a475490,,,
,J000600,1,,,,,,,,,,,,,,,,,,,,,12a886b57832a2f2cee39150515a216c265d9948859eedb69fc76e1de77440cb,,,
,J000085,1,,,,,,,,,,,,,,,,,,,,,02d717acaef4e63f6fccb86d98ad897ae7be0faa74dcab8dc362bde80cda0c9c,,,
,J001095,1,,,,,,,,,,,,,,,,,,,,,df7bff93f9172429cc646c8a6baf650d2d22de7d7b2f06ea112fab4e0f80808e,,,
,J000391,1,,,,,,,,,,,,,,,,,,,,,dfb914900be122785950b265b0625fe65c067896aec7ed8f9a970e7c6373b745,,,
,J000297,1,,,,,,,,,,,,,,,,,,,,,f3e456154aeb0565b5e484b1ad283fa3a5822dbf7f2c535a86660cfc8a038b49,,,
,J002380,1,,,,,,,,,,,,,,,,,,,,,fcf69ce99a07cf1acc637896fe2c75df1fa5c26047e0b6bca343640816a2d2e5,,,
,J002978,1,,,,,,,,,,,,,,,,,,,,,1b55b05d3416a1e2de6b21326fde553598d3e99b7ec986cf24acebe21c179c2d,,,
,J000207,1,,,,,,,,,,,,,,,,,,,,,5bc242581b1d15f7a039783218bb22c79a10a9f76164f6aaa17d4448b2af89b2,,,
,J001071,1,,,,,,,,,,,,,,,,,,,,,884869a8055e9e09095b85ab07e1101741592aa724692adbc709e80720bb92b9,,,
,J002334,1,,,,,,,,,,,,,,,,,,,,,da02889e09e290a5dcd4e1b1c0ff6d4ccabe7d58b6333380e078c04e2cf779f1,,,
,J002564,1,,,,,,,,,,,,,,,,,,,,,cf2d1758daf90d9a186bcec415596e98a663a9e63cafc8f392278d190d06e28f,,,
,J000314,1,,,,,,,,,,,,,,,,,,,,,d2f2a65b8d3b065e4e44d5ae00d580f15f38122946cf2c16d2577e98a7d7d15f,,,
,J001538,1,,,,,,,,,,,,,,,,,,,,,22a694765551f5d255dd88a6d06066c933d5416f1f1672beb69068f3a309415d,,,
,J001584,1,,,,,,,,,,,,,,,,,,,,,dc5e5719e7896ccadc77f0259fb2275d7628e8abd2c236517db940609ff03dc8,,,
,J001167,1,,,,,,,,,,,,,,,,,,,,,900ab921ea6a92f3b4ec254a137b6f7aefd3c4c83aa9c1c0028fd42379b51952,,,
,J002143,1,,,,,,,,,,,,,,,,,,,,,7f91b717a94acf789f6ee6f49eb82ae9e7c9b38ee5fb723fbdda8ab0e419c95a,,,
,J000211,1,,,,,,,,,,,,,,,,,,,,,ddb10ba29c8c7e87729c4cb760203dc16fb85be3aaf4635a818f8bca66c3a5f9,,,
,J001689,1,,,,,,,,,,,,,,,,,,,,,eb4b3577be0bb30c484e0c2ece224462788d634e2be4760fd1bd3199a2361609,,,
,J002172,1,,,,,,,,,,,,,,,,,,,,,3aeff3b01bb9e2bdb17c5732caa951efbf073b8707859dfb7df3eb58cac82bcb,,,
,J003173,1,,,,,,,,,,,,,,,,,,,,,29e736bfebafab73c33ef6ee17f6ae148aa442fc149bc0ed89dc6eca246ce388,,,
,J001719,1,,,,,,,,,,,,,,,,,,,,,f4bd0f4dc3357d11c2b04854effcfcd9678d9f5f3c32fe679e3d82ce277530c7,,,
,J001439,1,,,,,,,,,,,,,,,,,,,,,1ae8be9d0a91f7d552836bae3685321a260200aa8f935a569ae28ecdb9f7e66c,,,
,J000720,1,,,,,,,,,,,,,,,,,,,,,3f2b4cfacf182e52bafd117762ef4de9438d1a8ced84b98eea38ca308c49c756,,,
,J001218,1,,,,,,,,,,,,,,,,,,,,,524c985634a15f86ca2ac7a0914ef7416310fdc025bf6567ae4b6e16c538ab44,,,
,J000395,1,,,,,,,,,,,,,,,,,,,,,9be8f377b620715fe5f2d71ff0ce25c401e9ddef1e89fb88c09dba39ee2641cd,,,
,J000590,1,,,,,,,,,,,,,,,,,,,,,3b0323e4adc2439ea9628382a89e6d5d481553463e0376860083bb162b7875dc,,,
,J002993,1,,,,,,,,,,,,,,,,,,,,,4e4c895b1a81062bc5f9c5aa74afb7c509fa58580f0a9accc42e95de83f07880,,,
,J001120,1,,,,,,,,,,,,,,,,,,,,,d1c4ca695a304d0ee8c51ef1e6206b9af7360d91bc3c29d036ebfcbd6ef17a8a,,,
,J002586,1,,,,,,,,,,,,,,,,,,,,,04d751e46a2634f01a9f4b819145314de996674af73fd3815ecda9fa70c4f12f,,,
,J001482,1,,,,,,,,,,,,,,,,,,,,,5379833767f4047c5bb2701326d691c52ff701f1c671091f9f66b11c8593af5b,,,
,J002965,1,,,,,,,,,,,,,,,,,,,,,88f27aab0d8630f314e3a338abf1a7761c139fb6131df0ba26b104215163fe66,,,
,J000436,1,,,,,,,,,,,,,,,,,,,,,7e7edeffe905796f28ff582a27d428603d888ac8ca4ba685dc397b967a425bc5,,,
,J003039,1,,,,,,,,,,,,,,,,,,,,,667375476100debf4cc95cd7929cdb4ce2bfc28161efccfc9c1bbc2f44336725,,,
,J001328,1,,,,,,,,,,,,,,,,,,,,,8555187cf4f494b7509dea29e8b05df2448f2310894bbb9f7537055229eeebca,,,
,J001729,1,,,,,,,,,,,,,,,,,,,,,8dd26d97758f17532ff7be5df4295a89cdccde20fbaa77309e35ed9bcafd5f30,,,
,J002180,1,,,,,,,,,,,,,,,,,,,,,8a4e2cddad6ff8a65e55551d2b16dbd7e3d438b1f793ba497c4e8a8066bede63,,,
,J000346,1,,,,,,,,,,,,,,,,,,,,,b0c8de5803ec26eb7a822eb7e6a12f39f26c94d4113da7b97636aae302534319,,,
,J002538,1,,,,,,,,,,,,,,,,,,,,,63c57028c069c92b6422302edabbff0a155f70e0ba4154176f62517f9a885824,,,
,J002588,1,,,,,,,,,,,,,,,,,,,,,171577fe4a5edfb068b1408a4efd2b8fa9124b8c7aa6da5a7ff5ea938a844755,,,
,J002073,1,,,,,,,,,,,,,,,,,,,,,ecdf22d448741d8b85e5dffbd771c011635a29032bc1085c75b51c3c9c91e84b,,,
,J000735,1,,,,,,,,,,,,,,,,,,,,,ef4aa38bb99d63538448d5e2d51eacf5149025a26fab13460582243f57f75761,,,
,J001999,1,,,,,,,,,,,,,,,,,,,,,e6f5036066b6949d8cdd5a1306b1a46bb50f615225517a5bb10540247b727732,,,
,J002104,1,,,,,,,,,,,,,,,,,,,,,a49f9f3f2bdfacdef2a289e4b8b8fc06d47868e672baff40935d39720150ad9f,,,
,J002360,1,,,,,,,,,,,,,,,,,,,,,210301037b2663c2c947c9fd703069d9120126dc467a16f1cdd8994cc4d635f6,,,
,J001079,1,,,,,,,,,,,,,,,,,,,,,f1e12778e4d6d9d912c780b1d530bef1c7c0858e18f7e8112125324a4d43bfe0,,,
,J002566,1,,,,,,,,,,,,,,,,,,,,,1b838b6a02d7ce56c483b73d6a187c6d43b7e38b57d6459326ddd39520bbbd2c,,,
,J003034,1,,,,,,,,,,,,,,,,,,,,,8fa1213ca6bf7ba1e5af33128ab2b9f57b34038a5f26fbffa90f219fc181f8a7,,,
,J001842,1,,,,,,,,,,,,,,,,,,,,,43b63840ff2f4bd4aa483168010118e3311e5a21e333f14b7c63c0855d348a94,,,
,J000332,1,,,,,,,,,,,,,,,,,,,,,a5d2a40d52ee5fd696cc7724ac56187dfd8df180bbb292e8897e83531bc4eb5b,,,
,J002232,1,,,,,,,,,,,,,,,,,,,,,db1d90f71f63e0970e6bbb689584d633a155670c07e3d066262718df6a497a13,,,
,J002953,1,,,,,,,,,,,,,,,,,,,,,5ad594d266626acbd5ffbdf97862c6c50e7a0f957caa28c281e69f4df875d187,,,
,J000972,1,,,,,,,,,,,,,,,,,,,,,7757ba625d53c163b19e0148024e8acfb114566df135b3e6c40af040f1321c17,,,
,J000333,1,,,,,,,,,,,,,,,,,,,,,6696fe358242a440f3ad32534f85e62c4d2ee805487ac16c2f05942c3bf84f5e,,,
,J000375,1,,,,,,,,,,,,,,,,,,,,,e51683a65c87536ad9b70d9a8c8e79a87565bec7d3975edee97b5937c4539c88,,,
,J002992,1,,,,,,,,,,,,,,,,,,,,,f803cee0d3447b88f280cb8bcf52276c902606084624956da0fd13aeb8219a83,,,
,J001230,1,,,,,,,,,,,,,,,,,,,,,23a13de118bedfb9ef37cfa76161e6af5de75d6530a9ac640488de619dcef808,,,
,J002420,1,,,,,,,,,,,,,,,,,,,,,3de8307932447da32985a90d6037aa5b2014752d7a43d87950e6b038457b0ddf,,,
,J000363,1,,,,,,,,,,,,,,,,,,,,,06e87b4213ebe4ac4d57fdc94bba51f11662c424563d1a8d7c91a5f4c7da1946,,,
,J000875,1,,,,,,,,,,,,,,,,,,,,,462635fe778b769fd7f1d12ad4b2e055aef1d6ed67a65cc2dc5773cf7afd206f,,,
,J002477,1,,,,,,,,,,,,,,,,,,,,,987775dc7122e4bde05e0882b74ca146a69b4d35931d372d7bce15890b95c111,,,
,J001115,1,,,,,,,,,,,,,,,,,,,,,28f643a51cc02d07ea1bc87e69678f697751c2166c825db8feb35039a1e0fe64,,,
,J002367,1,,,,,,,,,,,,,,,,,,,,,d3cc9dba4ecc34f512d364ccf3c6179a270568f4c1d26f0ef2d5dcd20e0a1fe9,,,
,J001541,1,,,,,,,,,,,,,,,,,,,,,a1ca50b26cbe020c6fc3d23dc7d33d0438f8fac595bffe18a74535081f9b0da0,,,
,J001010,1,,,,,,,,,,,,,,,,,,,,,299e0227a93edc9bf9e624193d175d9ea9692acdd5b2858404b74b371717663d,,,
,J002400,1,,,,,,,,,,,,,,,,,,,,,d1828979b4cb332121c7185154730b6a474ee853df616c6ae2259f9dd56dcb49,,,
,J002936,1,,,,,,,,,,,,,,,,,,,,,8c0971c0cd8d4b334689a1bd0143c00fbfa9bddb4fc7e2d1dfb56cfc023ed345,,,
,J002739,1,,,,,,,,,,,,,,,,,,,,,5a9bbd95afdedb7bb00d9b8bd23fa35d361bccac1cc82fa223a326f1aa9b6e42,,,
,J001856,1,,,,,,,,,,,,,,,,,,,,,613da0c1f0f6886b21d76006267c177a6383ede6b8014daa87dc81ae35e26582,,,
,J000993,1,,,,,,,,,,,,,,,,,,,,,35529155315af8030f5767a972f5197b96bf3156fc94b44186ac9a5c22e06460,,,
,J001191,1,,,,,,,,,,,,,,,,,,,,,29962ef623d719290a1daf8bb54f84257c9f397c3917bac808b56cb10f377aa6,,,
,J000534,1,,,,,,,,,,,,,,,,,,,,,9342bee83d89dd2b238a262a472587cb9b17d0a680efdcd344e9dc2c8520e72f,,,
,J002312,1,,,,,,,,,,,,,,,,,,,,,6e58394ba3803b4b7469d965321eb8503abbcdb1340b01e20775a5bfafddb125,,,
,J003121,1,,,,,,,,,,,,,,,,,,,,,df010ecf7bdb0a27eadcecc0657d9beae9cafcd9a46d098c09c145002877567c,,,
,J000107,1,,,,,,,,,,,,,,,,,,,,,6f89097f6896a0f02c75b2babf3fd1c28b2d4a98cf70c6ca7f607e13251c1941,,,
,J000121,1,,,,,,,,,,,,,,,,,,,,,19df9e296299fe19f5b80ac6e3b61133e3a4da4cb09c60c0207ea7ad7a378e86,,,
,J002808,1,,,,,,,,,,,,,,,,,,,,,cd73da533d0accaa19c22f8703b115cb5d3abfa5bc856e8708b1059bbdf16833,,,
,J002547,1,,,,,,,,,,,,,,,,,,,,,e97605f864e99308e4dafc3372f93f96ce7a51c7fa05286dfd1a4dbf7cc27aaa,,,
,J002177,1,,,,,,,,,,,,,,,,,,,,,7561ab3b64f52512940b34e0434984ee5cdb3baac82123ca6bcc1d2e9ebccfd4,,,
,J001930,1,,,,,,,,,,,,,,,,,,,,,395c67c86a90c4aa18f378d48b3eb0a617c39117238041b6c733c2b9ac8253f7,,,
,J001592,1,,,,,,,,,,,,,,,,,,,,,54c1a0b1c1c68f0704863ce579266432f3081eb47adb44a009133fdf00a9088b,,,
,J002439,1,,,,,,,,,,,,,,,,,,,,,0014986903dab1a4ef0dee01062333393ab4cfb1823ed00c2bea3376c7786bfb,,,
,J000082,1,,,,,,,,,,,,,,,,,,,,,3805b0e21b7617bb053447b51baf162b44829472fa4d2b4617d594d918278ed5,,,
,J002997,1,,,,,,,,,,,,,,,,,,,,,a3a9c87944ee934de256e21f3bc2009566ab7d07f24a23b1b7201f97eea802dc,,,
,J001203,1,,,,,,,,,,,,,,,,,,,,,7411d0f8c6b73ce90ee90325f67f04843283a0078ccf41949d0f51c5951abbab,,,
,J000682,1,,,,,,,,,,,,,,,,,,,,,cbbf663d7b60a6f3090e4e58cf795be345fa9b1a5de2585fdb7fa04d5dd1ca24,,,
,J001540,1,,,,,,,,,,,,,,,,,,,,,e122548c5e529da2c132fc53de3a0573f65e1ee0b4544f28253eac474ff7a2ea,,,
,J000039,1,,,,,,,,,,,,,,,,,,,,,8c8366b2ec0a2047449270617ab0e5aa4da177d47751f760744d982ae3c34ec1,,,
,J001681,1,,,,,,,,,,,,,,,,,,,,,34479b8dcaf71a18d908450b105ef96db2ac25b1f5590b765a243f3246eacf4e,,,
,J000944,1,,,,,,,,,,,,,,,,,,,,,7758cfff6b2fe4f99ac0dbcd08be12999980a107cd02ff748be2f07ea966f003,,,
,J002174,1,,,,,,,,,,,,,,,,,,,,,d8ee3730262970f0875f9ef144cab8925c9fb7d16d524769b46f6ed7664cd4ef,,,
,J000049,1,,,,,,,,,,,,,,,,,,,,,8a2e2aea50f89a1e65b6fda4084be87eeed41a6701ff1da72178c1b373e0080e,,,
,J001581,1,,,,,,,,,,,,,,,,,,,,,c81254b5c7c51be81195c3aadb7a6b5f2a5eb0586087465ae6546a0b2c73654d,,,
,J002940,1,,,,,,,,,,,,,,,,,,,,,738f9337f2f44d6b5593cc1ce702b6173280b05255b4e764122ccf176ae96c9e,,,
,J002711,1,,,,,,,,,,,,,,,,,,,,,59336967d342947a0926331a4b9043cf078130e20762f201e7c227af9f570413,,,
,J000548,1,,,,,,,,,,,,,,,,,,,,,bb20f05bc154589a2b81a2d931ded5f4a0e4c2d50b2d26c92325a91a349f7fa2,,,
,J002717,1,,,,,,,,,,,,,,,,,,,,,b4c729c63a0a5f0ef94a60af626df06efadf8aabcda6b2b5799160e45b9dd99a,,,
,J002644,1,,,,,,,,,,,,,,,,,,,,,ce721b8ffa795e8da10d3abdf5b4d2dc64fd6f29a6e496ceb36c55d2408d5ae7,,,
,J002110,1,,,,,,,,,,,,,,,,,,,,,f151db30ca7ee3a8960578e0e18c0233bc87bc0b68385b67c3af1abd518c1fe1,,,
,J000870,1,,,,,,,,,,,,,,,,,,,,,c94347e28124fd0440686458cbace04539a2e3b7d3c8a03307235d984181b34d,,,
,J001673,1,,,,,,,,,,,,,,,,,,,,,3d206b88e58dad2101ec6a7ac072566d141cbb81e8c984c1ac29ee2873a8f88a,,,
,J001935,1,,,,,,,,,,,,,,,,,,,,,7106966a1f952a7617e00211fdc4ce9cbf92f7fd79acd8576c579c3db2004d8e,,,
,J002631,1,,,,,,,,,,,,,,,,,,,,,8b1f7e929abc1aadf257079fbf1070eab0fdae4fd4a58c1cfa39c97533c93b98,,,
,J000480,1,,,,,,,,,,,,,,,,,,,,,bfded3d14861550a642c438db7ae1846273f5c52150b0b38d0d7e101ded1bc85,,,
,J000696,1,,,,,,,,,,,,,,,,,,,,,1388d89c84262eafa8ad0407683870e787dfaa752ad259baf94d8dbea06c8537,,,
,J001447,1,,,,,,,,,,,,,,,,,,,,,8f7f93b1b975b67382b4832a70c4393c92f7a9a1a53f6d2d5297bf6c9f0d0763,,,
,J000738,1,,,,,,,,,,,,,,,,,,,,,674a8ebd6bae271c2ca8037816dc6609fbb29d6c478f3583794cda0011a8e870,,,
,J001845,1,,,,,,,,,,,,,,,,,,,,,db4e3beca2e9f9836c9f04f46ed10b375662f9e30ecb44ce493e974152226d08,,,
,J001305,1,,,,,,,,,,,,,,,,,,,,,06094e50dc7e87f7790fba5b401147386044668d3be0dc9e5e8e1cf5e4e983b3,,,
,J000306,1,,,,,,,,,,,,,,,,,,,,,2c1d0f4280d86e62cc0afb309c842bfb71e1e8b2840f6e12e4dfd41437578859,,,
,J000339,1,,,,,,,,,,,,,,,,,,,,,1ed081d5ca715cfcf29465d21f958835e8d7daf8a6bf35ac0b19b05943a27e39,,,
,J000426,1,,,,,,,,,,,,,,,,,,,,,5b31486338fb89783da94be0e3c1bd7d16caeff5c1a15b8c1b387e5fc11a750c,,,
,J001743,1,,,,,,,,,,,,,,,,,,,,,b8996031a0999d8fe602952ad003fdcea4dc70f5c69948cf054e14b8ee13a91f,,,
,J001913,1,,,,,,,,,,,,,,,,,,,,,a84dcb749b92228c146249520dedb197bc5a38dee4608e6a289fa16fdd599fa4,,,
,J001800,1,,,,,,,,,,,,,,,,,,,,,683c79b79e0ecffba33d61d36483cb03130a569b502d61c7066b168ea11011a1,,,
,J001342,1,,,,,,,,,,,,,,,,,,,,,7da5679b6fba7b4dc6a8980d1a7fd8d5d9aa2d9c2dc1cd4fcb5c17807c18b7a4,,,
,J000841,1,,,,,,,,,,,,,,,,,,,,,74477bd8fc4111ab29dd86c0f48e5f601234facfabee02488cb6a831edb100e1,,,
,J002025,1,,,,,,,,,,,,,,,,,,,,,1897e0f99832cc4d2477181e36838480db35cc90ec2d1860e751ea5b2a1a2f5f,,,
,J002160,1,,,,,,,,,,,,,,,,,,,,,c0387d9ba5c825d04286f1ae77a685b173e313a43aea030198cdff8fc4dea845,,,
,J000630,1,,,,,,,,,,,,,,,,,,,,,84c2d4e94c155538aa67860782d55c3548fcad740ad8c35a72349678fb89dcb4,,,
,J001099,1,,,,,,,,,,,,,,,,,,,,,488bb5e5e696902b627b4d1aa9cbca1a56653c5dd746c8e6fbb08934cf929641,,,
,J000119,1,,,,,,,,,,,,,,,,,,,,,6f725515de61f1e6d28d6ad4cd0cef644151aeec628de3192a998ad1451796d4,,,
,J003002,1,,,,,,,,,,,,,,,,,,,,,067a10d9d6d94a496bb003f26db256ca2fc042ad8adf3c852f7df8f8fd26dae8,,,
,J002471,1,,,,,,,,,,,,,,,,,,,,,dce29fb3617f514fad86a829d121ba56a3c18ec58abeb800063d1b9a7713bdc1,,,
,J000740,1,,,,,,,,,,,,,,,,,,,,,d6291ed7cb44a459c7f7a19a599cd13c6806eea33a7221c3deb7bf194748e37e,,,
,J001448,1,,,,,,,,,,,,,,,,,,,,,627921b62f748e5698a17d4eaabdf70e5bc7135b39bb5b7643834e7903ddebda,,,
,J000258,1,,,,,,,,,,,,,,,,,,,,,7b6f508e5fc174e7d63e440607d582a6b89d35fd1b9bc091b8a25420ab3a1520,,,
,J001976,1,,,,,,,,,,,,,,,,,,,,,88e5155dd951b68b0306f163242b3e2e484f95cd8ffceb7a5027f178f874b9f4,,,
,J001820,1,,,,,,,,,,,,,,,,,,,,,1f818d805740c5cc4126ab1c44ba2a20d8e69d0b4f0e2de9f60b2dcb281e4cbc,,,
,J001467,1,,,,,,,,,,,,,,,,,,,,,d394ca0e8834074de8cca34a60a0267762ff15ad9a9f20748c9ec7f38c82985f,,,
,J000004,1,,,,,,,,,,,,,,,,,,,,,a69d18361a418418150b495a51f3e73a8d1a93138590c1913306fc247ee6549a,,,
,J002237,1,,,,,,,,,,,,,,,,,,,,,ea4602f2064288c979bcc448aa8ec9c354c626739381255b079b13fe2c0411ec,,,
,J003149,1,,,,,,,,,,,,,,,,,,,,,a28fd9576b80f602436731dbfae6d4a3151a133875ac2913df75fe558b83a4c7,,,
,J001344,1,,,,,,,,,,,,,,,,,,,,,ff262494c715b3e532bfcb2b570b5630a08b9858b5129f8726b4ec077dc283aa,,,
,J002074,1,,,,,,,,,,,,,,,,,,,,,c4f998a0e27dd4dc6ecdd4d51d7dc09c913de9cbc0f2fa877c5604304faa4554,,,
,J000533,1,,,,,,,,,,,,,,,,,,,,,63b0a6194339c19a49dfb13afda42c433ecd73feeb3fdde02854815c046f2ef6,,,
,J003156,1,,,,,,,,,,,,,,,,,,,,,d5d3c37ae7c51c1f2c6f2910b0cbbec0b61ffc81973c7af9d87c5fd02d0b2848,,,
,J002418,1,,,,,,,,,,,,,,,,,,,,,1de44654ea56770236ef818484c557fc88daa47f2ca3b5c11e7c319b8d1e8fec,,,
,J002144,1,,,,,,,,,,,,,,,,,,,,,ecb8bdc1205676daff34cd430df3d070510e14b5d22d3d1a4a671308e18760a7,,,
,J000126,1,,,,,,,,,,,,,,,,,,,,,bf137e51e48944a227ff6a02bf9d86a857961cce39b73688250150882285dfab,,,
,J001521,1,,,,,,,,,,,,,,,,,,,,,6808f3e56c4e189deb2643e8268bce2c399ae47a04ced497aeafbb392fa11aa2,,,
,J002833,1,,,,,,,,,,,,,,,,,,,,,e0fe4e48ad822f524ecca88ef836843927db5ad917b81f82483a98a9da9c62be,,,
,J000541,1,,,,,,,,,,,,,,,,,,,,,393dc9a47af8ae2d4a01c993775e46d10a6494f499676d5d1fb4a19d046b277a,,,
,J000787,1,,,,,,,,,,,,,,,,,,,,,5e5b1900b35923185f0660808bddf7de3913671a0e9683ac7b894c11387f17f7,,,
,J000864,1,,,,,,,,,,,,,,,,,,,,,56d2fd87a30fdbe4daf3db1f20bfdd22093f53e97e38362f9fee77b0da1c678e,,,
,J002873,1,,,,,,,,,,,,,,,,,,,,,a8e09adf083dd0c44b01402a1ffaa7f0a66678f9b30cf012f173d083d1c5aa86,,,
,J001152,1,,,,,,,,,,,,,,,,,,,,,20078c11d7acdeb7918dbdb072928125f2e39ddfa484d625973a3c53483733df,,,
,J001998,1,,,,,,,,,,,,,,,,,,,,,190cfc254ea5279cd6902101b4338f8ee8e9d9153d81a91669d86367cb322a08,,,
,J001897,1,,,,,,,,,,,,,,,,,,,,,6bc1e7c48b6297b3d7b56c35cd8d4555a08824da22c3b82253f576ba793803f2,,,
,J001240,1,,,,,,,,,,,,,,,,,,,,,b0233d1e3c97e5b28199f7e48e7647b715e905e0e8ee312e4fcad8c079d1da9f,,,
,J001319,1,,,,,,,,,,,,,,,,,,,,,94b423589de0bc281cc62e9ca7a5a8a28326bde2e1d2576b087f90191f767173,,,
,J001129,1,,,,,,,,,,,,,,,,,,,,,0eb13b6e8100acad7f406b4cc1f8890dc48b2edad1e095c6517a7fae70a5d81e,,,
,J000137,1,,,,,,,,,,,,,,,,,,,,,05757de21a0faf3f1432b75dadb8738f5929c408efa7e9bf348db954ced456cd,,,
,J000072,1,,,,,,,,,,,,,,,,,,,,,a6a1d1a149404cd960d4b09763891363ee59db77ff36d91c24feab045da997a7,,,
,J002350,1,,,,,,,,,,,,,,,,,,,,,dcc149b3759747388f68d8517763e5beecbf5a83c1f2c07d1b4af33871f1caf7,,,
,J000138,1,,,,,,,,,,,,,,,,,,,,,a80f51af12b4e815640f27fc2d9b98b14597e10664b0bfb54936cbab73a137f1,,,
,J001349,1,,,,,,,,,,,,,,,,,,,,,9e76ea7ba242862ccbe2b50e8617054445a68c4421f549ac7ed38be007ea5175,,,
,J001920,1,,,,,,,,,,,,,,,,,,,,,0a6aaee9ecefac808a6a15d6ecd8d7b9eb9e9b00750cd9b15c7d47531c520e84,,,
,J000274,1,,,,,,,,,,,,,,,,,,,,,d00de0a4fe5e47fd264cd98a20aeed8e0cf55e7eacfe735381bb8c3ce07cb3e0,,,
,J000374,1,,,,,,,,,,,,,,,,,,,,,2941a4ac20c4a1695f627d0360eb4c6a863bf66f03a7bb3c83b2e4b98ef99199,,,
,J001980,1,,,,,,,,,,,,,,,,,,,,,b62b51378275632d4357baea7193e61ed9954ae7c76a94522e72d4183136e1b0,,,
,J000347,1,,,,,,,,,,,,,,,,,,,,,595252b0f7079fc89453468c517c5c4552252192f0857c9cb327a7beded75e17,,,
,J000401,1,,,,,,,,,,,,,,,,,,,,,c7d42a9b8f2af5b30b25d686146a4a013fffee659358d0f918a14b5651006024,,,
,J002871,1,,,,,,,,,,,,,,,,,,,,,c60cc5289a8ac6711fcc3c8b769353155931fa0c0c2aeb7fd677c1d01269a09c,,,
,J000382,1,,,,,,,,,,,,,,,,,,,,,401de0a0f3d982890bc2fd7497c4aea0d88473acea7c25439dae085b34032ea7,,,
,J002799,1,,,,,,,,,,,,,,,,,,,,,b2da6da4a2587a71f98b654ba837fab6cabbde154f0e8aed18f75d6b44c05221,,,
,J002006,1,,,,,,,,,,,,,,,,,,,,,6db323e09f482243311c7984248c167b8a32a8bcd5e323f1debfce6e408578bd,,,
,J001646,1,,,,,,,,,,,,,,,,,,,,,d70333f301b6152f5af3a1cd5633f8db340ba6ee5a8157b99bb0e50280887e4b,,,
,J001206,1,,,,,,,,,,,,,,,,,,,,,0b09ef2385fc1ea1a855c119fcbf534f0d74c67f09947523b4e9b97342a27fe4,,,
,J002923,1,,,,,,,,,,,,,,,,,,,,,04cd89b4cea5281d96842a842bda28f5687cb3585434bb09705df751038cf104,,,
,J002479,1,,,,,,,,,,,,,,,,,,,,,9ba91e480421d48d5d8a2172631ae2924f42b4aecce2adcb4b54e27bbd0c0771,,,
,J000135,1,,,,,,,,,,,,,,,,,,,,,b6265397d1ff5e33de5a9b40d4b63438c8fc6060190c90d73e1a1e3a8eff8130,,,
,J001487,1,,,,,,,,,,,,,,,,,,,,,cc82e1213a37063d2538626594ebfcf568efb64f0d931328dcc40c87721977ec,,,
,J002335,1,,,,,,,,,,,,,,,,,,,,,5b7b65b203ebbea5633569421aef711ed643164a2fed4dbbefd123948c5f861d,,,
,J002139,1,,,,,,,,,,,,,,,,,,,,,d51a6673904d9a83d078d5658353f8424b326f48dba28d24d0b574cac1b207ba,,,
,J000826,1,,,,,,,,,,,,,,,,,,,,,5c96bb9c94724458db9ba8182b20c823e05d7b36b08e664c570acb0354409ec1,,,
,J000862,1,,,,,,,,,,,,,,,,,,,,,96400acc9042e4668d20724f61b4012d93d35f39d732d902e8f326e42e9dfe7d,,,
,J000181,1,,,,,,,,,,,,,,,,,,,,,3e0cd9ef4ee30bbe5cf9b5d5bce314c6ecbb1cdb5edbef48d53f3c74a8b3cd40,,,
,J002443,1,,,,,,,,,,,,,,,,,,,,,eec4fcf125ca0e660db564cb2070f66304c055d993407f9ece55c32053a5b319,,,
,J001278,1,,,,,,,,,,,,,,,,,,,,,4862fbaab4eecc7a1b1629aa87a2de2d7d1fba3ccec1d741e23725316dae1241,,,
,J002077,1,,,,,,,,,,,,,,,,,,,,,b93668f7b4fa1943df549090e63c3cdda4d3f01998941173e4da5e4a6cfddd91,,,
,J001034,1,,,,,,,,,,,,,,,,,,,,,9030de593b58d3c2fbd0b30e66a7765d9fd131f70912102beea0f2460fa6eb35,,,
,J000739,1,,,,,,,,,,,,,,,,,,,,,9fa7fe0f311c306711fb061c60605dd869fb4290bc26450b0d312c3f894ba3e5,,,
,J000372,1,,,,,,,,,,,,,,,,,,,,,aa5586a0b8a45cd4a5d2b698aac71bd48ceeacd46913611b2cdc13c5445ce54c,,,
,J002692,1,,,,,,,,,,,,,,,,,,,,,4cb90137f2430fdba381499f7d317bd8c8fe651c36deea70077549abe7c67a19,,,
,J001896,1,,,,,,,,,,,,,,,,,,,,,c0502e48ed5b5fcb4f50332a96ff364a1d49852b03ab9f4124546c0fdb40d64a,,,
,J000882,1,,,,,,,,,,,,,,,,,,,,,fd48da15c5327f96ff3eeb9e89fd0bb399864a2d4d767ce09d3014e9c4c4295c,,,
,J002826,1,,,,,,,,,,,,,,,,,,,,,f9e9226094c8b03a77d24465ec68a1e335e8809725202c56a9e971400125b7b5,,,
,J001709,1,,,,,,,,,,,,,,,,,,,,,a93482ee54b094709be1f54fd4ecaa7e625149ff963c4202f8f0c7f0ca4803c3,,,
,J001028,1,,,,,,,,,,,,,,,,,,,,,fe2c51f286847b10f6e1f12d5a8ac25f18aba69eaf8365802288f58931c10e14,,,
,J002700,1,,,,,,,,,,,,,,,,,,,,,2858dbd781393fe164bb77cb35c9b145027465aef35f4c16621f02f19ad71ae3,,,
,J002954,1,,,,,,,,,,,,,,,,,,,,,ac77214a766ff87d5e24c370ff40701442a19fee91f285d881d1d21b90bdb2ac,,,
,J000419,1,,,,,,,,,,,,,,,,,,,,,2418c0deb0b38f3d28abf4135aa2f562e949a2e0f210e6aa6cb1038cda6a41e5,,,
,J001185,1,,,,,,,,,,,,,,,,,,,,,dda61546112849c365e73fb49bfc64d70c7c3bd7131d1f4928ba39a37f4fea6e,,,
,J002103,1,,,,,,,,,,,,,,,,,,,,,8bffb3b165d8df2814e259e4761c4cf14ef355edc358c8697735b5899556b368,,,
,J002132,1,,,,,,,,,,,,,,,,,,,,,aa89888564d1a9a7fc0173dcb52b13f76b22d5d9b3efb99de3f26a70e1ee6f63,,,
,J001098,1,,,,,,,,,,,,,,,,,,,,,d56be83ee4c5f28e8ffe15317e29f68cd1e97eb87b66ef3790304d4cb0644869,,,
,J003160,1,,,,,,,,,,,,,,,,,,,,,c59b8049ddc7ed9a9be56af52587adeb2eb78c0501f46d2c5309be874180d96d,,,
,J001765,1,,,,,,,,,,,,,,,,,,,,,ff2e263bcd846bc86b0942934dc87fd650ad3f1626c3210f9e9c49c18d33cc31,,,
,J002001,1,,,,,,,,,,,,,,,,,,,,,0434d0882229788cc1120013fb94d01e3527408a8b7d1de2e0de76bed4d9c15b,,,
,J002670,1,,,,,,,,,,,,,,,,,,,,,e7dc3efe0859f0d0cd811bf78174e3a6fe40b4134e50db89f1deab273c85fde6,,,
,J001570,1,,,,,,,,,,,,,,,,,,,,,a32ef3ef2f804cdc2653c1d48631d56beb3ec96363996413ebc931e6dc116758,,,
,J000162,1,,,,,,,,,,,,,,,,,,,,,67b4914a4365b300a30010923a06e4f816763a4605e62899cfbb08468237ebba,,,
,J002293,1,,,,,,,,,,,,,,,,,,,,,d159dc6435534ed1ea85b29498111d74a568c7b277de7197eece9b02aef4c7e8,,,
,J002411,1,,,,,,,,,,,,,,,,,,,,,4caa286cc455648c7b9606b6619c45795bce7a24ad9794b51c4c65ee64e76cae,,,
,J003165,1,,,,,,,,,,,,,,,,,,,,,d67e30c238bf69a3efc5cab98ee3611a02ebb6e61306e12d6cda542ae993c315,,,
,J002544,1,,,,,,,,,,,,,,,,,,,,,b052023d042504be2dfc0e2fc7f75e32eddf36e9ae4c1a44b2cef7a4882e7a1f,,,
,J000674,1,,,,,,,,,,,,,,,,,,,,,4b423c42bcf4c08c0b34c73997549f045cc5932e96d8de5f8fc974c539080639,,,
,J003117,1,,,,,,,,,,,,,,,,,,,,,37f001341114b552b41016caf9943d16bd834150f50182cf7f76edea9fda4d1b,,,
,J000542,1,,,,,,,,,,,,,,,,,,,,,853b61d392ac73e13f1754909cb50dfde4484fe46d27046f4323a108bb38a1de,,,
,J000169,1,,,,,,,,,,,,,,,,,,,,,6c378f82c7718790653a24320e5f5455cb0adb6afe0716339ad8cd600b77077e,,,
,J002291,1,,,,,,,,,,,,,,,,,,,,,d02bcdcb8bc8f37f5732b9cd8d7f10c404a8860cc2e5a6568fca52a49b5bf4c1,,,
,J003095,1,,,,,,,,,,,,,,,,,,,,,4e1e25fe74b58253bf114bf87f62fb695a400cce9d6cd54a308b22270d4ceb6f,,,
,J002147,1,,,,,,,,,,,,,,,,,,,,,736ee7653b3c8164cad5c23bc461bef4931b27a710aad73d9bbb13b660f2e7af,,,
,J002594,1,,,,,,,,,,,,,,,,,,,,,b3de46a422f6f75a370ff719e5011209f3adb08747ab32db23c29f8856a9e36d,,,
,J002145,1,,,,,,,,,,,,,,,,,,,,,1af9f817d369ae39fb0f3de974de56e606e7d173876db895e042330258acaec0,,,
,J002830,1,,,,,,,,,,,,,,,,,,,,,7a116d002ae37e792a8d4f8c530fdcae73641047655f82219c80bc65c30a3c10,,,
,J002812,1,,,,,,,,,,,,,,,,,,,,,86670faa6664a558ad360de9dd0defb00ea38b5f0c50fb1b805e676873604aa6,,,
,J000578,1,,,,,,,,,,,,,,,,,,,,,cb70b1ca30e9d8652507d4ac3eda6e10fb1d73c3aa10db637e78d7cb9c4b0a5b,,,
,J000907,1,,,,,,,,,,,,,,,,,,,,,7e718dd86bc9b27c5a4b0a02a666dff996067bb2851b9a4995130c11ef3f5dea,,,
,J001309,1,,,,,,,,,,,,,,,,,,,,,d96d29e624c122863c668db50110f327c70c7511770de784359089b79df2965d,,,
,J003159,1,,,,,,,,,,,,,,,,,,,,,c944894a176c6228d1a14dd76001a5a0d22a1beef789cd58e94a0c41f50c5fae,,,
,J000341,1,,,,,,,,,,,,,,,,,,,,,360593ed5d95e24b14e5d9d30ffade3c2031f73d5a2bcba0a7e85f56e7cae08f,,,
,J002078,1,,,,,,,,,,,,,,,,,,,,,19c2646282facaa49b1f82da4b398be319be62b38c810f636ebb327cb4639c65,,,
,J002526,1,,,,,,,,,,,,,,,,,,,,,89fc4e57a9267574ec8ddb43758c98f42d4158e462949e98c76e473b4e198a10,,,
,J002021,1,,,,,,,,,,,,,,,,,,,,,e05295d60dcdcb2aeb8389079206c2b1f3606a9ae1f068f454ae04a1b9ca2b87,,,
,J001026,1,,,,,,,,,,,,,,,,,,,,,8773d731565f8a864d0a5ec17062667a29eb597f2252f0466fd8dfaf80832d52,,,
,J003062,1,,,,,,,,,,,,,,,,,,,,,70a2a0fa5433993afe072abb068ebcb8bf61713ce7f1d96346e85b2193fff833,,,
,J002723,1,,,,,,,,,,,,,,,,,,,,,6f240e6b11ae9a3fed00ac8b314ca9d0481ca1491cdc3052f978ace96ddc7a66,,,
,J001823,1,,,,,,,,,,,,,,,,,,,,,454b636ebe523c3ea6aab0d96c2071473493ce8c1c40fbf7f15ff38aaf8c3a0f,,,
,J002214,1,,,,,,,,,,,,,,,,,,,,,c98f17a22343b09988526ab810cd358267b70671b0a84508f4e206983a86bf32,,,
,J002722,1,,,,,,,,,,,,,,,,,,,,,7dcca4958c9921a0553f80d55a779539c99bc0bf841f165c170e65c9c5cbcac9,,,
,J002897,1,,,,,,,,,,,,,,,,,,,,,e827edc97db44348e1884de59025b13b2db896934e68c954a2e96bd6c4b67a17,,,
,J001868,1,,,,,,,,,,,,,,,,,,,,,dc5e482b684019950263fcf04cd88409a92ff3e5de4b6fb4b935eccc60e991e2,,,
,J001512,1,,,,,,,,,,,,,,,,,,,,,9299c829e329b458337b5df2d178720509473b64e2eba7901b03cd6eb0366d5e,,,
,J002286,1,,,,,,,,,,,,,,,,,,,,,d9460abbd57650074e19aace81337ff0ad2374b0bafeb2ee1144c2d7492b3700,,,
,J001843,1,,,,,,,,,,,,,,,,,,,,,f18bb2600ba98113bd2d44f0578884e3ac0bc183f02377b278e0e24c86e3958b,,,
,J000938,1,,,,,,,,,,,,,,,,,,,,,43ceb57bdf5e8ebbc25257d600171e32e0751ad0be417b14f051c0c4b9fdb8ed,,,
,J001202,1,,,,,,,,,,,,,,,,,,,,,53757025c59d6b95e8e3f810b123a23b9faa48a9540ac5e54bb7529364946263,,,
,J000765,1,,,,,,,,,,,,,,,,,,,,,5b390b618f87b75952837f80a8f84c9d48f6467b301e8dabed9ed8328b62f42f,,,
,J002863,1,,,,,,,,,,,,,,,,,,,,,d7dfddc4109fa258a97a6d54853d54d2e0fdb9d6beaa5acbc2629704f42ed791,,,
,J002191,1,,,,,,,,,,,,,,,,,,,,,8b4775b9ee6703bf3b363c2878d7e589045a8a75f4f53efc5eb14f1bc70359f3,,,
,J000695,1,,,,,,,,,,,,,,,,,,,,,e868dbb19ffc9a886df3960d1d53454da50b9d88be4d1319939ecced4d059be6,,,
,J000982,1,,,,,,,,,,,,,,,,,,,,,84344ce5d31ac512cfd7a153278a272a99a63c5e9f7cc0d0ccf30893cef9137c,,,
,J002505,1,,,,,,,,,,,,,,,,,,,,,19748ebbd5fc37cb378cba6d994510a10645bcbd22b52aaa7fa4c4161cd24ae4,,,
,J000148,1,,,,,,,,,,,,,,,,,,,,,414214a96bf05bf5906cec5ef241426f4dc4d3ad06a88a4d7d71fd5b2741a7e8,,,
,J000027,1,,,,,,,,,,,,,,,,,,,,,cccfa347d7d7eeea56cf0a1c40f10071f292f6cf92c85748bda4e9b5aba1d865,,,
,J001031,1,,,,,,,,,,,,,,,,,,,,,88786244a242edc15a453e390b03ffd5bcd575f7bf8780db00cff112880b727a,,,
,J001056,1,,,,,,,,,,,,,,,,,,,,,2cd045053ad7eb81ef55ba040cfcfd793240d4a53169660a7e6a4191db465af8,,,
,J001831,1,,,,,,,,,,,,,,,,,,,,,110fb0973aa19f1b4f3812be37a9af920469bdc67bb87d8e2321bd6e1d2fb4aa,,,
,J000592,1,,,,,,,,,,,,,,,,,,,,,a7405bb97ada4230201b9e125c1c1c043ce07d118fe5c5669000e50ca101227e,,,
,J001993,1,,,,,,,,,,,,,,,,,,,,,3782849a9d44ac76f4ea951da1d5feafa595fc209b89a3bc3ebd1049a61fb8d3,,,
,J000245,1,,,,,,,,,,,,,,,,,,,,,6d9275b5803765c1ec483dae2a6766afafd96a6217dc40f515db6ac47a3fffd2,,,
,J000166,1,,,,,,,,,,,,,,,,,,,,,0bdc5bf8bba8563cd4823358684a7cf8822d07e5a30b224dcf0581064800a0a5,,,
,J000930,1,,,,,,,,,,,,,,,,,,,,,2fad637dfeee812e9233dc5b3ad43206c1425680f75f98b6eabb479744f2eb3d,,,
,J001566,1,,,,,,,,,,,,,,,,,,,,,8113410f6e4dfb2c0eb80c7d1dd5c286163249d8d7a3bad1206625711bcd3ff5,,,
,J002598,1,,,,,,,,,,,,,,,,,,,,,a4072938ad1fd85178561091c8a041652b54ee01e679c87e9bf7e35b93275774,,,
,J000041,1,,,,,,,,,,,,,,,,,,,,,ebd795212625324175abc86ddd2d90aa6432ce2e3d361ff7730102620bfe62a2,,,
,J001033,1,,,,,,,,,,,,,,,,,,,,,614906f6cc2865a74f02e0f494a5214e29e6cf178390e58842870415651e59d4,,,
,J001225,1,,,,,,,,,,,,,,,,,,,,,86958c94c4adb1211d42048edfb031ba23a31bfec213192e1a61f1b914c0c8cb,,,
,J000439,1,,,,,,,,,,,,,,,,,,,,,9666ace98572bb3ec8ade858f3402e3c63ea96199ff5cc24aee3caf06e6fc6d6,,,
,J002585,1,,,,,,,,,,,,,,,,,,,,,e3cfd90e1297360e8cb0950a7db0341e3e3097e1b168b0afef90aaf5dc609ac7,,,
,J000312,1,,,,,,,,,,,,,,,,,,,,,7929aeefb151012c6cdf20104a717e64d1ff17cf34493798c6acb1ef8d341b60,,,
,J000702,1,,,,,,,,,,,,,,,,,,,,,80598282efa3d0f0afce4e0096c64733a822f4d62431c2ec2e4d8b42a35feb0b,,,
,J000385,1,,,,,,,,,,,,,,,,,,,,,a452c625c92d062fc4635e55661e079a28125ef6dbd599c188d07a7f0257e90e,,,
,J001929,1,,,,,,,,,,,,,,,,,,,,,6df0190953d49ec1f56aa07aa5927a834768230be6234b73be1bdfce1c7d810d,,,
,J000503,1,,,,,,,,,,,,,,,,,,,,,f8a9547d576186705d1933c144ce308e55ced0b1918615f7308cd063aa2ae2d4,,,
,J003179,1,,,,,,,,,,,,,,,,,,,,,ec25470814c5b90e27004275d04580d740b59705591032b0a1d753a8d4b98d5d,,,
,J000713,1,,,,,,,,,,,,,,,,,,,,,8bd45fcf5fd4abeb4eb965d4459c04e3c0f98ef43923118d111d93051eaea10e,,,
,J001551,1,,,,,,,,,,,,,,,,,,,,,2ec3828e8f5d6951eb75976ab209f6a8707a673462ce85846c2dca873541623b,,,
,J000113,1,,,,,,,,,,,,,,,,,,,,,679d2666b776800bcfecbf1db8117ada79bdbc40cb4368bdff91b7b5cdd467ae,,,
,J000686,1,,,,,,,,,,,,,,,,,,,,,4b614c7294eaca529307bb5617d356bba590fad12525bdd561c2f62ea073ff4e,,,
,J001791,1,,,,,,,,,,,,,,,,,,,,,8de8d4cba83068011b1d5819990beb0d64fceb7746349ff2f4fa642c758f7451,,,
,J003079,1,,,,,,,,,,,,,,,,,,,,,7e63ebd29af13c03de3902c3f96f6a9951ccb6a45252bf10bffb76d0f230af3d,,,
,J002611,1,,,,,,,,,,,,,,,,,,,,,9ed2bae8a9e53a674dd6aa42e20f8c3ac16754efbf28a93318bfb3c9dd1a800b,,,
,J002969,1,,,,,,,,,,,,,,,,,,,,,c7f970b57d316b9e071fdef8c8126c1c41580578b8bf247662e8e811f88016ce,,,
,J000328,1,,,,,,,,,,,,,,,,,,,,,88f8c9ec8dc759c911177255dbab5e6ac1cd6ac36040396403c32c9e53f29786,,,
,J001968,1,,,,,,,,,,,,,,,,,,,,,ad84ecfe4b95b095bba5419789abcc8e0f46e6c3c24fd609fae7569f82c04475,,,
,J002610,1,,,,,,,,,,,,,,,,,,,,,fd9cfe142d9a58ccd9cfa81d9857250da8944efb0fd7b48ea1f130a78d931f2d,,,
,J000305,1,,,,,,,,,,,,,,,,,,,,,7a8d7b8f38df3676532c6715ada6b54d0fd2aab0964dab6822f18181533cb272,,,
,J001472,1,,,,,,,,,,,,,,,,,,,,,57ca4c0ff29431baec7d833872ced4b3fae56f38503437c3d81556a5df19fbaf,,,
,J002146,1,,,,,,,,,,,,,,,,,,,,,a66a83f3f03ac75532d6dd3228c78bcb960504d8f9a28795224113c54473fbe8,,,
,J002943,1,,,,,,,,,,,,,,,,,,,,,91175d0413ed80aa758f3b1b0dd1515a9ef6a36140e4b3316aa2dc141ad4e734,,,
,J000872,1,,,,,,,,,,,,,,,,,,,,,9dbf51590a08c6f6e0b042db9c5fd5dc948b0b6652a00dd549e40803695558f6,,,
,J002376,1,,,,,,,,,,,,,,,,,,,,,9a94ca3d6b049be77b3ef93688e010dc24deff001d40684c517463a3aa673aad,,,
,J001894,1,,,,,,,,,,,,,,,,,,,,,1028e3d8cd2660a77bf22b3d22c6b89994dd51fc37bed0c6a6850b6433379f1a,,,
,J002208,1,,,,,,,,,,,,,,,,,,,,,6a8ff0f357da8bbb852c10e9ed707c8e2786a2853d11154bf438cd6ae7388f7d,,,
,J003080,1,,,,,,,,,,,,,,,,,,,,,29fcfa0bc991566a46f7c2dd3ff66c54225ef211e8b0d68908d3d2a14ad93659,,,
,J001648,1,,,,,,,,,,,,,,,,,,,,,1def7fca96cd3fcf1b3f3dd6524ae8513dfcd5ff36546bf057bf5ec45bd7a78c,,,
,J002959,1,,,,,,,,,,,,,,,,,,,,,ba94081f95949c682dae344632134deb8a4c1711f1b5cd77f3dab1f2efc6542e,,,
,J002436,1,,,,,,,,,,,,,,,,,,,,,ef2f676160d8df844ee60dcc2b8864a984e6a2e11d39cd401fcc3eea5cf05184,,,
,J002752,1,,,,,,,,,,,,,,,,,,,,,0cd6a4deec4405c5acd830d5c70c5c4cc0850b72696fd5145bad857f31cf4522,,,
,J003148,1,,,,,,,,,,,,,,,,,,,,,672345e3b3c42f88c74d6b7ec3272e57009caf7764a2557a88745550b4a82f43,,,
,J001652,1,,,,,,,,,,,,,,,,,,,,,9f83a0f6eabbb2737f04bbbc3c71ace9dd07c7f68bb84f860ec8eaf311ec2dc6,,,
,J002984,1,,,,,,,,,,,,,,,,,,,,,f5e80cc31d9018fd378f926df095e0d73b97c30f9d0cf30fb43f8654d5c37981,,,
,J001421,1,,,,,,,,,,,,,,,,,,,,,14a44f2afff63dd5e2844a8085f820ad9e92ec0074dee6e0e639b95c50249ebe,,,
,J002898,1,,,,,,,,,,,,,,,,,,,,,9b83e1c78a8e15feb3b7ddb72555c3958896ce49f302fb0b4e1d2a4dcffc9652,,,
,J000764,1,,,,,,,,,,,,,,,,,,,,,d102be5e77c386849b4017d1ba40a70841f8868951cb12776faeee3817b73f8f,,,
,J001936,1,,,,,,,,,,,,,,,,,,,,,7d67410794955d747a32d1516262a38808e414af6a6dba8c441e63ed9b84042e,,,
,J002677,1,,,,,,,,,,,,,,,,,,,,,0aa20e27b4de91af1293a72491c28b40ad99d6fd8a9f81b44722a37217553c81,,,
,J001991,1,,,,,,,,,,,,,,,,,,,,,2919199356ca1f87f93267042b301465f851452a074f13c4e7f3b84dca39afa8,,,
,J002809,1,,,,,,,,,,,,,,,,,,,,,b1fdb110de481cf282dc4203c581f7573997aef9a3a1c846813890d3b0600c62,,,
,J001770,1,,,,,,,,,,,,,,,,,,,,,1ca53c74e1f6eb7b7be2f5702e854426f21b40664b49a6c41a3058beef3f676b,,,
,J000752,1,,,,,,,,,,,,,,,,,,,,,d441536fd3c2b1550c11a76eb1e0a5c368cc83d032deff57d23a6d90e20cc431,,,
,J001359,1,,,,,,,,,,,,,,,,,,,,,8acc6065babb9f82bee543881bea9d237489d454142a04493b54892058c5a7c1,,,
,J001405,1,,,,,,,,,,,,,,,,,,,,,355e90eb38fb3de812ba597dc83625644e50feefb6fbfaecf4f0d82d09a9f833,,,
,J000538,1,,,,,,,,,,,,,,,,,,,,,fbd9130844007ebdcc21c026257dd5c6460dcc919dd0a94f4b783c37222b3f4c,,,
,J000417,1,,,,,,,,,,,,,,,,,,,,,863f6cc4a477f33f50a8a6c72dc3efaf6c4e73ccdcc98d0197adb6657cc50ab6,,,
,J000477,1,,,,,,,,,,,,,,,,,,,,,dc90ab75bf2dd964135060eb5c73681437deacdbedf3b0f181997b847fa2d31f,,,
,J001985,1,,,,,,,,,,,,,,,,,,,,,9725d66bb0fb25fc7a0a7612d73a85b32ded3e780a0754e44240a3a4cacbd554,,,
,J001434,1,,,,,,,,,,,,,,,,,,,,,c2555c721a594931ae86e9a2fe19b0f127d9687e167e7ca37992e5925aaf912d,,,
,J001555,1,,,,,,,,,,,,,,,,,,,,,dd8f4d31ec61aa1611cd6201711d2b4dff8411267f4b849895e1517955804b15,,,
,J001219,1,,,,,,,,,,,,,,,,,,,,,61c9c9abeb46be792237ddd63b4bb2ab9a25d53c8d538754313f9775bd0edc71,,,
,J002708,1,,,,,,,,,,,,,,,,,,,,,cac235c6a778ac053c2fd2efa7d439afcaf191dd0c9ca03be708879c0479181f,,,
,J002254,1,,,,,,,,,,,,,,,,,,,,,c2c959c505d66a577aba97f82fdd9c2ced1188396d898efc2ea06a472838e691,,,
,J001877,1,,,,,,,,,,,,,,,,,,,,,87b4bc259a9c91a5b1b6b87339859cc712d8639d4d320d3916a4688b5fa8c581,,,
,J002428,1,,,,,,,,,,,,,,,,,,,,,9b8112571e5f350dd0cd16998099f9666b99dc590c2325b0eb22dd5184046717,,,
,J001285,1,,,,,,,,,,,,,,,,,,,,,4754f905fd4ae9d3d58f45d40bb6ae1ca7cf2f51918b96d70e57723d1afa72a1,,,
,J000171,1,,,,,,,,,,,,,,,,,,,,,6abaa5fbcaee2c821399cf16bd2131f3b1b451302b034e8ef286985cb56b9237,,,
,J000361,1,,,,,,,,,,,,,,,,,,,,,398e9376ce013764082ef01889d938728719d48d16df19e76023923aa6ec2918,,,
,J002248,1,,,,,,,,,,,,,,,,,,,,,33199bc93a8593c72bf26395d2d57dc9ee6a625c4edbd26b585e1e299a26764d,,,
,J003029,1,,,,,,,,,,,,,,,,,,,,,9815906ec29679f525919331cb1f6fded77ee03ae3765109f4105a888b53a62f,,,
,J000748,1,,,,,,,,,,,,,,,,,,,,,84155b07fc5f74b66f8251725965b2c7f3ef0026b0eff63fdd702f9a3a15fc6d,,,
,J002641,1,,,,,,,,,,,,,,,,,,,,,e148a190be7767650e473483fa468887fa3024190fe7663dded4871af5602b02,,,
,J002236,1,,,,,,,,,,,,,,,,,,,,,4e5aa680d1981f9b9cdfc6d1d6be52c8bdd4ed92cb858ad5ecd59ba2b0837de8,,,
,J000010,1,,,,,,,,,,,,,,,,,,,,,4c3af82b32e444716fc072768d07b497a92c71c579be27bd5b1530974950aa2e,,,
,J002353,1,,,,,,,,,,,,,,,,,,,,,d8e4ceb0e11c858b3b87274ccd2548a62c220172d07fef30ee25caabac536f41,,,
,J002478,1,,,,,,,,,,,,,,,,,,,,,e86f1633f611029883073a09671444dc914026a50d46e8b8b3ae9c133008fe2d,,,
,J003045,1,,,,,,,,,,,,,,,,,,,,,43aa56ec7bf703ecfb9ebbccd37d9bb33414dcaee1abcd7dea4aaef4cf52a10e,,,
,J001003,1,,,,,,,,,,,,,,,,,,,,,8d262f77370ae1a55244ad9fb5f9677f8cd9c0cfa3cf22759f11e08505491c29,,,
,J002656,1,,,,,,,,,,,,,,,,,,,,,f95f447e2ce8e9aa33a81c17cd6fd939c2f3f950b062969429141a9b66b1ca9d,,,
,J000092,1,,,,,,,,,,,,,,,,,,,,,69ab33372a6c60a32283e6688981d4a7e658d4b75e9a9867ee568b002d8e9a0a,,,
,J002989,1,,,,,,,,,,,,,,,,,,,,,69b1dabe449220ddd545cf09de93e1f7b436e5139f796002ea3ceffc7d1980be,,,
,J003015,1,,,,,,,,,,,,,,,,,,,,,2e8dd6d9f132ce7685d88c6fc338d679ea5495c9758f95ec9d1e9cd5de5ae9ca,,,
,J002320,1,,,,,,,,,,,,,,,,,,,,,c7fa3708fbe7aa715756ad265bbfae7fc986f2dc22f986828f285216ef3e7861,,,
,J001986,1,,,,,,,,,,,,,,,,,,,,,0c47f8ed5d3643a53297cb016677fac549a8c5926c79422253108614bd5cbd5c,,,
,J001059,1,,,,,,,,,,,,,,,,,,,,,eacbe5085ec9d2967f36a1320cd59fa4a0f692ac1a7e5e23a6ef40177403fc3a,,,
,J002991,1,,,,,,,,,,,,,,,,,,,,,eee051698acefeb85cc577dad47fb82a7aab3793e3d4e0c337340e95c6a19f6d,,,
,J001588,1,,,,,,,,,,,,,,,,,,,,,b01884aed0ac2a98fdc364d9fbf69e4458791c74aa8a887bbe9c5596839af479,,,
,J000074,1,,,,,,,,,,,,,,,,,,,,,d000c85fc1cf31e0fde1c8e33ed8c94f07a513ae35ad982c6b920c664193ae2f,,,
,J001794,1,,,,,,,,,,,,,,,,,,,,,889a225c5e740ebcec75c0ede2430fe92e767f2ca81c62b3b464ac253a103759,,,
,J003118,1,,,,,,,,,,,,,,,,,,,,,eb353286251c9033c865a44746c5cdfb2aa07537f48ea1b7e34b93a89910d8de,,,
,J001298,1,,,,,,,,,,,,,,,,,,,,,01128d0beef13232fa5de7bf1f34dbb0608089b5b4b80f363edffee5e0ddac1f,,,
,J002843,1,,,,,,,,,,,,,,,,,,,,,0918b70da5637f9ec0ac854cd1bb23e151b45aaef66030a364dd9b15edf7a80d,,,
,J001456,1,,,,,,,,,,,,,,,,,,,,,e075a96f58acbba6670e0e6e6e37a69882cbec783ef3d9fd980c953880a7dd2f,,,
,J002218,1,,,,,,,,,,,,,,,,,,,,,c8e54c5f0f23e91632c6d3910eb3bbc39e7e5259afdfc155816730426d4f2c07,,,
,J000234,1,,,,,,,,,,,,,,,,,,,,,8e269a0f83eaa4580938af2f6fe548a8b986754a29fed35c5da72ff3e446cec2,,,
,J002422,1,,,,,,,,,,,,,,,,,,,,,4b73f9be13d02307c4dc3e1c24b8b5efa49ee7e626e9db7eb619335ae9f83d51,,,
,J001302,1,,,,,,,,,,,,,,,,,,,,,e3349b7274fe79f5297b487ad447f6290719010d4c7af05eb22a471f64e36c32,,,
,J003107,1,,,,,,,,,,,,,,,,,,,,,e0c02c6628c6b3cb54d0664598924ef2abdfa4c00a2e91aa5d1ea6a8bb7456fa,,,
,J000668,1,,,,,,,,,,,,,,,,,,,,,e49af126e4d01464aa0aabaf9a709cbe249ae3175f73a42c22567c7009249411,,,
,J000402,1,,,,,,,,,,,,,,,,,,,,,f068a42303ba7386a6a8c31f799429355938e094d4fd0c961ae15744b469e946,,,
,J002919,1,,,,,,,,,,,,,,,,,,,,,93b729e311cc414e21e53c02cd6025cdbd3b70f32b3cf1b376d44f263579e2d0,,,
,J000335,1,,,,,,,,,,,,,,,,,,,,,05fccbd3169e256356f9e8ff861b94693c0bc977269c6a9a2dc17fa8262dfca7,,,
,J000316,1,,,,,,,,,,,,,,,,,,,,,b76d3a8fa617d74f2130dbb7f44f06ca47245e8bc20466c924e7e12435fc40e4,,,
,J001699,1,,,,,,,,,,,,,,,,,,,,,3527c91e3058711066517f2ac9edd41c05959c15aad54f579d5042f6df792543,,,
,J002370,1,,,,,,,,,,,,,,,,,,,,,58377fe5f014376558623b513905905d025fe7f36cb7e146770ae634e9f12ca1,,,
,J001137,1,,,,,,,,,,,,,,,,,,,,,d5d365f5d735cd8801f50c177d9a3da063259abb930661c37719cffb7f5478be,,,
,J000756,1,,,,,,,,,,,,,,,,,,,,,50248db6c64e131fcb822e55d533e991d7128d726ebffe2e16b36b7a3f8ad662,,,
,J003168,1,,,,,,,,,,,,,,,,,,,,,988923088cd68ea816cc967ccc16dd5ff243a8cbe232c2c69fa29e28ef70e077,,,
,J002066,1,,,,,,,,,,,,,,,,,,,,,436ac6395cbca8db80e1820e6a4980b931944455bed1b185fcab7963e8ea27a8,,,
,J001114,1,,,,,,,,,,,,,,,,,,,,,87e5729dfedeba20ab3cce0d8c98eafe1c9c104cea087a80f096472085ae8185,,,
,J002604,1,,,,,,,,,,,,,,,,,,,,,dcd9c75393069ad1f000f99a2139a8ed8bfdbbb088b6366c40321e81c476e7de,,,
,J002774,1,,,,,,,,,,,,,,,,,,,,,8ea790cfd516b0c8532476334dea6a3a008dc49669f46bd4d69a034962613334,,,
,J002805,1,,,,,,,,,,,,,,,,,,,,,d30af6567e24fc9691a43cbc74a22f63e8563007ac3c789d7e401499f667ab5f,,,
,J002488,1,,,,,,,,,,,,,,,,,,,,,6fda173b63da56ae48da476b5f4c3228b34c4c68f58c35cb30fa47da12f2bcfb,,,
,J002729,1,,,,,,,,,,,,,,,,,,,,,563ac6056da9eca7aeb69a4b312b047adff6ce0938c19e8787e93e5782fe5fd9,,,
,J001834,1,,,,,,,,,,,,,,,,,,,,,6fc4949e63f7a5f178e2a87d40fb88b7536785c0ea625c7396591ebfb21f2ff7,,,
,J001322,1,,,,,,,,,,,,,,,,,,,,,1aea0899d23773c498a458c3d8d5c3fd917a1249cd6c4634541c231f836f0baa,,,
,J000888,1,,,,,,,,,,,,,,,,,,,,,d1454605312c98e05d5b11f52757e19b5b4ff4ae9943835dd521ff274eaf7b7a,,,
,J002045,1,,,,,,,,,,,,,,,,,,,,,dcaa2dcf254c35ace89fba0f8df9bd8ef0cd3e52964b2eda420dcd650b29f4fd,,,
,J002916,1,,,,,,,,,,,,,,,,,,,,,875a81d6b3d3e249d7254d8a9967b7089e951672f2bb60aec1136f6a28378910,,,
,J000319,1,,,,,,,,,,,,,,,,,,,,,5eed3cf91f028294fcfce2dcd8091ee3731c758a47f7676f4a94802e4fadc6c8,,,
,J001112,1,,,,,,,,,,,,,,,,,,,,,79eefc46100d7a6341e44bff678ecdc0994cd25a18569397fe3953b5b9c41652,,,
,J001194,1,,,,,,,,,,,,,,,,,,,,,6d3c569f6a3576e7a94a82ba991010c0ddde54f1f623c472380b051f301552fb,,,
,J001017,1,,,,,,,,,,,,,,,,,,,,,9a677a72cc626a1d862dd1d81a0e3e61ba4dff88c39a9a0c3ac4a6a19f46c442,,,
,J001783,1,,,,,,,,,,,,,,,,,,,,,38738076581dd9c143fc9b6630e1d8d84dc95e9e7262a1333237ac5c3da10c1c,,,
,J000928,1,,,,,,,,,,,,,,,,,,,,,0ab15108bcb3a15994a66b5819d15c42a832ee49b4bb24af08f2a5bb9a66a157,,,
,J000450,1,,,,,,,,,,,,,,,,,,,,,7c7d9c16354f00f9c5e74f863c98039b04328a79f5bb6021605705a26ccec850,,,
,J003133,1,,,,,,,,,,,,,,,,,,,,,da3b9ac63bbec91ae76e7c1d1187b040626b408c6a2eba7418f925e61d345213,,,
,J002786,1,,,,,,,,,,,,,,,,,,,,,ecb5b447275c790ef40115b7120ad572d66b2dbd1516aa8e6469d28147b76ab5,,,
,J003061,1,,,,,,,,,,,,,,,,,,,,,04a7334a482b8fff6ffaa4488bdfb0973b02888e623fc2661373f87ec1be6494,,,
,J001391,1,,,,,,,,,,,,,,,,,,,,,368c188cccf69ea4622b81cafe5d28f5d97eaf1f4ac5768f85e31976896f69a8,,,
,J002390,1,,,,,,,,,,,,,,,,,,,,,668e4bdf420b5f65e4d1e41efb7507abac10f15ad5587cbebf054b278a66d6d4,,,
,J001134,1,,,,,,,,,,,,,,,,,,,,,4e5d44b87286281cdbb16374466982f63639224a8f54baf8f48d52d4cf007c6e,,,
,J001858,1,,,,,,,,,,,,,,,,,,,,,1c780d399d0a69abae2ae887ded48d7a59e559a51fafeb96a32e0cea71e80ae6,,,
,J002407,1,,,,,,,,,,,,,,,,,,,,,cabe998014c3401f6afa81a7a1f55595ccfb48e5c9994641dcab49c92830dac7,,,
,J000507,1,,,,,,,,,,,,,,,,,,,,,d541b9da08b37fbd4fd24dcea150584034d5ec150568026b890d03e22c73be08,,,
,J003049,1,,,,,,,,,,,,,,,,,,,,,ac096270bd50ee99b4189521d67abfa39a73fda99c8cbc5ba9b2e687fd815663,,,
,J003169,1,,,,,,,,,,,,,,,,,,,,,0b97a5501ce44ea27f06d2244fe75145c7639c21a021130765f3e9b738d30781,,,
,J000110,1,,,,,,,,,,,,,,,,,,,,,508fa3740b46b1c38cb1d3c8a756197f19ea9e8e1cbb8eec68c0679edf8fccb9,,,
,J001102,1,,,,,,,,,,,,,,,,,,,,,93eb013f67dadffd8e68ca98ba9fdd13afe458d6324206e5469f4a3a49a6de34,,,
,J000571,1,,,,,,,,,,,,,,,,,,,,,0ec1c6d8c325bd71c1937fd9ce8c55c8e65cc0e19b7949e10d19ffa3fa5499a0,,,
,J001748,1,,,,,,,,,,,,,,,,,,,,,3bd86413c7c5555d6576ba97385d6ced9b031442a5c88c66c1bd667f71376ef3,,,
,J002599,1,,,,,,,,,,,,,,,,,,,,,6d862d411a033c4e4f2084005301af6e6287c557e81899021b9bf090c2f316cf,,,
,J000474,1,,,,,,,,,,,,,,,,,,,,,34ef4825ab5f60dcae9b57c58595b0d4cea9c3791216e5294f14490bbee087e3,,,
,J000118,1,,,,,,,,,,,,,,,,,,,,,38dcefac2941e43b182ebc12bba1e448a4f846d2099782156ef1a9ea08413042,,,
,J002263,1,,,,,,,,,,,,,,,,,,,,,90d4bddb2d600ac78a75d79a65c5733a3033e31545388b1ca3777f579eff0ffb,,,
,J002337,1,,,,,,,,,,,,,,,,,,,,,6538bbb7de6c8b8cdf245e4e247f955b17315c4f03500c094bdf8d08939cde6a,,,
,J002049,1,,,,,,,,,,,,,,,,,,,,,2099b87eba0ce3ac9183b9b6a6437becb57dd35e08dc664df872221ecf1d8cc2,,,
,J002148,1,,,,,,,,,,,,,,,,,,,,,7cb6593a968aa14cf737a7f7f22d6a954321cabef09d9e643a0cef0d6947d20b,,,
,J002769,1,,,,,,,,,,,,,,,,,,,,,12c905c0b02c21eb2662438287763d4b49c5419241df59a16553802e655d8660,,,
,J000920,1,,,,,,,,,,,,,,,,,,,,,462fca98f5e1f0212fc80047eaf5fd5aca488d49f0b006626aec01495408c266,,,
,J002167,1,,,,,,,,,,,,,,,,,,,,,ba09b128412deced322b2c6dbc90ff27793f635dffaa91512776def14f1d9192,,,
,J002283,1,,,,,,,,,,,,,,,,,,,,,9260a334eff92cae131805484324a035eb2c1e363ddf57d59c340a551e615d91,,,
,J000891,1,,,,,,,,,,,,,,,,,,,,,5f84bdbdd6231cab88c4bc95a3b8e5a09f777d090aae5b0256bd40d1ec2814f6,,,
,J003035,1,,,,,,,,,,,,,,,,,,,,,1583613ae22bea7731d1e2ad8535dc9714b5372d4d012da168fd9f28a8a8d52f,,,
,J002358,1,,,,,,,,,,,,,,,,,,,,,b2202c88663ff3319e7d1dbb8b28b2ab334a3fe36111a98e16c27d2b4a5c6809,,,
,J002272,1,,,,,,,,,,,,,,,,,,,,,1af2e694d1d63be4c1fd435bc6d91d135935180ad8be0447328b05cd220675c8,,,
,J001166,1,,,,,,,,,,,,,,,,,,,,,97978ba65f9ca430de93e6197a2332955e908def5b934af7f1dd8d7b8a00d7e6,,,
,J001082,1,,,,,,,,,,,,,,,,,,,,,91e084e9b58bf74eda1192d70d315ad5b958e5e5447f41fb4bb4765664fb318c,,,
,J002933,1,,,,,,,,,,,,,,,,,,,,,f43c07d3e546a4350c59e4afe9eecf625a53417d12ba50ed5eb1ae59cbfc05b7,,,
,J001591,1,,,,,,,,,,,,,,,,,,,,,fe3ab69c4da291fb3c2516e85cca77b1adb087b35348771331c8676c4c366ce4,,,
,J000177,1,,,,,,,,,,,,,,,,,,,,,cd45a33b9029941b4c5ec00eff59b412cb7a7ed97aad3437cc7b359e2f53703f,,,
,J002760,1,,,,,,,,,,,,,,,,,,,,,f3196baf09fbb45694ab5c1687ab50eda24f1daecda6822e7c0a7393ad65935d,,,
,J000628,1,,,,,,,,,,,,,,,,,,,,,cf8e875f9390f7825aace131bba6ee040575ca2906a34dc080a9466561925b9e,,,
,J000488,1,,,,,,,,,,,,,,,,,,,,,b0b02813e546d7f497b147308b90928f589aace313b9a2f29ceabc1be4c7c88b,,,
,J001210,1,,,,,,,,,,,,,,,,,,,,,8e6a2620d95320bbc016d7148a2cdcb6460068cde5783afade02f8dc3acd3d50,,,
,J000454,1,,,,,,,,,,,,,,,,,,,,,7e29a4023c91913920d45ee3d135e5ed194b6b2c4da37a72427bf1920228e27a,,,
,J002530,1,,,,,,,,,,,,,,,,,,,,,6ea3f6cdb65183b7b24ba9148617b6e667ed3f937cb2eae6f996c5bab2a304cb,,,
,J002726,1,,,,,,,,,,,,,,,,,,,,,0a194d855390f94aca4c7d7e88f33700d3277a8afd3711281349d80cc400cfc9,,,
,J002661,1,,,,,,,,,,,,,,,,,,,,,8da0b56e51875a3e9d800c1115c7391250305609fcf971b555bdc708d750198e,,,
,J000903,1,,,,,,,,,,,,,,,,,,,,,50b3da351a5d894f04f15d3ffa39009a3b170da5fdb6dff3f382592e9b778b3b,,,
,J002962,1,,,,,,,,,,,,,,,,,,,,,03d81160cd108d50c17d2c1c77962be2e0025ba2cd557bbe497a32b9f92600bc,,,
,J001386,1,,,,,,,,,,,,,,,,,,,,,b27411d6302fa10b1e2e1296df0a686a965bf03855f76046086550a8e3ef533d,,,
,J001753,1,,,,,,,,,,,,,,,,,,,,,8f08b4206377fa8bfdb955fa90ba269d2d6e86cd362c23449a6b57f5c88210f2,,,
,J001122,1,,,,,,,,,,,,,,,,,,,,,6adfb446f83fde9cae818fde1113d307ef4d6e3bbe3c834f05d261dfec638089,,,
,J003064,1,,,,,,,,,,,,,,,,,,,,,22d1e2fd76dc0694dcc5d650cb0c821ee00b4a46b21eae048b4779103695fcf6,,,
,J000301,1,,,,,,,,,,,,,,,,,,,,,c6ac50557137848361c96631f0faa441dfb68fea2c23bbf64ae7b2965947ce25,,,
,J002480,1,,,,,,,,,,,,,,,,,,,,,3391106014c511413bb986290ac97a5d0c3a4a2307a3aa13696f88a337e120c0,,,
,J001766,1,,,,,,,,,,,,,,,,,,,,,c396cdcdd0188f6c8199391f4991b7a00e9195cffac4787b1b4f7377d8a452ca,,,
,J001461,1,,,,,,,,,,,,,,,,,,,,,694eb0bcc3fd1fa7435588b35bdfc42dcfb6b22ea4ec1cce8ca9bf4f4836ae7f,,,
,J001599,1,,,,,,,,,,,,,,,,,,,,,88fbc25879f2ce01883fe517ce521f07871dedc16a95e849fa452bf1169575a6,,,
,J002669,1,,,,,,,,,,,,,,,,,,,,,08ae2f66063db0b4924346987f40960ae5592742bb361d765c4f5680376ad381,,,
,J000962,1,,,,,,,,,,,,,,,,,,,,,d735a260f00898929604ad75a16ad0cdf9ec2a6412bbcdb9c8064652b7f7ef98,,,
,J001862,1,,,,,,,,,,,,,,,,,,,,,cc9c6ff2e441dd3b0496dbf3465ae726f15349e56955a9c73f4e96d2107dc741,,,
,J002619,1,,,,,,,,,,,,,,,,,,,,,97c284d22a6ff8f46e6f9548cb07d75ef5bee39a6c56f2713f9a73e4f661acd7,,,
,J000350,1,,,,,,,,,,,,,,,,,,,,,2ffca9cec0d63c7f0f3e26db34333b2232f1b4c093810231ac4781812b2a773d,,,
,J001330,1,,,,,,,,,,,,,,,,,,,,,945efcc2197ba4dc9537faf377e4fc91de7e7060e412254d3e3f7ce0a681da10,,,
,J001763,1,,,,,,,,,,,,,,,,,,,,,2edb17ea71fc8cf2a3fa81abe49007ce80cb38740bced5eef6b0a8650d17808e,,,
,J002300,1,,,,,,,,,,,,,,,,,,,,,cd70967566a6fe031aaa7afa47da3bd8d17604a8263f04ce3283a118061890dd,,,
,J000617,1,,,,,,,,,,,,,,,,,,,,,af7fa126f573c4cf78cfba732d95d31ebf82e73964fdcf2b36c9135f6812be10,,,
,J002685,1,,,,,,,,,,,,,,,,,,,,,3fcf71830a85b8f109009d80806411afebd03825ea1d2115d42443a46a50a79d,,,
,J000475,1,,,,,,,,,,,,,,,,,,,,,eaedee7be9bb305483bc97cac75ee8427832d5b068561ee132bbf0396f341ba8,,,
,J001387,1,,,,,,,,,,,,,,,,,,,,,0c79e9070daa33bdcc125a5f6e048c645cf26360490a60bcda475f200c44bbb8,,,
,J002322,1,,,,,,,,,,,,,,,,,,,,,829f9e718595db2f557758aa5b9f9dba7211d8c3e609675a631718219fc3198e,,,
,J002555,1,,,,,,,,,,,,,,,,,,,,,4c3f6fc7a512e5efd8417ea3eef394bc7e6e4143453c85c64c8ba40f2de26054,,,
,J000959,1,,,,,,,,,,,,,,,,,,,,,677ce94e0437d5de4b1d7ba776ca1ca70d061bf473589fcaa4806d2eb0e8d151,,,
,J001969,1,,,,,,,,,,,,,,,,,,,,,c5e668c41a5fd85106c9e2ebe1951ddf856b192a0600378e4b83f5c679ac3785,,,
,J001814,1,,,,,,,,,,,,,,,,,,,,,327c4566264e09008a6b07b9d778c36494bc2f891d5767e095f4041786edde51,,,
,J000619,1,,,,,,,,,,,,,,,,,,,,,3658a8b329fafa89aad1295d4ed0bafee56f7feccafad6cbb7e31f1cd065e1d9,,,
,J000905,1,,,,,,,,,,,,,,,,,,,,,d287225ca7340f5f139eaa631e8172779182438d132bac65ec8062dd242ab87e,,,
,J001767,1,,,,,,,,,,,,,,,,,,,,,e7ad408b25aa2c7f5c6fe6697613bcf416eea1fa30fd3f0b8ba971b3e86b8f87,,,
,J001872,1,,,,,,,,,,,,,,,,,,,,,3a9cac20b872c5f73f2c3ecfe32a0ea92f11689bbd1a27c2d750cace04701505,,,
,J002616,1,,,,,,,,,,,,,,,,,,,,,20eb817a6668958a9d32acecb7ed42ae5a31674341362e6f50f661ca66429ea7,,,
,J000690,1,,,,,,,,,,,,,,,,,,,,,85eddb646388f5d74e183fba2f500aa4cde25743605b5650a23ad0cf0570b7c2,,,
,J000070,1,,,,,,,,,,,,,,,,,,,,,a4f8bc854f3956a0f9fee2a4d70fa4dc3e78446ce7c58f991ccf0b33a4c8923c,,,
,J000966,1,,,,,,,,,,,,,,,,,,,,,b00ac9bd3d75af8420af55324b302f418acabb7273ea75b181165f0adacb0d12,,,
,J001746,1,,,,,,,,,,,,,,,,,,,,,9b9194c605895f9274cc522864cc1e193ce5a410fb61f6a7a6ebbc166c1098b0,,,
,J001142,1,,,,,,,,,,,,,,,,,,,,,eddf4a7d13f77bf83f6bf176f1a7cbbde0c4f5a27b24cdecdd5a15bcb103d258,,,
,J000201,1,,,,,,,,,,,,,,,,,,,,,bb3b54c134eea0efd7b13de27603323f94afe9f96ab8ad652fca0fdbb4323129,,,
,J002896,1,,,,,,,,,,,,,,,,,,,,,20fb345b8df5d215f9b7b9089f1940bf9200e891e8107c5dbb131af057a0741a,,,
,J000728,1,,,,,,,,,,,,,,,,,,,,,01abf7f588e4664e2ea4dc77f5751eae12c682b280748fa4fc723ba59322b3d7,,,
,J001970,1,,,,,,,,,,,,,,,,,,,,,7ac96fac186a4042c3f61fcf36ec499906e4a5e7b872cf060202242bd1e25833,,,
,J001684,1,,,,,,,,,,,,,,,,,,,,,eb97a0c7f542dc91d17d01ad924205ef29ba070f56d8f0029a133e1bc4cbe743,,,
,J001092,1,,,,,,,,,,,,,,,,,,,,,44081121a4ff90edee42774a3cb6b87c84f23b5babf1930f1cf04d359e7ccc42,,,
,J002483,1,,,,,,,,,,,,,,,,,,,,,3e71ab648396539934e7812a80c2cfa6db749904d4be39f075c21e25858ff67f,,,
,J002967,1,,,,,,,,,,,,,,,,,,,,,d10dceeb47bf7ea7a5690fead87ef673ba9f2c17cd29e6a8f812395ec641ada0,,,
,J000703,1,,,,,,,,,,,,,,,,,,,,,fa8e61a755f7709abb7eaf2d09238c91c557b7b0f3d45272cf9c9c55e01d6fac,,,
,J002210,1,,,,,,,,,,,,,,,,,,,,,87e1e5dc13b068fa7b24e3d7863ac7acdcc9802a9c5194fd034c44a738042a7e,,,
,J003127,1,,,,,,,,,,,,,,,,,,,,,c0e35daa7eba005eb8adf5527e5f9e6c9cd860249ff67ea5f53abefe2f646839,,,
,J000031,1,,,,,,,,,,,,,,,,,,,,,25f822534c651386cb74d959d5a5db9c982eb93b9f908bd6f90fd4dbf45f8583,,,
,J000501,1,,,,,,,,,,,,,,,,,,,,,c22b16af23a81d1689632ae92c33bb045fd2b7a36b150d9885461f5329b971bb,,,
,J000518,1,,,,,,,,,,,,,,,,,,,,,7e6f648b50feb932bbd57e9d95ead23d732a6b728c0afbaba51f411de232d0dc,,,
,J000484,1,,,,,,,,,,,,,,,,,,,,,c6c2cf86862d598e454623a3d3be0a795b3e04e96c27b8c3a93393e566553340,,,
,J000300,1,,,,,,,,,,,,,,,,,,,,,d3651b1c3fd217fe9411b61e88fa1c3df4d61bd38081d0271be6d86c32ddce10,,,
,J000261,1,,,,,,,,,,,,,,,,,,,,,163c23d99c5c53448b2d1805d971f6c449bda341cea4d39ffb12c8964e11c425,,,
,J001559,1,,,,,,,,,,,,,,,,,,,,,d3245a2dd948d93d9e52ffdab2ccc42be0688352f5a675f9912a164ca3f6827e,,,
,J002707,1,,,,,,,,,,,,,,,,,,,,,03bbedcc4e07429913f00c6165e236347db79eedb1caaefedcaba4e48fea73ea,,,
,J002536,1,,,,,,,,,,,,,,,,,,,,,2b5a6c038b661c5ec3310a822309cd906bdad5432cb1d09815ee7bd070bc89ff,,,
,J003109,1,,,,,,,,,,,,,,,,,,,,,a7f1cb15b1cd8439b44b596f6fdb7c10424b325d99cd164910df49dcbe9acac6,,,
,J000036,1,,,,,,,,,,,,,,,,,,,,,ef96024520d6b08a1197b41f83345c03f1341343ccc1c3dc86e0e34b14d64ff8,,,
,J000967,1,,,,,,,,,,,,,,,,,,,,,2555372ba58a8c3a17bb6bd54ec735b1e120cf960707b5e6ede530ab1016f1c9,,,
,J002494,1,,,,,,,,,,,,,,,,,,,,,4ea1676038e09c65323ed9a375653c542741c7c5b31be03dfd4e21ef07d1156f,,,
,J001163,1,,,,,,,,,,,,,,,,,,,,,48974304c4b3798820c4bb74fdcd5a71d00ab72584d8d2d2d1ec0d841bec5e12,,,
,J002951,1,,,,,,,,,,,,,,,,,,,,,1da285d98faa7fba30c707756a7531c374b4f5840ebfe2caf2db9e7f8d928497,,,
,J002038,1,,,,,,,,,,,,,,,,,,,,,188bb4dfde4ee4e14a43f2ec79478b3319f8c72e2924ada20e54e2a848815a28,,,
,J000793,1,,,,,,,,,,,,,,,,,,,,,6083dca8d36286f84f170977117f4cb5e1a28e38bd70764bf5e70d784cafb7f2,,,
,J001547,1,,,,,,,,,,,,,,,,,,,,,daf7ca0f1177bee571c304118c0de5d955e756b7c85eb5ce49c3d4bb5840ac65,,,
,J002262,1,,,,,,,,,,,,,,,,,,,,,ed11f991fb08808a16433f2b0468a4b66758161c0787eef6025623df0d938ffe,,,
,J000161,1,,,,,,,,,,,,,,,,,,,,,dc55348bc994c94b946b4be5711a22b3ab499e7f67d72b2672903670e43cf5bc,,,
,J001051,1,,,,,,,,,,,,,,,,,,,,,27eb054e53e183ed42217b132690fd27c33461703ed985f35f556500589d9883,,,
,J000149,1,,,,,,,,,,,,,,,,,,,,,160e13defca0457815726d3487dc1f8566fdc0eb0d3352edb386b51c7c4172c1,,,
,J000456,1,,,,,,,,,,,,,,,,,,,,,12ede673aef5f3d8066bc132b902315c908f64171531674afcf65167a9eb1b94,,,
,J001373,1,,,,,,,,,,,,,,,,,,,,,418768d4f59a979990bcc74f152f6eb36d86b72c97b4e882c16a7f1468dc6611,,,
,J001321,1,,,,,,,,,,,,,,,,,,,,,e0889063dd56c93b415b3441546c2abc81822434c37b441d9880a65ba23ccba8,,,
,J001058,1,,,,,,,,,,,,,,,,,,,,,00e38d5aac96b7759d47e6835876432c5ac3ee6cf1d49b460dab2896b139f8fa,,,
,J002127,1,,,,,,,,,,,,,,,,,,,,,6b133b493e3f60f3d1e78c817a9ed458d79a7766123f9d6f2a4c619e5a02d5fe,,,
,J001354,1,,,,,,,,,,,,,,,,,,,,,c4cc487de450aaaaaf78fbe974ed00f8d8aa36f2b1d3d090477bcf6df912d359,,,
,J001565,1,,,,,,,,,,,,,,,,,,,,,89510c5d08409c1b42d2eed0e48ddc19c8e958ace17989048979eeddf9bd3bee,,,
,J002357,1,,,,,,,,,,,,,,,,,,,,,bf696148662c0fecf50e1e04629c371c2817371f3b862dee9cf1822fc44917a8,,,
,J001301,1,,,,,,,,,,,,,,,,,,,,,33dd1bf18f03c9b1b7509b930407d64360682e43f66b52adffc1598e67147521,,,
,J002274,1,,,,,,,,,,,,,,,,,,,,,f2ba3bd32829c4c4fd54c9d6ec538213030465f7d66be79080b8cea44f69c1ef,,,
,J002469,1,,,,,,,,,,,,,,,,,,,,,4fd115ef5b8a3a5c0228438510df234e5b20d90b17392605eaedbd07250bb900,,,
,J002432,1,,,,,,,,,,,,,,,,,,,,,3884921faa930e92403a2d766283a49456d7d0c2118c97c9c61d18c44ff51cea,,,
,J001686,1,,,,,,,,,,,,,,,,,,,,,603325f69840830d345c8c49dfede0bf799476985ba451c2b07af9d002baa3d3,,,
,J002820,1,,,,,,,,,,,,,,,,,,,,,753f39238dd5532258bf3c2b0a58c74b466c20b782d7e2d7123c4a07c32a82b5,,,
,J000425,1,,,,,,,,,,,,,,,,,,,,,b877c8c5302fd07428058f3c6cf737defca654d5e21e7a98f585d90f6dc34c5d,,,
,J000452,1,,,,,,,,,,,,,,,,,,,,,b7d13cb2e2289562e35acc702e2dd27873287b1c7e0dca0ecc525219a06e397f,,,
,J002342,1,,,,,,,,,,,,,,,,,,,,,4bb0508fb82075bbd51773fc52ea3273b665bd3a811eb1c41e1447517e4975ea,,,
,J000964,1,,,,,,,,,,,,,,,,,,,,,c1d6e76c5bc5c84163420f60e3986d1399b11db7eb655922434311816230fa60,,,
,J002825,1,,,,,,,,,,,,,,,,,,,,,cd35632362fd80f7fa9d7d62b549a03aefe3cde29bbfde4dbed4a64d206dd205,,,
,J000288,1,,,,,,,,,,,,,,,,,,,,,b50392aa36608b584d35fb4c460d87be99f82114b876505d2588baba4626d342,,,
,J002093,1,,,,,,,,,,,,,,,,,,,,,72d0f84aa265368ed06403fe3df56479fd5c8610ca1efcb45a4f0f59ac474bb8,,,
,J000186,1,,,,,,,,,,,,,,,,,,,,,aed1f0daa1c23efd1b6766763267cdb915aefd2177a55c3698d6d5e4b0bac088,,,
,J001127,1,,,,,,,,,,,,,,,,,,,,,32e1a076baa153f36f7c52e3e8a28901ec139f1153ef839f0fb833b6e127cab4,,,
,J000512,1,,,,,,,,,,,,,,,,,,,,,9e77f51ed521f1cc8a839e80ec0d31e2e93c2284d40aadaabd1ace811dbc2cf5,,,
,J000835,1,,,,,,,,,,,,,,,,,,,,,1f01ee6d82dfdf349dc4363d6b64d2c08a9586f5d02dd08d5c71e9adf7142510,,,
,J002928,1,,,,,,,,,,,,,,,,,,,,,3f032cfb9d0096a6d416afe6131a60cbe28f3b7b1a3de7020267f69b8433045c,,,
,J002591,1,,,,,,,,,,,,,,,,,,,,,a04b1367f5286d397a32759f1722e3be587d3e35c08fef0ee5562af403252eb1,,,
,J002911,1,,,,,,,,,,,,,,,,,,,,,c6a8bf24778f9012b52ea4c1f0bf679455036b6b6d3057601b579548e1ee7b6a,,,
,J002777,1,,,,,,,,,,,,,,,,,,,,,18a39debd13726c04cb12b3fbec686b23ed9326c77fe99d3471d40f3945a3e83,,,
,J000605,1,,,,,,,,,,,,,,,,,,,,,c47aafe7eaba37c7657bcd2bad5bb9f817fb0220e45041142028237bf501e490,,,
,J002623,1,,,,,,,,,,,,,,,,,,,,,f9d5216bc88f964bb0abb08eb5c0a56efb75eb0f81553a3f747ec0312c6b309f,,,
,J003068,1,,,,,,,,,,,,,,,,,,,,,47a6c9c75da0995b885502878b3a629bdcd90f81f0fefee802bf1a2872bc6fc5,,,
,J000018,1,,,,,,,,,,,,,,,,,,,,,1c447258016651fef8de198812182ffe257b5c69bcd88338e10169447d6a9005,,,
,J002121,1,,,,,,,,,,,,,,,,,,,,,9a0a88213c55ffd43ff795b6dfa82e90bd8a048c6a806fe033f0f2c0e0ec1e5c,,,
,J001052,1,,,,,,,,,,,,,,,,,,,,,e6a86e4e46965b2bc3dbec4cbbf5ed5807ed8a9f3c77931c0e723d3e07d92fb7,,,
,J002678,1,,,,,,,,,,,,,,,,,,,,,69a716caa082d1e457cb7ba25fa337f3d242e01058b179c191426bf28afe61b7,,,
,J002915,1,,,,,,,,,,,,,,,,,,,,,bd58ac67c3f4b22a613e28bc46bcf791c3a60b4877ad0879cc89aa0a0421d11f,,,
,J002751,1,,,,,,,,,,,,,,,,,,,,,e3f54dc2f321468ddc5ef54b612f4b329ac8f33f8d12254e244f44bcc7c81c9c,,,
,J001505,1,,,,,,,,,,,,,,,,,,,,,ad23953df31155ec5299e4cad9152bd0bdd3075829e7420212d2c4e8fbb655c2,,,
,J000871,1,,,,,,,,,,,,,,,,,,,,,19c31d1acde808de8da1d21d4acea3efd752bbabf6b4636f8ab23943dc0e5ce4,,,
,J000195,1,,,,,,,,,,,,,,,,,,,,,ecca7fbb436b5e1ac94973cf92e2b732719ed550e2a051f70fb955d04da2d7e5,,,
,J001338,1,,,,,,,,,,,,,,,,,,,,,7cf170568281e3c228ccd4aa0a527cb235b101a5bf317e6136d6f825be99c279,,,
,J000918,1,,,,,,,,,,,,,,,,,,,,,97ff95485154d153c07aed3d88983db5f2b7f62916e959581b8137858dc6d74d,,,
,J003009,1,,,,,,,,,,,,,,,,,,,,,500527a449321024f097658d75beec9d2ba4ba1ef69b9c5d7b2491b6f2a2e42d,,,
,J003138,1,,,,,,,,,,,,,,,,,,,,,9141802d7244fff0a0bf8a98e3b2d2c7ab43f17f434618d4b53b95eb6b35ba4b,,,
,J001343,1,,,,,,,,,,,,,,,,,,,,,4717b4c47a4de70ee92d23ad6bd561321d332b0a071e952807bf07063fa96f64,,,
,J002672,1,,,,,,,,,,,,,,,,,,,,,47e9a4936474ba144d4518c5a8ed1f340566c708aeecd6f772b76fb2f24944c4,,,
,J001885,1,,,,,,,,,,,,,,,,,,,,,4b96ff99150e4ddee70db8c44d29969255eb7f8e92bae2b8fca2951e9cdab1df,,,
,J001126,1,,,,,,,,,,,,,,,,,,,,,bcad152b2569b1f66ecfd3447bb59e3efb53ad36d324b17946bbbfb088b36e35,,,
,J000370,1,,,,,,,,,,,,,,,,,,,,,e42fff25583436f454fca589f73151475e383de3fd7c066fa3525fa4299b848f,,,
,J002902,1,,,,,,,,,,,,,,,,,,,,,47035ba1148ccc6f85a694d38a3ef91844e55cf818c0232ad1d15a78cda59911,,,
,J002602,1,,,,,,,,,,,,,,,,,,,,,ce1d41f0080a8e26bc62d32edd2c9667f13e29fc1e362e33a6a6345f968181a8,,,
,J001838,1,,,,,,,,,,,,,,,,,,,,,c98a3ca69a355090fdf7b4d686cb1d138f1747ead69662d3dcfa8a3c568c21e5,,,
,J003131,1,,,,,,,,,,,,,,,,,,,,,5a21df5796c9738082108734062a646d9483fb2819fd51a5f9a4b950b141fddf,,,
,J000620,1,,,,,,,,,,,,,,,,,,,,,93455d53cc06a0090fa641a4847a56bc504ab692dd2506f61aa25126cb5f6d35,,,
,J001188,1,,,,,,,,,,,,,,,,,,,,,498673b984f195f390696ca828dc9a4dcd6b07ca6012df9ce911790757cc3a51,,,
,J003130,1,,,,,,,,,,,,,,,,,,,,,6711025f692ee90bbfc4bbe913fde3573dbe32bbc1d43e7004bc15f420a80ac2,,,
,J001023,1,,,,,,,,,,,,,,,,,,,,,cbddcb1de00e03bcee738c19c0c7cf9e9b4bcdd4f16e798f1b5253c6fa51bf1b,,,
,J001597,1,,,,,,,,,,,,,,,,,,,,,a9ffaee207ffc0461984a8cefa9c8a58246e7a70ac3f98955798f13b4d354480,,,
,J000638,1,,,,,,,,,,,,,,,,,,,,,12ba65e07f218b3a4ea20958bdcfbb863274f2ba0d9fafb880b3eb948e3cc7fe,,,
,J000235,1,,,,,,,,,,,,,,,,,,,,,ecee109955d1644c3cefe55db8ed9d80509f78e74e873c1bf4ea0ca735da147a,,,
,J001844,1,,,,,,,,,,,,,,,,,,,,,e3da70c3a4008e5c693e5f044341781e9ead4a5a0ff97e67a94962818987ccc0,,,
,J002864,1,,,,,,,,,,,,,,,,,,,,,b6d39be6ade30fc5ce2661f1ee2288dea3cc6053adbdc46bfd94b29d1b28f0b9,,,
,J003081,1,,,,,,,,,,,,,,,,,,,,,8406dfb9fd31575ec0d108c273a8ed9e3d6a9959fbf417d3d7b01a6a9819e91a,,,
,J002086,1,,,,,,,,,,,,,,,,,,,,,9787be45a5b271b99c5b5b4ee48bdddefebb04be530766c550ee0ce9d5c190ef,,,
,J002440,1,,,,,,,,,,,,,,,,,,,,,fcd11f747eb8c24dec62fd02921304e9ffafd7c36aab3f4872cbbcfdbb5709c6,,,
,J001967,1,,,,,,,,,,,,,,,,,,,,,9f9ed68c5e34abd1986d75a0f5d7ff5a7ce404fa42bbcb731f733c8f244ca6c7,,,
,J000913,1,,,,,,,,,,,,,,,,,,,,,5847916a2ceafd14b145baa55825d0bf4e669be9fce27ef437d8c72e5a876b25,,,
,J001779,1,,,,,,,,,,,,,,,,,,,,,6d9a354996ac7e3fa36e3a5318b9f7709694444ac3361c676d9694bc0042c1f2,,,
,J001270,1,,,,,,,,,,,,,,,,,,,,,1d09e72594a7d2386a21a716da5ceff07abff666bf0687b87fd432b72436e85c,,,
,J002296,1,,,,,,,,,,,,,,,,,,,,,83ac8f745c97acea3d49d1e5201066c686ab50f1ce3bda08c775ed88ee45a107,,,
,J000708,1,,,,,,,,,,,,,,,,,,,,,85d99fc27701e28c9f425fdd1be2330dc056c5dd741cc17360f9f1c69ebccda9,,,
,J001418,1,,,,,,,,,,,,,,,,,,,,,0d9c8df35c4e7cedeb51e7b5aee42b701d0e85b43ff98a61fea5f589a804ca14,,,
,J002083,1,,,,,,,,,,,,,,,,,,,,,0f69764bf1bb3316981f40868d6f9d1ef11fbbb2cf362a642508b6df77a2343d,,,
,J001922,1,,,,,,,,,,,,,,,,,,,,,95853ea2f3487f9240a89a7d4130d9070e3aba426758dd4551837a9127227718,,,
,J002111,1,,,,,,,,,,,,,,,,,,,,,b2a3d792ae5078c8edb7d5ab0dd936e2e8961362a1c5b4db62fe5ea5a04bcfe7,,,
,J002958,1,,,,,,,,,,,,,,,,,,,,,e674003f98c94629c54d6ce3cd863236f169e0a49729a21d195225e8aff157cd,,,
,J000544,1,,,,,,,,,,,,,,,,,,,,,8be23d8533ffa3aeb86a81bacd5628d9001f5443362fbb40810b60c61ebad8b5,,,
,J000618,1,,,,,,,,,,,,,,,,,,,,,878895c37e5740144bed8f71c0a44ed3734d298eeaa0fae507a3d05762f2eb95,,,
,J000743,1,,,,,,,,,,,,,,,,,,,,,866ace81c012fdea1bbb1365b26b901ab045f78216b689f64b04b526fe681406,,,
,J000893,1,,,,,,,,,,,,,,,,,,,,,e97307ac39ec3f3b1d4139bdf956288c6957820a244634539dd5bd2e841ee35e,,,
,J001911,1,,,,,,,,,,,,,,,,,,,,,46761e1286c4be37af9dd0d49ec4c79e6eacee8754d07aeb74b285f514bb1dd6,,,
,J002266,1,,,,,,,,,,,,,,,,,,,,,c94379577be8fa79a7073825cfb2f62a10879b84ad2ecaa521bff50982ad0e44,,,
,J000023,1,,,,,,,,,,,,,,,,,,,,,fa43bedcc78b4bc2e3f603a5ff5efd6b751d4a9d7bc642d1e7f7d3f54b28d651,,,
,J000230,1,,,,,,,,,,,,,,,,,,,,,01aa54cc37b6fcd3702880e3d6787f0e18ae4c3f3289df419d21461c1de40840,,,
,J000889,1,,,,,,,,,,,,,,,,,,,,,28d761ec32ff6f0f4edcead4ca8836354baa640b946b741af7a4eb232f284e8d,,,
,J000939,1,,,,,,,,,,,,,,,,,,,,,1babaa636fa556c88a83274a814403775082ad60e87d3ecd111df1e093ba1141,,,
,J002741,1,,,,,,,,,,,,,,,,,,,,,beef93aff3e8c17441f92b0a9e8393f1cb1a9a9001746390c20d8ca0191a2b33,,,
,J001153,1,,,,,,,,,,,,,,,,,,,,,35548bce508f27b65af86eb5a6ab685762f0863bad1b71a0adc70dcdfc72b7ad,,,
,J000848,1,,,,,,,,,,,,,,,,,,,,,ba40e2da49b43eaa4cc1e6a0fc717fca2ac749d2bbf23634f69807c34fd610bf,,,
,J003108,1,,,,,,,,,,,,,,,,,,,,,3e02be8245b308909e3d80852ae85024cb2c8ab695caa94f88436a5b7a59bc2c,,,
,J002917,1,,,,,,,,,,,,,,,,,,,,,fe698fcc80849bd24fc2189cb03689e8962a8d23cb105b3c98775393ce86bd5d,,,
,J002486,1,,,,,,,,,,,,,,,,,,,,,8e0297942dbc7948d2bcff9cbd293f592060c59e64c9dd09e16878d4933f8c15,,,
,J000273,1,,,,,,,,,,,,,,,,,,,,,9019b504b551cfb87bfd4d3d7a2e9c6ac7bf6e26f2ef88bcfa4d1e1c7e501373,,,
,J002952,1,,,,,,,,,,,,,,,,,,,,,388d0f3afadc77774eeca77ed828e0e7f0e739340e8e11f399577a45c98b219a,,,
,J001525,1,,,,,,,,,,,,,,,,,,,,,566d7dcdfd04091e8fd09965358ec65d7cc2592d197ddf406e7a886ff6414a8c,,,
,J002119,1,,,,,,,,,,,,,,,,,,,,,e3fafe2b1cb9042f7f646dd033cd326b1858d727066f37ab224e4814b02b6d9f,,,
,J000349,1,,,,,,,,,,,,,,,,,,,,,a3e0804a93e8f59a094b98ce58e1f61066d21548a037b9f196eba3f1df44fd3d,,,
,J001032,1,,,,,,,,,,,,,,,,,,,,,c34087854281ee020a5095978fa62bdacc55248fcb24a962fdd0806a240df1eb,,,
,J001110,1,,,,,,,,,,,,,,,,,,,,,107b061abfb5080a91eeb48479c228a69b04e9b811f0528a5693c684b7478779,,,
,J002158,1,,,,,,,,,,,,,,,,,,,,,0164a8f45cda8082821a14c6f3e22e18e419987a6b8c41d0f999e994d15ba2a0,,,
,J000191,1,,,,,,,,,,,,,,,,,,,,,2331d990e4c2c19aabf51f5b74a5662628adc2e1adcac239fe7558ae1a71f65d,,,
,J000726,1,,,,,,,,,,,,,,,,,,,,,bb02f2806ddac7171be34dc473c76027953159851098789f3debf03af2d74fc3,,,
,J002905,1,,,,,,,,,,,,,,,,,,,,,dc2b45048a5097b398c31b86c4568a6b12a23bc3396d12df70dc9dfe5a558aca,,,
,J001288,1,,,,,,,,,,,,,,,,,,,,,53a040e4b0b87367806d4d1ec1f682cae0e80a491b2b89b5df725d3abc5c6fd6,,,
,J001046,1,,,,,,,,,,,,,,,,,,,,,9b0860d29ecc343ce8028cf9c1854952c9f3e33075b1b6d3c351d994cd233404,,,
,J001335,1,,,,,,,,,,,,,,,,,,,,,0c91c6b5406182ac3fbb64a9eb32217fd78a79e99fdb26df5a9802cd1c9605f2,,,
,J002537,1,,,,,,,,,,,,,,,,,,,,,85a120b615e240a44330cd53a20929bbc0361ddefc7e37512ee7689b0cc6d2a2,,,
,J003041,1,,,,,,,,,,,,,,,,,,,,,ed2f2b0261f36927c2784c014ae486621599bbc796734083fdd4e54bca087e99,,,
,J000990,1,,,,,,,,,,,,,,,,,,,,,e4616c797425763c8ccd6e64537678a7283ab102391f9b5180bc510a596aee33,,,
,J002159,1,,,,,,,,,,,,,,,,,,,,,7098a8cdc5a066e17efe5d35c27afb54f26a775a95af38c2c7d7617608afe62d,,,
,J001080,1,,,,,,,,,,,,,,,,,,,,,ff7e666b8523cc48f181451014763a78221ae587154c9374e053a2eb1e2d0e72,,,
,J002875,1,,,,,,,,,,,,,,,,,,,,,94be5e16899bbc3e67999b1b14c79474cd978b2644e1a064f49fb8b0e24d8f66,,,
,J000302,1,,,,,,,,,,,,,,,,,,,,,6b6d58fb720c866aaccd8179e975de84ef917ced816280c073ce9a56d3c4e817,,,
,J000124,1,,,,,,,,,,,,,,,,,,,,,f6ab2282ef8fb001518b8a9ab7123d016fa88d1ebd0e75b9d87433bf666d4e4b,,,
,J002449,1,,,,,,,,,,,,,,,,,,,,,354807cb81e1992ad82ec15f5b97b7e3c312fbc3f23164b8ceeb42b5bd6b16f0,,,
,J002513,1,,,,,,,,,,,,,,,,,,,,,16d0ffe6712f25e68eec7fd1d5ca463d4ee5ee8b9b186e832b526415a993d36d,,,
,J002985,1,,,,,,,,,,,,,,,,,,,,,2270fe7937938397d6dee02006b55c0373f5eabaafc26e848a4869915aff58e4,,,
,J002637,1,,,,,,,,,,,,,,,,,,,,,a62691dfdbc0c37fb73b08fda7ad6d6fcea2057b6e19adec238edba826ac2932,,,
,J001094,1,,,,,,,,,,,,,,,,,,,,,d842c5b79825fb629827e81b7be881b3559bffa3e140f9d3ef7eb9fd34cfe8b5,,,
,J002798,1,,,,,,,,,,,,,,,,,,,,,353b22843803f2841db71f484fab00c7ee07b5466ad2c211f8042d4102dbf593,,,
,J002742,1,,,,,,,,,,,,,,,,,,,,,690dfc95d14f99f7a330cf07069948761e35507d206cf61c731ec743b1fe358e,,,
,J002281,1,,,,,,,,,,,,,,,,,,,,,4d6722ff4c0b5c678423ee175ffccaeb8980b51394d3410939dd3d7947a010d7,,,
,J001348,1,,,,,,,,,,,,,,,,,,,,,697620db9920c77860eee3d0b2c5d288bb22a3bbb0c38f8cd298eff03b9baafc,,,
,J000643,1,,,,,,,,,,,,,,,,,,,,,c97bb55ac061fe8b6fdefc3b4e6165d1ccbec0d48cdc1cdb8f48220b3272c66c,,,
,J000062,1,,,,,,,,,,,,,,,,,,,,,0d50ab4765d7e7df8a1ff68b5fedf4e15032425b1fa33237b128be891c52ecfd,,,
,J002680,1,,,,,,,,,,,,,,,,,,,,,370fe9e9a83aa5c410c99085bb9026206a78281ffe4896b6c82f60081e1f6d2a,,,
,J000834,1,,,,,,,,,,,,,,,,,,,,,63947ae80b54f2341b9461f3b82b3e70652344ca52839a23094f01e7724f32eb,,,
,J001737,1,,,,,,,,,,,,,,,,,,,,,e9cdb92e47d50a74dbcae29021534edd96edab7cf7bfa1ae24ad5c987c2abd80,,,
,J001569,1,,,,,,,,,,,,,,,,,,,,,3a4b7ca670f3532ff550e47371a88dd9e4b656ab86e1141395fdc97395187717,,,
,J000390,1,,,,,,,,,,,,,,,,,,,,,15b1f42b40ef9f110d8e73f44956ffb00c25a956821a150ecb873c48f2ca8a0c,,,
,J002626,1,,,,,,,,,,,,,,,,,,,,,537f2e7b5772cc00bf36b5bbd444cd8bdb6b10ab78e105a9d09f36ba51c1d6da,,,
,J001624,1,,,,,,,,,,,,,,,,,,,,,296ecea78ff272100073ef40080529f1b5321694e9286b4b85112e976ebba056,,,
,J002326,1,,,,,,,,,,,,,,,,,,,,,dcc78e94de0eacc27de1b4aa5e0e84da19705d519eebc62d02edc41e6beac383,,,
,J000883,1,,,,,,,,,,,,,,,,,,,,,3b278990a984edf025e54d7071705103717696f75ca32cacce571293e6da2bc5,,,
,J002311,1,,,,,,,,,,,,,,,,,,,,,8fa425637892f4cc07b11c43bf73ad5309a02380c430e3baa9787aba6acbaf4f,,,
,J000413,1,,,,,,,,,,,,,,,,,,,,,a46d4217a5e0b6f1e1c4076985e169507543139688ca1acf6b3dbb94c808ded4,,,
,J000352,1,,,,,,,,,,,,,,,,,,,,,e1b52434654edac69362624c326bb20e15f6580304f18babc52fb31390023262,,,
,J001889,1,,,,,,,,,,,,,,,,,,,,,47e0c6591eee18a2f3db0e255474442c6660eff9cd4fff65b76016db163b79da,,,
,J001242,1,,,,,,,,,,,,,,,,,,,,,c7fc43249e2700ad34f14861fd199688d8af96982454fa6735aa400bb254c619,,,
,J000424,1,,,,,,,,,,,,,,,,,,,,,f96dae0581d9cec9b0e73c02c7ef2a231a702625fb495061e6616d16cee78093,,,
,J003147,1,,,,,,,,,,,,,,,,,,,,,309c0f26d84db3af535613ad698c0a23350087f5feddddbf3a547b9da88d3bd4,,,
,J000434,1,,,,,,,,,,,,,,,,,,,,,41d677ba2f7855bc9701db5e17ee5bce0fc6edbe7037a5e09845c2bc3aca152e,,,
,J002166,1,,,,,,,,,,,,,,,,,,,,,c1eae4c3d5961fab7c169993f62b205b30a900e16418fd13f7f0f393a4d6cb3e,,,
,J001146,1,,,,,,,,,,,,,,,,,,,,,26ed28bfbafe156c212b67bbfb696cb4fc844e7d8100d70388baaac630ef1ec9,,,
,J001500,1,,,,,,,,,,,,,,,,,,,,,de25b3ea5bc2ec3ace6563ca9505c5bf061ed3d54e52510e188f5b2dfa2e5329,,,
,J002288,1,,,,,,,,,,,,,,,,,,,,,a08919767515bcc808cdb6d77b9f000d5387f6af44cfdefb6e5ec915f509c7b4,,,
,J002409,1,,,,,,,,,,,,,,,,,,,,,cc1aa5071ce282da0cd7d3ee8cc84f76ed6200545142e0825b883de433cddfa8,,,
,J000053,1,,,,,,,,,,,,,,,,,,,,,f611dd789a7e782b6c2aa991426994c9f3a6724079f5b2ce07693c3fee976df1,,,
,J002956,1,,,,,,,,,,,,,,,,,,,,,f2022adf0e0a7661b45e46ad75da0354aba99088b0a78ac858d140bcf0500ef8,,,
,J003056,1,,,,,,,,,,,,,,,,,,,,,55e5d4d4b364883bf942636befb368ebf971f2db861173199f360bc36b098922,,,
,J001466,1,,,,,,,,,,,,,,,,,,,,,f6e0828670d444b28e74debf71794b409723093d3447c6dd98bc9c0102b060e2,,,
,J000697,1,,,,,,,,,,,,,,,,,,,,,29f9ecea13865b6b5cb9529129ffc1fe2ea88d0c70a13d5274ed84ce415ee8f2,,,
,J001038,1,,,,,,,,,,,,,,,,,,,,,0b7cf0f8345c2a94c21c148c6a7dd740441abf39a5670dd959de2295bb70e0c5,,,
,J003010,1,,,,,,,,,,,,,,,,,,,,,7b57b4f147315e13f455c7122e2e932e2d6cb402b68cbbb94e4c2172e1be94ec,,,
,J000206,1,,,,,,,,,,,,,,,,,,,,,19f485d628eedf61b24d9beffa9e398606055e241a732638b905051549101112,,,
,J002893,1,,,,,,,,,,,,,,,,,,,,,30e3a584c60ea8d06b3568b12e0667924da438e15b4a734c19c70b06c51bf88c,,,
,J000469,1,,,,,,,,,,,,,,,,,,,,,cb513a6840c373dda8c78bd8a066a71f437fd4baa635e9420ec615dcc675da72,,,
,J000226,1,,,,,,,,,,,,,,,,,,,,,355ddcb1c9a2c286115a5386df7cca5b6214f1059392cc276ff35205039f7672,,,
,J002671,1,,,,,,,,,,,,,,,,,,,,,732113bfffb3d6af2519d5d9a71344c1a6f73db0b6bb79455bf0fea22154023b,,,
,J000486,1,,,,,,,,,,,,,,,,,,,,,1a0d4a66cd854e8cfdb49015fe766b099a21a8e516f272bf3594ece3e5744f65,,,
,J000625,1,,,,,,,,,,,,,,,,,,,,,40a67bdbf2303c161d8ef55f8ef94ba0241c7345bbd46d981ab1d74d3516361c,,,
,J000577,1,,,,,,,,,,,,,,,,,,,,,09c0de25834094cddd71fcdc3327721e4c8f5f38d54a248f950f236c73859b01,,,
,J000733,1,,,,,,,,,,,,,,,,,,,,,055f5810501258609da948e73256934a618f4da77a8822b1b1ca5ce8b27b96ce,,,
,J001062,1,,,,,,,,,,,,,,,,,,,,,436429353aeb3de4e10f46c047bdf9bb040d48e44719e4b7a997db695d9f38ea,,,
,J002759,1,,,,,,,,,,,,,,,,,,,,,defcf7ee288c3f655e69b5b9514b5f72dc8bf1e9f0f99eb79268dd409039cc2d,,,
,J003084,1,,,,,,,,,,,,,,,,,,,,,5ac20fc9614218ac86e362bb10e467725122f964c39316ad67c14a3997376750,,,
,J001263,1,,,,,,,,,,,,,,,,,,,,,97a95eba44acca144cd6e1d8804a82f409c1367dd06ab935d1073b4e45b88e34,,,
,J000447,1,,,,,,,,,,,,,,,,,,,,,979ac366fb53cb41ff6feba53547ca264596dbe29621f7ab805b02edb4531a66,,,
,J000371,1,,,,,,,,,,,,,,,,,,,,,830df0f6f9630a43b6730d92b7ff66e003b352d0449f6ee08bc522e22484ed0c,,,
,J001674,1,,,,,,,,,,,,,,,,,,,,,abfb13a7c46d85fb2b9ffa5f2fd1054703178610770fbfc6b3b7bbee1ba9aa98,,,
,J001892,1,,,,,,,,,,,,,,,,,,,,,ac76284f0def68ec66d9367139dfca3c219ed4fe6557303059767839397cf058,,,
,J000493,1,,,,,,,,,,,,,,,,,,,,,654cfb6f0adf76b0ff108a9aea9b9027208691877a449f4e9515e3f8716495aa,,,
,J000254,1,,,,,,,,,,,,,,,,,,,,,0be7eef961991d7e288cab26a0a8093c5033af5ee025ea801329af8f1f3db385,,,
,J002578,1,,,,,,,,,,,,,,,,,,,,,96214aff62dbd980236fd59fe969a7ee8e93dcd89c60d37106fb56fcc89e0e9b,,,
,J002403,1,,,,,,,,,,,,,,,,,,,,,a76ac1d2d0b15b56ce78ef36eec45a59021293b44d867aa7a28499a83564d1dc,,,
,J002559,1,,,,,,,,,,,,,,,,,,,,,12b8198ef7cbb10fce74ec7791a6cf9261f1e4a8f6fb2198f48031081344fce8,,,
,J002791,1,,,,,,,,,,,,,,,,,,,,,2991fabc93149a268f9a5c35a5d2b63e20342f8538ffe4b4ce06aa777857553c,,,
,J000221,1,,,,,,,,,,,,,,,,,,,,,87bd462ebeee882a5ecb0665fb1acec8fffb264e8b19e7b0c427ffd3a716b230,,,
,J000075,1,,,,,,,,,,,,,,,,,,,,,68f0e9e49c588d2a083e1ce9d9593027f0a932801f9c7698b0575ed2cfb687bd,,,
,J000900,1,,,,,,,,,,,,,,,,,,,,,42185dd27bbb09d9c7f7076447897313ef7a492590f05264ab840ea9c012ce9d,,,
,J000001,1,,,,,,,,,,,,,,,,,,,,,4b36626ac5c073ffaeee08aec12bfdcdae670fea762f06f09527fd4cfc9f593a,,,
,J001662,1,,,,,,,,,,,,,,,,,,,,,89b6057c982a4bb1149761a14185f2641040f30e3ec2c72264a564582c1e1c59,,,
,J001635,1,,,,,,,,,,,,,,,,,,,,,76d36a4bffe95c58cb6f10f57606c57c6dd3b4c13ee632cf4e5d42576e604a78,,,
,J001974,1,,,,,,,,,,,,,,,,,,,,,f7f1b922c1d6efc53da6c6a4723136f92ac97f3e58bd7a8d0622ff81ad676212,,,
,J000956,1,,,,,,,,,,,,,,,,,,,,,cac3847807b729082d2534368168ab394505fdc622a724d703c4ac6f70a2e3c0,,,
,J002635,1,,,,,,,,,,,,,,,,,,,,,92ac2314d8a3807535b58b47a5a6e1d94970fbc7dbf2da65faef13f86301cf80,,,
,J002614,1,,,,,,,,,,,,,,,,,,,,,f38ca695aa6967061fc4dfcfc58e802d3e1159b5a7ef667b7a98aad6f115f522,,,
,J001287,1,,,,,,,,,,,,,,,,,,,,,a81d6bb78e2fbc73fd79216f12f9b8e2f9165963a4c29e3a0fed83a9654213b8,,,
,J001657,1,,,,,,,,,,,,,,,,,,,,,55f869800efd42978e33ca92b83c72217da72a1473a586459fd9c8a7717f16c1,,,
,J001562,1,,,,,,,,,,,,,,,,,,,,,e542ab5d9055a5c65fcef57b1106f844fc2c37ea7670a51a81f8d9af5ae5b2cf,,,
,J000045,1,,,,,,,,,,,,,,,,,,,,,52be524d5a3ec641026c35270f27dfbd494acd4c51f42fcf9e684a955580222b,,,
,J002378,1,,,,,,,,,,,,,,,,,,,,,26e6404cdfebd0cc6488e550b398d4ab217b0a3639e6ee48f2dd1af3e57052ac,,,
,J001577,1,,,,,,,,,,,,,,,,,,,,,6f864b1eb6b047173b42897877dc8559ba7e83ca1302bef7fe6b942acf598f6d,,,
,J002238,1,,,,,,,,,,,,,,,,,,,,,ef714a873f6df86ed22397a72e4dc558142283f86a51adbe0210a5bd72767b00,,,
