plan,order,item_id,repeat_index
smoke,1,J002576,1
smoke,2,J000698,1
smoke,3,J002638,1
smoke,4,J002762,1
smoke,5,J001161,1
smoke,6,J003165,1
smoke,7,J001429,1
smoke,8,J001491,1
smoke,9,J001832,1
smoke,10,J001584,1
smoke,11,J002886,1
smoke,12,J002514,1
smoke,13,J000667,1
smoke,14,J002266,1
smoke,15,J001708,1
smoke,16,J001367,1
smoke,17,J002297,1
smoke,18,J001125,1
smoke,19,J002390,1
smoke,20,J001801,1
smoke,21,J003103,1
smoke,22,J000873,1
smoke,23,J001646,1
smoke,24,J002483,1
smoke,25,J001956,1
smoke,26,J002359,1
smoke,27,J002173,1
smoke,28,J001615,1
smoke,29,J000765,1
smoke,30,J002700,1
smoke,31,J002607,1
smoke,32,J002111,1
smoke,33,J000945,1
smoke,34,J000388,1
smoke,35,J001398,1
smoke,36,J000605,1
smoke,37,J002917,1
smoke,38,J002545,1
smoke,39,J000171,1
smoke,40,J000909,1
smoke,41,J001894,1
smoke,42,J000109,1
smoke,43,J002421,1
smoke,44,J001089,1
smoke,45,J002824,1
smoke,46,J000326,1
smoke,47,J001553,1
smoke,48,J003134,1
smoke,49,J002855,1
smoke,50,J000202,1
smoke,51,J002979,1
smoke,52,J001739,1
smoke,53,J002669,1
smoke,54,J001987,1
smoke,55,J001017,1
smoke,56,J000357,1
smoke,57,J002452,1
smoke,58,J000636,1
smoke,59,J001269,1
smoke,60,J000512,1
smoke,61,J001863,1
smoke,62,J002328,1
smoke,63,J000078,1
smoke,64,J002948,1
smoke,65,J000140,1
smoke,66,J000233,1
smoke,67,J003072,1
smoke,68,J002235,1
smoke,69,J000450,1
smoke,70,J001770,1
smoke,71,J000837,1
smoke,72,J001197,1
smoke,73,J000264,1
smoke,74,J002142,1
smoke,75,J000574,1
smoke,76,J002080,1
smoke,77,J000047,1
smoke,78,J000801,1
smoke,79,J002204,1
smoke,80,J001460,1
smoke,81,J000543,1
smoke,82,J000016,1
smoke,83,J001053,1
smoke,84,J001233,1
smoke,85,J001925,1
smoke,86,J002731,1
smoke,87,J000729,1
smoke,88,J003010,1
smoke,89,J001305,1
smoke,90,J000419,1
smoke,91,J002793,1
smoke,92,J001522,1
smoke,93,J001677,1
smoke,94,J002049,1
smoke,95,J003041,1
smoke,96,J000295,1
smoke,97,J000481,1
smoke,98,J001336,1
smoke,99,J002018,1
smoke,100,J000981,1
development,1,J000057,1
development,2,J000816,1
development,3,J003149,1
development,4,J003046,1
development,5,J001713,1
development,6,J001677,1
development,7,J001987,1
development,8,J001207,1
development,9,J002917,1
development,10,J000703,1
development,11,J002834,1
development,12,J002736,1
development,13,J000852,1
development,14,J000888,1
development,15,J001594,1
development,16,J003077,1
development,17,J002302,1
development,18,J000878,1
development,19,J000326,1
development,20,J002886,1
development,21,J002989,1
development,22,J000677,1
development,23,J001868,1
development,24,J000372,1
development,25,J000496,1
development,26,J000460,1
development,27,J001589,1
development,28,J001367,1
development,29,J000465,1
development,30,J000145,1
development,31,J001806,1
development,32,J002033,1
development,33,J002896,1
development,34,J002865,1
development,35,J000739,1
development,36,J000310,1
development,37,J003072,1
development,38,J002059,1
development,39,J001403,1
development,40,J000388,1
development,41,J000031,1
development,42,J001125,1
development,43,J002405,1
development,44,J001553,1
development,45,J002462,1
development,46,J002245,1
development,47,J001243,1
development,48,J001274,1
development,49,J000362,1
development,50,J000605,1
development,51,J003041,1
development,52,J002431,1
development,53,J000636,1
development,54,J001068,1
development,55,J002767,1
development,56,J001027,1
development,57,J002421,1
development,58,J002514,1
development,59,J000996,1
development,60,J002855,1
development,61,J001238,1
development,62,J003134,1
development,63,J001775,1
development,64,J002839,1
development,65,J000986,1
development,66,J001089,1
development,67,J000140,1
development,68,J000801,1
development,69,J001320,1
development,70,J000729,1
development,71,J000155,1
development,72,J003118,1
development,73,J002617,1
development,74,J000806,1
development,75,J002142,1
development,76,J002958,1
development,77,J002240,1
development,78,J002157,1
development,79,J002772,1
development,80,J001811,1
development,81,J001377,1
development,82,J001532,1
development,83,J003113,1
development,84,J002653,1
development,85,J000450,1
development,86,J002555,1
development,87,J002803,1
development,88,J001832,1
development,89,J001351,1
development,90,J001398,1
development,91,J000548,1
development,92,J001584,1
development,93,J000991,1
development,94,J002746,1
development,95,J002457,1
development,96,J001615,1
development,97,J000584,1
development,98,J001496,1
development,99,J000305,1
development,100,J001305,1
development,101,J003170,1
development,102,J001094,1
development,103,J001739,1
development,104,J002891,1
development,105,J000150,1
development,106,J001413,1
development,107,J002028,1
development,108,J000682,1
development,109,J002426,1
development,110,J000274,1
development,111,J000698,1
development,112,J002643,1
development,113,J002669,1
development,114,J000708,1
development,115,J001692,1
development,116,J000646,1
development,117,J001878,1
development,118,J001723,1
development,119,J000186,1
development,120,J001935,1
development,121,J000279,1
development,122,J000052,1
development,123,J002328,1
development,124,J000981,1
development,125,J002741,1
development,126,J000914,1
development,127,J001382,1
development,128,J002824,1
development,129,J002173,1
development,130,J001909,1
development,131,J002054,1
development,132,J000527,1
development,133,J000367,1
development,134,J002932,1
development,135,J002147,1
development,136,J001537,1
development,137,J000775,1
development,138,J000176,1
development,139,J002591,1
development,140,J002793,1
development,141,J001310,1
development,142,J001992,1
development,143,J003056,1
development,144,J000434,1
development,145,J001166,1
development,146,J001816,1
development,147,J002369,1
development,148,J001408,1
development,149,J003051,1
development,150,J002762,1
development,151,J001053,1
development,152,J000667,1
development,153,J001470,1
development,154,J001063,1
development,155,J002359,1
development,156,J002488,1
development,157,J002266,1
development,158,J002493,1
development,159,J000955,1
development,160,J001718,1
development,161,J000336,1
development,162,J001744,1
development,163,J001429,1
development,164,J000243,1
development,165,J002560,1
development,166,J001971,1
development,167,J002674,1
development,168,J001202,1
development,169,J000909,1
development,170,J002018,1
development,171,J000744,1
development,172,J002064,1
development,173,J002777,1
development,174,J001925,1
development,175,J002679,1
development,176,J001568,1
development,177,J000419,1
development,178,J002979,1
development,179,J000202,1
development,180,J000295,1
development,181,J002648,1
development,182,J001269,1
development,183,J002209,1
development,184,J003025,1
development,185,J000016,1
development,186,J001837,1
development,187,J002901,1
development,188,J000119,1
development,189,J003087,1
development,190,J000088,1
development,191,J001708,1
development,192,J001099,1
development,193,J001620,1
development,194,J002452,1
development,195,J001656,1
development,196,J000842,1
development,197,J000574,1
development,198,J001558,1
development,199,J000264,1
development,200,J002576,1
development,201,J000398,1
development,202,J002152,1
development,203,J002524,1
development,204,J001780,1
development,205,J000300,1
development,206,J001171,1
development,207,J002312,1
development,208,J002183,1
development,209,J001754,1
development,210,J002612,1
development,211,J002297,1
development,212,J000212,1
development,213,J003180,1
development,214,J002529,1
development,215,J001899,1
development,216,J002374,1
development,217,J002049,1
development,218,J000486,1
development,219,J001966,1
development,220,J002090,1
development,221,J000269,1
development,222,J001032,1
development,223,J003175,1
development,224,J001956,1
development,225,J001279,1
development,226,J001894,1
development,227,J000919,1
development,228,J001233,1
development,229,J001491,1
development,230,J002121,1
development,231,J000780,1
development,232,J000403,1
development,233,J000610,1
development,234,J001284,1
development,235,J001465,1
development,236,J000021,1
development,237,J002710,1
development,238,J001444,1
development,239,J000455,1
development,240,J000512,1
development,241,J002622,1
development,242,J001197,1
development,243,J002994,1
development,244,J000950,1
development,245,J001130,1
development,246,J002333,1
development,247,J002984,1
development,248,J000770,1
development,249,J000083,1
development,250,J000248,1
development,251,J000620,1
development,252,J001847,1
development,253,J002400,1
development,254,J002436,1
development,255,J001801,1
development,256,J000181,1
development,257,J000765,1
development,258,J001625,1
development,259,J002483,1
development,260,J002731,1
development,261,J001341,1
development,262,J000207,1
development,263,J000522,1
development,264,J002235,1
development,265,J001058,1
development,266,J001770,1
development,267,J002638,1
development,268,J000078,1
development,269,J001961,1
development,270,J001563,1
development,271,J002390,1
development,272,J002188,1
development,273,J002116,1
development,274,J002963,1
development,275,J001930,1
development,276,J003010,1
development,277,J002095,1
development,278,J000543,1
development,279,J000641,1
development,280,J002948,1
development,281,J003020,1
development,282,J001140,1
development,283,J003082,1
development,284,J000553,1
development,285,J001997,1
development,286,J003015,1
development,287,J003139,1
development,288,J002395,1
development,289,J000331,1
development,290,J002581,1
development,291,J000945,1
development,292,J001135,1
development,293,J000233,1
development,294,J002250,1
development,295,J001873,1
development,296,J000651,1
development,297,J002271,1
development,298,J000171,1
development,299,J002927,1
development,300,J000424,1
development,301,J003144,1
development,302,J001785,1
development,303,J000114,1
development,304,J000517,1
development,305,J000734,1
development,306,J001022,1
development,307,J002705,1
development,308,J002684,1
development,309,J002829,1
development,310,J002343,1
development,311,J001749,1
development,312,J001682,1
development,313,J000217,1
development,314,J000672,1
development,315,J002870,1
development,316,J002023,1
development,317,J000837,1
development,318,J001522,1
development,319,J000713,1
development,320,J000109,1
development,321,J001687,1
development,322,J002214,1
development,323,J001248,1
development,324,J001372,1
development,325,J002808,1
development,326,J000047,1
development,327,J001506,1
development,328,J002204,1
development,329,J001017,1
development,330,J000873,1
development,331,J001161,1
development,332,J000238,1
development,333,J002607,1
development,334,J001104,1
development,335,J001315,1
development,336,J001527,1
development,337,J001651,1
development,338,J000883,1
development,339,J001904,1
development,340,J002281,1
development,341,J002126,1
development,342,J000481,1
development,343,J003165,1
development,344,J001212,1
development,345,J001176,1
development,346,J002002,1
development,347,J000558,1
development,348,J001842,1
development,349,J001646,1
development,350,J000491,1
development,351,J002498,1
development,352,J000589,1
development,353,J000811,1
development,354,J002178,1
development,355,J000579,1
development,356,J002276,1
development,357,J002586,1
development,358,J002519,1
development,359,J001434,1
development,360,J000847,1
development,361,J002545,1
development,362,J000357,1
development,363,J000615,1
development,364,J002715,1
development,365,J002219,1
development,366,J001863,1
development,367,J000429,1
development,368,J001630,1
development,369,J002085,1
development,370,J002364,1
development,371,J001599,1
development,372,J000026,1
development,373,J002860,1
development,374,J001439,1
development,375,J002467,1
development,376,J000124,1
development,377,J002922,1
development,378,J000062,1
development,379,J002953,1
development,380,J001940,1
development,381,J002080,1
development,382,J002798,1
development,383,J003103,1
development,384,J002307,1
development,385,J000924,1
development,386,J001475,1
development,387,J002700,1
development,388,J000960,1
development,389,J001336,1
development,390,J000093,1
development,391,J002338,1
development,392,J001661,1
development,393,J003108,1
development,394,J002111,1
development,395,J000393,1
development,396,J001460,1
development,397,J002550,1
development,398,J001346,1
development,399,J001501,1
development,400,J000341,1
evaluation,1,J001150,1
evaluation,2,J000494,1
evaluation,3,J000426,1
evaluation,4,J001645,1
evaluation,5,J001441,1
evaluation,6,J001943,1
evaluation,7,J002236,1
evaluation,8,J001300,1
evaluation,9,J002094,1
evaluation,10,J000507,1
evaluation,11,J000382,1
evaluation,12,J002656,1
evaluation,13,J002826,1
evaluation,14,J000449,1
evaluation,15,J002050,1
evaluation,16,J002361,1
evaluation,17,J001804,1
evaluation,18,J001685,1
evaluation,19,J002241,1
evaluation,20,J002088,1
evaluation,21,J001074,1
evaluation,22,J000591,1
evaluation,23,J001916,1
evaluation,24,J001109,1
evaluation,25,J000853,1
evaluation,26,J002292,1
evaluation,27,J002856,1
evaluation,28,J000380,1
evaluation,29,J000800,1
evaluation,30,J001462,1
evaluation,31,J000872,1
evaluation,32,J003049,1
evaluation,33,J002603,1
evaluation,34,J000840,1
evaluation,35,J000292,1
evaluation,36,J001061,1
evaluation,37,J003055,1
evaluation,38,J001628,1
evaluation,39,J000774,1
evaluation,40,J001883,1
evaluation,41,J002322,1
evaluation,42,J001050,1
evaluation,43,J002079,1
evaluation,44,J003112,1
evaluation,45,J000827,1
evaluation,46,J001854,1
evaluation,47,J001721,1
evaluation,48,J000228,1
evaluation,49,J000550,1
evaluation,50,J000407,1
evaluation,51,J001151,1
evaluation,52,J003028,1
evaluation,53,J000596,1
evaluation,54,J002926,1
evaluation,55,J001737,1
evaluation,56,J001827,1
evaluation,57,J001498,1
evaluation,58,J001587,1
evaluation,59,J000560,1
evaluation,60,J001907,1
evaluation,61,J001103,1
evaluation,62,J000311,1
evaluation,63,J001221,1
evaluation,64,J001512,1
evaluation,65,J001132,1
evaluation,66,J000194,1
evaluation,67,J000045,1
evaluation,68,J002456,1
evaluation,69,J003044,1
evaluation,70,J002213,1
evaluation,71,J000431,1
evaluation,72,J000920,1
evaluation,73,J002113,1
evaluation,74,J000024,1
evaluation,75,J002316,1
evaluation,76,J000235,1
evaluation,77,J001526,1
evaluation,78,J000141,1
evaluation,79,J001184,1
evaluation,80,J000391,1
evaluation,81,J002131,1
evaluation,82,J001952,1
evaluation,83,J000946,1
evaluation,84,J002066,1
evaluation,85,J000575,1
evaluation,86,J000041,1
evaluation,87,J001875,1
evaluation,88,J000416,1
evaluation,89,J002729,1
evaluation,90,J001786,1
evaluation,91,J002477,1
evaluation,92,J001487,1
evaluation,93,J001891,1
evaluation,94,J000961,1
evaluation,95,J002433,1
evaluation,96,J001864,1
evaluation,97,J001758,1
evaluation,98,J002350,1
evaluation,99,J001729,1
evaluation,100,J002288,1
evaluation,101,J002804,1
evaluation,102,J001412,1
evaluation,103,J001352,1
evaluation,104,J002623,1
evaluation,105,J000206,1
evaluation,106,J001160,1
evaluation,107,J002853,1
evaluation,108,J001211,1
evaluation,109,J002817,1
evaluation,110,J002748,1
evaluation,111,J000444,1
evaluation,112,J002386,1
evaluation,113,J000644,1
evaluation,114,J001629,1
evaluation,115,J001252,1
evaluation,116,J002951,1
evaluation,117,J002511,1
evaluation,118,J002009,1
evaluation,119,J000824,1
evaluation,120,J003062,1
evaluation,121,J000324,1
evaluation,122,J002574,1
evaluation,123,J002077,1
evaluation,124,J001611,1
evaluation,125,J002578,1
evaluation,126,J002004,1
evaluation,127,J001095,1
evaluation,128,J003075,1
evaluation,129,J002184,1
evaluation,130,J001957,1
evaluation,131,J001453,1
evaluation,132,J002987,1
evaluation,133,J001963,1
evaluation,134,J002159,1
evaluation,135,J002878,1
evaluation,136,J001642,1
evaluation,137,J000931,1
evaluation,138,J002381,1
evaluation,139,J000569,1
evaluation,140,J000755,1
evaluation,141,J001652,1
evaluation,142,J001727,1
evaluation,143,J000969,1
evaluation,144,J002575,1
evaluation,145,J002128,1
evaluation,146,J002868,1
evaluation,147,J001735,1
evaluation,148,J001879,1
evaluation,149,J002977,1
evaluation,150,J000118,1
evaluation,151,J001674,1
evaluation,152,J003095,1
evaluation,153,J000081,1
evaluation,154,J002708,1
evaluation,155,J001399,1
evaluation,156,J002358,1
evaluation,157,J002609,1
evaluation,158,J003071,1
evaluation,159,J002379,1
evaluation,160,J000428,1
evaluation,161,J001003,1
evaluation,162,J000915,1
evaluation,163,J003168,1
evaluation,164,J001981,1
evaluation,165,J001156,1
evaluation,166,J001116,1
evaluation,167,J000906,1
evaluation,168,J002825,1
evaluation,169,J001292,1
evaluation,170,J002928,1
evaluation,171,J002999,1
evaluation,172,J003027,1
evaluation,173,J003153,1
evaluation,174,J002135,1
evaluation,175,J001353,1
evaluation,176,J001227,1
evaluation,177,J002983,1
evaluation,178,J002373,1
evaluation,179,J002144,1
evaluation,180,J002515,1
evaluation,181,J000968,1
evaluation,182,J002692,1
evaluation,183,J001459,1
evaluation,184,J002257,1
evaluation,185,J000356,1
evaluation,186,J001329,1
evaluation,187,J001606,1
evaluation,188,J001082,1
evaluation,189,J001316,1
evaluation,190,J001773,1
evaluation,191,J001716,1
evaluation,192,J003097,1
evaluation,193,J001200,1
evaluation,194,J001807,1
evaluation,195,J001483,1
evaluation,196,J002053,1
evaluation,197,J000523,1
evaluation,198,J000339,1
evaluation,199,J000325,1
evaluation,200,J001986,1
evaluation,201,J000612,1
evaluation,202,J000894,1
evaluation,203,J002593,1
evaluation,204,J002486,1
evaluation,205,J000595,1
evaluation,206,J001376,1
evaluation,207,J002153,1
evaluation,208,J000886,1
evaluation,209,J001258,1
evaluation,210,J001975,1
evaluation,211,J000015,1
evaluation,212,J000954,1
evaluation,213,J000701,1
evaluation,214,J003177,1
evaluation,215,J000354,1
evaluation,216,J000106,1
evaluation,217,J002680,1
evaluation,218,J001860,1
evaluation,219,J001576,1
evaluation,220,J002815,1
evaluation,221,J002549,1
evaluation,222,J000953,1
evaluation,223,J001206,1
evaluation,224,J003132,1
evaluation,225,J000786,1
evaluation,226,J002510,1
evaluation,227,J001767,1
evaluation,228,J001445,1
evaluation,229,J001862,1
evaluation,230,J001662,1
evaluation,231,J002469,1
evaluation,232,J001004,1
evaluation,233,J002105,1
evaluation,234,J001885,1
evaluation,235,J001839,1
evaluation,236,J002482,1
evaluation,237,J001354,1
evaluation,238,J001845,1
evaluation,239,J000706,1
evaluation,240,J002360,1
evaluation,241,J002992,1
evaluation,242,J000091,1
evaluation,243,J002223,1
evaluation,244,J001440,1
evaluation,245,J000808,1
evaluation,246,J000542,1
evaluation,247,J002330,1
evaluation,248,J002521,1
evaluation,249,J002127,1
evaluation,250,J002769,1
evaluation,251,J001302,1
evaluation,252,J001613,1
evaluation,253,J002052,1
evaluation,254,J000204,1
evaluation,255,J000858,1
evaluation,256,J002722,1
evaluation,257,J002875,1
evaluation,258,J001014,1
evaluation,259,J002327,1
evaluation,260,J002291,1
evaluation,261,J001505,1
evaluation,262,J000622,1
evaluation,263,J000829,1
evaluation,264,J000221,1
evaluation,265,J000296,1
evaluation,266,J000725,1
evaluation,267,J002101,1
evaluation,268,J001396,1
evaluation,269,J002857,1
evaluation,270,J001271,1
evaluation,271,J002565,1
evaluation,272,J001442,1
evaluation,273,J000592,1
evaluation,274,J000501,1
evaluation,275,J000714,1
evaluation,276,J003076,1
evaluation,277,J002874,1
evaluation,278,J002496,1
evaluation,279,J001769,1
evaluation,280,J002334,1
evaluation,281,J002325,1
evaluation,282,J001418,1
evaluation,283,J000746,1
evaluation,284,J003091,1
evaluation,285,J003141,1
evaluation,286,J001641,1
evaluation,287,J003040,1
evaluation,288,J000809,1
evaluation,289,J000097,1
evaluation,290,J000436,1
evaluation,291,J000270,1
evaluation,292,J000597,1
evaluation,293,J001029,1
evaluation,294,J000935,1
evaluation,295,J002399,1
evaluation,296,J001064,1
evaluation,297,J001551,1
evaluation,298,J002044,1
evaluation,299,J003106,1
evaluation,300,J003089,1
evaluation,301,J000740,1
evaluation,302,J001070,1
evaluation,303,J002492,1
evaluation,304,J001181,1
evaluation,305,J000358,1
evaluation,306,J002434,1
evaluation,307,J000080,1
evaluation,308,J001675,1
evaluation,309,J001531,1
evaluation,310,J000614,1
evaluation,311,J001023,1
evaluation,312,J002192,1
evaluation,313,J003063,1
evaluation,314,J000799,1
evaluation,315,J002807,1
evaluation,316,J001091,1
evaluation,317,J001771,1
evaluation,318,J002563,1
evaluation,319,J001667,1
evaluation,320,J002262,1
evaluation,321,J002020,1
evaluation,322,J002981,1
evaluation,323,J002831,1
evaluation,324,J001836,1
evaluation,325,J001799,1
evaluation,326,J000576,1
evaluation,327,J000290,1
evaluation,328,J000312,1
evaluation,329,J002749,1
evaluation,330,J002226,1
evaluation,331,J002924,1
evaluation,332,J001998,1
evaluation,333,J000108,1
evaluation,334,J000856,1
evaluation,335,J000854,1
evaluation,336,J002858,1
evaluation,337,J002753,1
evaluation,338,J002668,1
evaluation,339,J002069,1
evaluation,340,J002556,1
evaluation,341,J001294,1
evaluation,342,J000812,1
evaluation,343,J001051,1
evaluation,344,J000784,1
evaluation,345,J003067,1
evaluation,346,J002594,1
evaluation,347,J000524,1
evaluation,348,J000509,1
evaluation,349,J002072,1
evaluation,350,J000855,1
evaluation,351,J001060,1
evaluation,352,J001034,1
evaluation,353,J001482,1
evaluation,354,J000287,1
evaluation,355,J000831,1
evaluation,356,J003060,1
evaluation,357,J001657,1
evaluation,358,J002706,1
evaluation,359,J002445,1
evaluation,360,J000936,1
evaluation,361,J001278,1
evaluation,362,J001509,1
evaluation,363,J002487,1
evaluation,364,J000400,1
evaluation,365,J003126,1
evaluation,366,J000139,1
evaluation,367,J000587,1
evaluation,368,J002290,1
evaluation,369,J000973,1
evaluation,370,J001660,1
evaluation,371,J002899,1
evaluation,372,J001332,1
evaluation,373,J000349,1
evaluation,374,J002063,1
evaluation,375,J002534,1
evaluation,376,J000169,1
evaluation,377,J000042,1
evaluation,378,J000069,1
evaluation,379,J000183,1
evaluation,380,J002154,1
evaluation,381,J001813,1
evaluation,382,J000515,1
evaluation,383,J001155,1
evaluation,384,J000306,1
evaluation,385,J001154,1
evaluation,386,J002631,1
evaluation,387,J002783,1
evaluation,388,J002632,1
evaluation,389,J000649,1
evaluation,390,J000951,1
evaluation,391,J000869,1
evaluation,392,J000053,1
evaluation,393,J000448,1
evaluation,394,J000308,1
evaluation,395,J000463,1
evaluation,396,J002941,1
evaluation,397,J001892,1
evaluation,398,J000565,1
evaluation,399,J003066,1
evaluation,400,J001927,1
evaluation,401,J000513,1
evaluation,402,J000445,1
evaluation,403,J002844,1
evaluation,404,J000090,1
evaluation,405,J002388,1
evaluation,406,J001970,1
evaluation,407,J001110,1
evaluation,408,J000815,1
evaluation,409,J001979,1
evaluation,410,J002148,1
evaluation,411,J001855,1
evaluation,412,J001578,1
evaluation,413,J001869,1
evaluation,414,J002424,1
evaluation,415,J002323,1
evaluation,416,J002794,1
evaluation,417,J001809,1
evaluation,418,J001204,1
evaluation,419,J003160,1
evaluation,420,J002771,1
evaluation,421,J001406,1
evaluation,422,J000070,1
evaluation,423,J001793,1
evaluation,424,J000251,1
evaluation,425,J000371,1
evaluation,426,J000546,1
evaluation,427,J003111,1
evaluation,428,J001720,1
evaluation,429,J002371,1
evaluation,430,J001632,1
evaluation,431,J002315,1
evaluation,432,J002332,1
evaluation,433,J002247,1
evaluation,434,J002754,1
evaluation,435,J001525,1
evaluation,436,J001521,1
evaluation,437,J000289,1
evaluation,438,J001870,1
evaluation,439,J000974,1
evaluation,440,J000875,1
evaluation,441,J000650,1
evaluation,442,J001600,1
evaluation,443,J000898,1
evaluation,444,J002403,1
evaluation,445,J000601,1
evaluation,446,J000101,1
evaluation,447,J001259,1
evaluation,448,J002300,1
evaluation,449,J000153,1
evaluation,450,J000910,1
evaluation,451,J001009,1
evaluation,452,J003084,1
evaluation,453,J002776,1
evaluation,454,J001363,1
evaluation,455,J000230,1
evaluation,456,J000055,1
evaluation,457,J002726,1
evaluation,458,J002070,1
evaluation,459,J002931,1
evaluation,460,J003048,1
evaluation,461,J002809,1
evaluation,462,J000478,1
evaluation,463,J001857,1
evaluation,464,J000319,1
evaluation,465,J001993,1
evaluation,466,J000757,1
evaluation,467,J001086,1
evaluation,468,J002057,1
evaluation,469,J002897,1
evaluation,470,J001157,1
evaluation,471,J001640,1
evaluation,472,J002231,1
evaluation,473,J002398,1
evaluation,474,J002968,1
evaluation,475,J000137,1
evaluation,476,J002973,1
evaluation,477,J002272,1
evaluation,478,J000864,1
evaluation,479,J003059,1
evaluation,480,J002584,1
evaluation,481,J002175,1
evaluation,482,J001612,1
evaluation,483,J000266,1
evaluation,484,J000328,1
evaluation,485,J001330,1
evaluation,486,J000365,1
evaluation,487,J001643,1
evaluation,488,J000173,1
evaluation,489,J002618,1
evaluation,490,J002171,1
evaluation,491,J002301,1
evaluation,492,J000821,1
evaluation,493,J002995,1
evaluation,494,J001361,1
evaluation,495,J000309,1
evaluation,496,J000459,1
evaluation,497,J000073,1
evaluation,498,J000158,1
evaluation,499,J000360,1
evaluation,500,J001282,1
evaluation,501,J002422,1
evaluation,502,J001164,1
evaluation,503,J002222,1
evaluation,504,J001410,1
evaluation,505,J000392,1
evaluation,506,J001180,1
evaluation,507,J002723,1
evaluation,508,J002737,1
evaluation,509,J002296,1
evaluation,510,J002285,1
evaluation,511,J002733,1
evaluation,512,J000147,1
evaluation,513,J000572,1
evaluation,514,J002246,1
evaluation,515,J000588,1
evaluation,516,J000819,1
evaluation,517,J001466,1
evaluation,518,J001893,1
evaluation,519,J000724,1
evaluation,520,J002225,1
evaluation,521,J000760,1
evaluation,522,J001152,1
evaluation,523,J001989,1
evaluation,524,J001471,1
evaluation,525,J001167,1
evaluation,526,J002443,1
evaluation,527,J000516,1
evaluation,528,J001055,1
evaluation,529,J001928,1
evaluation,530,J002536,1
evaluation,531,J001789,1
evaluation,532,J002720,1
evaluation,533,J002838,1
evaluation,534,J000237,1
evaluation,535,J001808,1
evaluation,536,J000473,1
evaluation,537,J001378,1
evaluation,538,J000165,1
evaluation,539,J001037,1
evaluation,540,J002553,1
evaluation,541,J003053,1
evaluation,542,J001565,1
evaluation,543,J000932,1
evaluation,544,J000937,1
evaluation,545,J001502,1
evaluation,546,J001384,1
evaluation,547,J000623,1
evaluation,548,J000271,1
evaluation,549,J002295,1
evaluation,550,J002206,1
evaluation,551,J001616,1
evaluation,552,J000825,1
evaluation,553,J000293,1
evaluation,554,J000912,1
evaluation,555,J002789,1
evaluation,556,J002837,1
evaluation,557,J000430,1
evaluation,558,J001590,1
evaluation,559,J002596,1
evaluation,560,J001828,1
evaluation,561,J000626,1
evaluation,562,J000947,1
evaluation,563,J000702,1
evaluation,564,J002872,1
evaluation,565,J003154,1
evaluation,566,J001541,1
evaluation,567,J000656,1
evaluation,568,J002168,1
evaluation,569,J003047,1
evaluation,570,J002664,1
evaluation,571,J002340,1
evaluation,572,J002730,1
evaluation,573,J000850,1
evaluation,574,J002755,1
evaluation,575,J002027,1
evaluation,576,J003100,1
evaluation,577,J001273,1
evaluation,578,J002976,1
evaluation,579,J000710,1
evaluation,580,J000432,1
evaluation,581,J001187,1
evaluation,582,J000891,1
evaluation,583,J001818,1
evaluation,584,J001918,1
evaluation,585,J000215,1
evaluation,586,J000868,1
evaluation,587,J002425,1
evaluation,588,J002811,1
evaluation,589,J002375,1
evaluation,590,J002092,1
evaluation,591,J000511,1
evaluation,592,J000185,1
evaluation,593,J002293,1
evaluation,594,J003124,1
evaluation,595,J000982,1
evaluation,596,J001178,1
evaluation,597,J002507,1
evaluation,598,J000482,1
evaluation,599,J000197,1
evaluation,600,J000223,1
evaluation,601,J000870,1
evaluation,602,J000225,1
evaluation,603,J002702,1
evaluation,604,J001263,1
evaluation,605,J000376,1
evaluation,606,J000355,1
evaluation,607,J001556,1
evaluation,608,J000386,1
evaluation,609,J002151,1
evaluation,610,J002017,1
evaluation,611,J000499,1
evaluation,612,J001507,1
evaluation,613,J000529,1
evaluation,614,J002601,1
evaluation,615,J000654,1
evaluation,616,J003054,1
evaluation,617,J002792,1
evaluation,618,J000344,1
evaluation,619,J002102,1
evaluation,620,J002490,1
evaluation,621,J001002,1
evaluation,622,J000767,1
evaluation,623,J001304,1
evaluation,624,J002335,1
evaluation,625,J002633,1
evaluation,626,J001043,1
evaluation,627,J000976,1
evaluation,628,J001912,1
evaluation,629,J002061,1
evaluation,630,J000143,1
evaluation,631,J001519,1
evaluation,632,J001917,1
evaluation,633,J001969,1
evaluation,634,J002352,1
evaluation,635,J002950,1
evaluation,636,J002537,1
evaluation,637,J000330,1
evaluation,638,J002217,1
evaluation,639,J003009,1
evaluation,640,J002248,1
evaluation,641,J002182,1
evaluation,642,J002688,1
evaluation,643,J002823,1
evaluation,644,J001040,1
evaluation,645,J002719,1
evaluation,646,J002470,1
evaluation,647,J003176,1
evaluation,648,J003169,1
evaluation,649,J001149,1
evaluation,650,J001325,1
evaluation,651,J000337,1
evaluation,652,J001450,1
evaluation,653,J000634,1
evaluation,654,J002484,1
evaluation,655,J001493,1
evaluation,656,J001991,1
evaluation,657,J001168,1
evaluation,658,J001704,1
evaluation,659,J001499,1
evaluation,660,J000485,1
evaluation,661,J000373,1
evaluation,662,J001921,1
evaluation,663,J002169,1
evaluation,664,J001849,1
evaluation,665,J002634,1
evaluation,666,J001609,1
evaluation,667,J002032,1
evaluation,668,J002471,1
evaluation,669,J002441,1
evaluation,670,J000120,1
evaluation,671,J002176,1
evaluation,672,J000813,1
evaluation,673,J002011,1
evaluation,674,J002890,1
evaluation,675,J000240,1
evaluation,676,J001383,1
evaluation,677,J002559,1
evaluation,678,J001689,1
evaluation,679,J000719,1
evaluation,680,J000783,1
evaluation,681,J002362,1
evaluation,682,J000443,1
evaluation,683,J001010,1
evaluation,684,J001323,1
evaluation,685,J001548,1
evaluation,686,J000633,1
evaluation,687,J003117,1
evaluation,688,J002863,1
evaluation,689,J002725,1
evaluation,690,J002597,1
evaluation,691,J002193,1
evaluation,692,J001448,1
evaluation,693,J000012,1
evaluation,694,J001544,1
evaluation,695,J000939,1
evaluation,696,J002812,1
evaluation,697,J002795,1
evaluation,698,J000241,1
evaluation,699,J001335,1
evaluation,700,J002757,1
evaluation,701,J000762,1
evaluation,702,J002342,1
evaluation,703,J001874,1
evaluation,704,J000111,1
evaluation,705,J002947,1
evaluation,706,J002216,1
evaluation,707,J000652,1
evaluation,708,J000385,1
evaluation,709,J000896,1
evaluation,710,J001210,1
evaluation,711,J001724,1
evaluation,712,J000262,1
evaluation,713,J001287,1
evaluation,714,J002430,1
evaluation,715,J002900,1
evaluation,716,J002124,1
evaluation,717,J002190,1
evaluation,718,J000353,1
evaluation,719,J000343,1
evaluation,720,J002278,1
evaluation,721,J000697,1
evaluation,722,J002503,1
evaluation,723,J002682,1
evaluation,724,J000696,1
evaluation,725,J000439,1
evaluation,726,J002906,1
evaluation,727,J001658,1
evaluation,728,J000940,1
evaluation,729,J002179,1
evaluation,730,J000771,1
evaluation,731,J000198,1
evaluation,732,J002197,1
evaluation,733,J002833,1
evaluation,734,J001355,1
evaluation,735,J000530,1
evaluation,736,J001390,1
evaluation,737,J000399,1
evaluation,738,J001911,1
evaluation,739,J000340,1
evaluation,740,J000423,1
evaluation,741,J002141,1
evaluation,742,J002026,1
evaluation,743,J002782,1
evaluation,744,J001177,1
evaluation,745,J002439,1
evaluation,746,J002933,1
evaluation,747,J001163,1
evaluation,748,J001503,1
evaluation,749,J000008,1
evaluation,750,J002211,1
evaluation,751,J001142,1
evaluation,752,J001245,1
evaluation,753,J000219,1
evaluation,754,J000593,1
evaluation,755,J000408,1
evaluation,756,J000567,1
evaluation,757,J002760,1
evaluation,758,J003101,1
evaluation,759,J001508,1
evaluation,760,J002051,1
evaluation,761,J000396,1
evaluation,762,J001518,1
evaluation,763,J000716,1
evaluation,764,J000347,1
evaluation,765,J001188,1
evaluation,766,J001650,1
evaluation,767,J001973,1
evaluation,768,J001092,1
evaluation,769,J001317,1
evaluation,770,J001108,1
evaluation,771,J002652,1
evaluation,772,J002848,1
evaluation,773,J000283,1
evaluation,774,J001610,1
evaluation,775,J002186,1
evaluation,776,J002180,1
evaluation,777,J000381,1
evaluation,778,J002404,1
evaluation,779,J000645,1
evaluation,780,J000903,1
evaluation,781,J000745,1
evaluation,782,J001700,1
evaluation,783,J001946,1
evaluation,784,J002387,1
evaluation,785,J002620,1
evaluation,786,J000023,1
evaluation,787,J002270,1
evaluation,788,J001951,1
evaluation,789,J000032,1
evaluation,790,J002215,1
evaluation,791,J001256,1
evaluation,792,J001107,1
evaluation,793,J000488,1
evaluation,794,J002619,1
evaluation,795,J003150,1
evaluation,796,J002836,1
evaluation,797,J001941,1
evaluation,798,J002150,1
evaluation,799,J002409,1
evaluation,800,J000442,1
evaluation,801,J000790,1
evaluation,802,J001208,1
evaluation,803,J001293,1
evaluation,804,J001745,1
evaluation,805,J002249,1
evaluation,806,J000066,1
evaluation,807,J002687,1
evaluation,808,J001223,1
evaluation,809,J001246,1
evaluation,810,J001937,1
evaluation,811,J002991,1
evaluation,812,J002903,1
evaluation,813,J002791,1
evaluation,814,J002413,1
evaluation,815,J001982,1
evaluation,816,J001638,1
evaluation,817,J002393,1
evaluation,818,J003079,1
evaluation,819,J000077,1
evaluation,820,J001191,1
evaluation,821,J002504,1
evaluation,822,J002925,1
evaluation,823,J001955,1
evaluation,824,J001504,1
evaluation,825,J001705,1
evaluation,826,J001627,1
evaluation,827,J002107,1
evaluation,828,J001393,1
evaluation,829,J002572,1
evaluation,830,J001425,1
evaluation,831,J002353,1
evaluation,832,J002625,1
evaluation,833,J001513,1
evaluation,834,J003026,1
evaluation,835,J002321,1
evaluation,836,J000218,1
evaluation,837,J000798,1
evaluation,838,J000860,1
evaluation,839,J000065,1
evaluation,840,J001528,1
evaluation,841,J002814,1
evaluation,842,J000625,1
evaluation,843,J000200,1
evaluation,844,J002579,1
evaluation,845,J000802,1
evaluation,846,J000972,1
evaluation,847,J002781,1
evaluation,848,J000390,1
evaluation,849,J001146,1
evaluation,850,J000180,1
evaluation,851,J001920,1
evaluation,852,J001815,1
evaluation,853,J000606,1
evaluation,854,J000193,1
evaluation,855,J000503,1
evaluation,856,J002351,1
evaluation,857,J002218,1
evaluation,858,J000285,1
evaluation,859,J001289,1
evaluation,860,J002408,1
evaluation,861,J000457,1
evaluation,862,J001365,1
evaluation,863,J000705,1
evaluation,864,J002658,1
evaluation,865,J001581,1
evaluation,866,J002347,1
evaluation,867,J001093,1
evaluation,868,J001696,1
evaluation,869,J002940,1
evaluation,870,J000957,1
evaluation,871,J001566,1
evaluation,872,J002949,1
evaluation,873,J000967,1
evaluation,874,J000691,1
evaluation,875,J000753,1
evaluation,876,J001137,1
evaluation,877,J001954,1
evaluation,878,J001472,1
evaluation,879,J000544,1
evaluation,880,J002707,1
evaluation,881,J002420,1
evaluation,882,J000647,1
evaluation,883,J000879,1
evaluation,884,J002894,1
evaluation,885,J000554,1
evaluation,886,J003080,1
evaluation,887,J003104,1
evaluation,888,J003123,1
evaluation,889,J001538,1
evaluation,890,J000871,1
evaluation,891,J001820,1
evaluation,892,J001333,1
evaluation,893,J001877,1
evaluation,894,J001796,1
evaluation,895,J000453,1
evaluation,896,J003073,1
evaluation,897,J000103,1
evaluation,898,J001449,1
evaluation,899,J000777,1
evaluation,900,J002930,1
evaluation,901,J001415,1
evaluation,902,J001753,1
evaluation,903,J001814,1
evaluation,904,J002660,1
evaluation,905,J000179,1
evaluation,906,J000413,1
evaluation,907,J000130,1
evaluation,908,J001680,1
evaluation,909,J001276,1
evaluation,910,J000535,1
evaluation,911,J001949,1
evaluation,912,J002548,1
evaluation,913,J000723,1
evaluation,914,J002046,1
evaluation,915,J001895,1
evaluation,916,J002035,1
evaluation,917,J002224,1
evaluation,918,J003098,1
evaluation,919,J001617,1
evaluation,920,J001649,1
evaluation,921,J002161,1
evaluation,922,J001128,1
evaluation,923,J001018,1
evaluation,924,J002277,1
evaluation,925,J002345,1
evaluation,926,J001052,1
evaluation,927,J002936,1
evaluation,928,J002986,1
evaluation,929,J002742,1
evaluation,930,J001090,1
evaluation,931,J001414,1
evaluation,932,J002835,1
evaluation,933,J002228,1
evaluation,934,J002163,1
evaluation,935,J002397,1
evaluation,936,J000791,1
evaluation,937,J001539,1
evaluation,938,J002641,1
evaluation,939,J000683,1
evaluation,940,J003119,1
evaluation,941,J003105,1
evaluation,942,J001730,1
evaluation,943,J000318,1
evaluation,944,J001250,1
evaluation,945,J002644,1
evaluation,946,J001717,1
evaluation,947,J000278,1
evaluation,948,J000009,1
evaluation,949,J001370,1
evaluation,950,J002888,1
evaluation,951,J001447,1
evaluation,952,J000294,1
evaluation,953,J000102,1
evaluation,954,J000115,1
evaluation,955,J000007,1
evaluation,956,J000259,1
evaluation,957,J002711,1
evaluation,958,J001747,1
evaluation,959,J002418,1
evaluation,960,J001494,1
evaluation,961,J001715,1
evaluation,962,J000317,1
evaluation,963,J001866,1
evaluation,964,J000631,1
evaluation,965,J001239,1
evaluation,966,J001905,1
evaluation,967,J000286,1
evaluation,968,J001536,1
evaluation,969,J002628,1
evaluation,970,J002435,1
evaluation,971,J000263,1
evaluation,972,J001339,1
evaluation,973,J001591,1
evaluation,974,J002416,1
evaluation,975,J002289,1
evaluation,976,J001371,1
evaluation,977,J000497,1
evaluation,978,J001710,1
evaluation,979,J000695,1
evaluation,980,J002547,1
evaluation,981,J002728,1
evaluation,982,J000298,1
evaluation,983,J001281,1
evaluation,984,J000281,1
evaluation,985,J000657,1
evaluation,986,J001888,1
evaluation,987,J000003,1
evaluation,988,J002802,1
evaluation,989,J000718,1
evaluation,990,J000087,1
evaluation,991,J002937,1
evaluation,992,J001534,1
evaluation,993,J000059,1
evaluation,994,J002718,1
evaluation,995,J002966,1
evaluation,996,J000562,1
evaluation,997,J002320,1
evaluation,998,J000736,1
evaluation,999,J000521,1
evaluation,1000,J000261,1
evaluation,1001,J001314,1
evaluation,1002,J001699,1
evaluation,1003,J002528,1
evaluation,1004,J002909,1
evaluation,1005,J003133,1
evaluation,1006,J000863,1
evaluation,1007,J002437,1
evaluation,1008,J002440,1
evaluation,1009,J003152,1
evaluation,1010,J000671,1
evaluation,1011,J000956,1
evaluation,1012,J002331,1
evaluation,1013,J001193,1
evaluation,1014,J002145,1
evaluation,1015,J001344,1
evaluation,1016,J001517,1
evaluation,1017,J002305,1
evaluation,1018,J003090,1
evaluation,1019,J002368,1
evaluation,1020,J001222,1
evaluation,1021,J001669,1
evaluation,1022,J002854,1
evaluation,1023,J001417,1
evaluation,1024,J002366,1
evaluation,1025,J001078,1
evaluation,1026,J000664,1
evaluation,1027,J000152,1
evaluation,1028,J000321,1
evaluation,1029,J003102,1
evaluation,1030,J000540,1
evaluation,1031,J000830,1
evaluation,1032,J002573,1
evaluation,1033,J000621,1
evaluation,1034,J002887,1
evaluation,1035,J001631,1
evaluation,1036,J001224,1
evaluation,1037,J001805,1
evaluation,1038,J002132,1
evaluation,1039,J001844,1
evaluation,1040,J000203,1
evaluation,1041,J002744,1
evaluation,1042,J001995,1
evaluation,1043,J002104,1
evaluation,1044,J001203,1
evaluation,1045,J002646,1
evaluation,1046,J000970,1
evaluation,1047,J001303,1
evaluation,1048,J000474,1
evaluation,1049,J000205,1
evaluation,1050,J002779,1
evaluation,1051,J001270,1
evaluation,1052,J001560,1
evaluation,1053,J000122,1
evaluation,1054,J001752,1
evaluation,1055,J000260,1
evaluation,1056,J001025,1
evaluation,1057,J002432,1
evaluation,1058,J002985,1
evaluation,1059,J000335,1
evaluation,1060,J001859,1
evaluation,1061,J002078,1
evaluation,1062,J002806,1
evaluation,1063,J000411,1
evaluation,1064,J002007,1
evaluation,1065,J000495,1
evaluation,1066,J002244,1
evaluation,1067,J001026,1
evaluation,1068,J002310,1
evaluation,1069,J001318,1
evaluation,1070,J000568,1
evaluation,1071,J003021,1
evaluation,1072,J002494,1
evaluation,1073,J002871,1
evaluation,1074,J001183,1
evaluation,1075,J003179,1
evaluation,1076,J002501,1
evaluation,1077,J000132,1
evaluation,1078,J001357,1
evaluation,1079,J001690,1
evaluation,1080,J002533,1
evaluation,1081,J000351,1
evaluation,1082,J001452,1
evaluation,1083,J001350,1
evaluation,1084,J000564,1
evaluation,1085,J003166,1
evaluation,1086,J000342,1
evaluation,1087,J001826,1
evaluation,1088,J001967,1
evaluation,1089,J000011,1
evaluation,1090,J000046,1
evaluation,1091,J000472,1
evaluation,1092,J002657,1
evaluation,1093,J002389,1
evaluation,1094,J000352,1
evaluation,1095,J001477,1
evaluation,1096,J002959,1
evaluation,1097,J000156,1
evaluation,1098,J000244,1
evaluation,1099,J003050,1
evaluation,1100,J002892,1
evaluation,1101,J001021,1
evaluation,1102,J000727,1
evaluation,1103,J000922,1
evaluation,1104,J001701,1
evaluation,1105,J001001,1
evaluation,1106,J001540,1
evaluation,1107,J001543,1
evaluation,1108,J002505,1
evaluation,1109,J001297,1
evaluation,1110,J001145,1
evaluation,1111,J002339,1
evaluation,1112,J000201,1
evaluation,1113,J002943,1
evaluation,1114,J002751,1
evaluation,1115,J003019,1
evaluation,1116,J000707,1
evaluation,1117,J002703,1
evaluation,1118,J001722,1
evaluation,1119,J001141,1
evaluation,1120,J001684,1
evaluation,1121,J001668,1
evaluation,1122,J003043,1
evaluation,1123,J000451,1
evaluation,1124,J001313,1
evaluation,1125,J002160,1
evaluation,1126,J002252,1
evaluation,1127,J002187,1
evaluation,1128,J002525,1
evaluation,1129,J001764,1
evaluation,1130,J003000,1
evaluation,1131,J000603,1
evaluation,1132,J002273,1
evaluation,1133,J002455,1
evaluation,1134,J002567,1
evaluation,1135,J001530,1
evaluation,1136,J000979,1
evaluation,1137,J002260,1
evaluation,1138,J001766,1
evaluation,1139,J001887,1
evaluation,1140,J001148,1
evaluation,1141,J002208,1
evaluation,1142,J002074,1
evaluation,1143,J002750,1
evaluation,1144,J000694,1
evaluation,1145,J001481,1
evaluation,1146,J001800,1
evaluation,1147,J000014,1
evaluation,1148,J001039,1
evaluation,1149,J002895,1
evaluation,1150,J000796,1
evaluation,1151,J000256,1
evaluation,1152,J002988,1
evaluation,1153,J002938,1
evaluation,1154,J002202,1
evaluation,1155,J002544,1
evaluation,1156,J000334,1
evaluation,1157,J003005,1
evaluation,1158,J001360,1
evaluation,1159,J002451,1
evaluation,1160,J002258,1
evaluation,1161,J001768,1
evaluation,1162,J002355,1
evaluation,1163,J000064,1
evaluation,1164,J001906,1
evaluation,1165,J001124,1
evaluation,1166,J000226,1
evaluation,1167,J001219,1
evaluation,1168,J001497,1
evaluation,1169,J002394,1
evaluation,1170,J002194,1
evaluation,1171,J001348,1
evaluation,1172,J000648,1
evaluation,1173,J000559,1
evaluation,1174,J001389,1
evaluation,1175,J002919,1
evaluation,1176,J000867,1
evaluation,1177,J002595,1
evaluation,1178,J002670,1
evaluation,1179,J000927,1
evaluation,1180,J002146,1
evaluation,1181,J003137,1
evaluation,1182,J001013,1
evaluation,1183,J002964,1
evaluation,1184,J000154,1
evaluation,1185,J002819,1
evaluation,1186,J000663,1
evaluation,1187,J002030,1
evaluation,1188,J001306,1
evaluation,1189,J003074,1
evaluation,1190,J001755,1
evaluation,1191,J000874,1
evaluation,1192,J002304,1
evaluation,1193,J000288,1
evaluation,1194,J003142,1
evaluation,1195,J002893,1
evaluation,1196,J002761,1
evaluation,1197,J001926,1
evaluation,1198,J000635,1
evaluation,1199,J000721,1
evaluation,1200,J001829,1
evaluation,1201,J001098,1
evaluation,1202,J000841,1
evaluation,1203,J000234,1
evaluation,1204,J001984,1
evaluation,1205,J002859,1
evaluation,1206,J001569,1
evaluation,1207,J001736,1
evaluation,1208,J000839,1
evaluation,1209,J001463,1
evaluation,1210,J001520,1
evaluation,1211,J001977,1
evaluation,1212,J002818,1
evaluation,1213,J002827,1
evaluation,1214,J000039,1
evaluation,1215,J001765,1
evaluation,1216,J001792,1
evaluation,1217,J000977,1
evaluation,1218,J001458,1
evaluation,1219,J002904,1
evaluation,1220,J002724,1
evaluation,1221,J002348,1
evaluation,1222,J001054,1
evaluation,1223,J002459,1
evaluation,1224,J001782,1
evaluation,1225,J000136,1
evaluation,1226,J002582,1
evaluation,1227,J002645,1
evaluation,1228,J001136,1
evaluation,1229,J000925,1
evaluation,1230,J002541,1
evaluation,1231,J001886,1
evaluation,1232,J002265,1
evaluation,1233,J002589,1
evaluation,1234,J002495,1
evaluation,1235,J000242,1
evaluation,1236,J000688,1
evaluation,1237,J000904,1
evaluation,1238,J000877,1
evaluation,1239,J000267,1
evaluation,1240,J000018,1
evaluation,1241,J000826,1
evaluation,1242,J002570,1
evaluation,1243,J002473,1
evaluation,1244,J001659,1
evaluation,1245,J002611,1
evaluation,1246,J001933,1
evaluation,1247,J000216,1
evaluation,1248,J001510,1
evaluation,1249,J002502,1
evaluation,1250,J002481,1
evaluation,1251,J000121,1
evaluation,1252,J002566,1
evaluation,1253,J002458,1
evaluation,1254,J000804,1
evaluation,1255,J000112,1
evaluation,1256,J000458,1
evaluation,1257,J003156,1
evaluation,1258,J003034,1
evaluation,1259,J001035,1
evaluation,1260,J000711,1
evaluation,1261,J000678,1
evaluation,1262,J002196,1
evaluation,1263,J000526,1
evaluation,1264,J000085,1
evaluation,1265,J001664,1
evaluation,1266,J001102,1
evaluation,1267,J002177,1
evaluation,1268,J002975,1
evaluation,1269,J001950,1
evaluation,1270,J000789,1
evaluation,1271,J002905,1
evaluation,1272,J000125,1
evaluation,1273,J002383,1
evaluation,1274,J003129,1
evaluation,1275,J002960,1
evaluation,1276,J000795,1
evaluation,1277,J001072,1
evaluation,1278,J000833,1
evaluation,1279,J000578,1
evaluation,1280,J001201,1
evaluation,1281,J001198,1
evaluation,1282,J001065,1
evaluation,1283,J001424,1
evaluation,1284,J000532,1
evaluation,1285,J003167,1
evaluation,1286,J001711,1
evaluation,1287,J000301,1
evaluation,1288,J000227,1
evaluation,1289,J003121,1
evaluation,1290,J002167,1
evaluation,1291,J003140,1
evaluation,1292,J002402,1
evaluation,1293,J002649,1
evaluation,1294,J002227,1
evaluation,1295,J001702,1
evaluation,1296,J002918,1
evaluation,1297,J003064,1
evaluation,1298,J000374,1
evaluation,1299,J001215,1
evaluation,1300,J002367,1
evaluation,1301,J002982,1
evaluation,1302,J002067,1
evaluation,1303,J000581,1
evaluation,1304,J001041,1
evaluation,1305,J002275,1
evaluation,1306,J001340,1
evaluation,1307,J000329,1
evaluation,1308,J002251,1
evaluation,1309,J000561,1
evaluation,1310,J002112,1
evaluation,1311,J001823,1
evaluation,1312,J001942,1
evaluation,1313,J003052,1
evaluation,1314,J002539,1
evaluation,1315,J002830,1
evaluation,1316,J002689,1
evaluation,1317,J001079,1
evaluation,1318,J000117,1
evaluation,1319,J001542,1
evaluation,1320,J002314,1
evaluation,1321,J001579,1
evaluation,1322,J003127,1
evaluation,1323,J000752,1
evaluation,1324,J003115,1
evaluation,1325,J002475,1
evaluation,1326,J000172,1
evaluation,1327,J003083,1
evaluation,1328,J000712,1
evaluation,1329,J002923,1
evaluation,1330,J000378,1
evaluation,1331,J002016,1
evaluation,1332,J001205,1
evaluation,1333,J000680,1
evaluation,1334,J000938,1
evaluation,1335,J002203,1
evaluation,1336,J002784,1
evaluation,1337,J000538,1
evaluation,1338,J000345,1
evaluation,1339,J000971,1
evaluation,1340,J001467,1
evaluation,1341,J000421,1
evaluation,1342,J000890,1
evaluation,1343,J000422,1
evaluation,1344,J003070,1
evaluation,1345,J001268,1
evaluation,1346,J000210,1
evaluation,1347,J001596,1
evaluation,1348,J001488,1
evaluation,1349,J000299,1
evaluation,1350,J002093,1
evaluation,1351,J002598,1
evaluation,1352,J000316,1
evaluation,1353,J002554,1
evaluation,1354,J002238,1
evaluation,1355,J001328,1
evaluation,1356,J000040,1
evaluation,1357,J001097,1
evaluation,1358,J000379,1
evaluation,1359,J002568,1
evaluation,1360,J001241,1
evaluation,1361,J001750,1
evaluation,1362,J002942,1
evaluation,1363,J002274,1
evaluation,1364,J000586,1
evaluation,1365,J001423,1
evaluation,1366,J000776,1
evaluation,1367,J000245,1
evaluation,1368,J002629,1
evaluation,1369,J001437,1
evaluation,1370,J000395,1
evaluation,1371,J000058,1
evaluation,1372,J000600,1
evaluation,1373,J001851,1
evaluation,1374,J000188,1
evaluation,1375,J002039,1
evaluation,1376,J000505,1
evaluation,1377,J000304,1
evaluation,1378,J002676,1
evaluation,1379,J001564,1
evaluation,1380,J000963,1
evaluation,1381,J000944,1
evaluation,1382,J002038,1
evaluation,1383,J001033,1
evaluation,1384,J002041,1
evaluation,1385,J000738,1
evaluation,1386,J001945,1
evaluation,1387,J003178,1
evaluation,1388,J001831,1
evaluation,1389,J001115,1
evaluation,1390,J001575,1
evaluation,1391,J000750,1
evaluation,1392,J001404,1
evaluation,1393,J000492,1
evaluation,1394,J001698,1
evaluation,1395,J001426,1
evaluation,1396,J001958,1
evaluation,1397,J002125,1
evaluation,1398,J002908,1
evaluation,1399,J001217,1
evaluation,1400,J003024,1
evaluation,1401,J001309,1
evaluation,1402,J001088,1
evaluation,1403,J002564,1
evaluation,1404,J002630,1
evaluation,1405,J000768,1
evaluation,1406,J000490,1
evaluation,1407,J002207,1
evaluation,1408,J001915,1
evaluation,1409,J001748,1
evaluation,1410,J000178,1
evaluation,1411,J001965,1
evaluation,1412,J002055,1
evaluation,1413,J001898,1
evaluation,1414,J002346,1
evaluation,1415,J000060,1
evaluation,1416,J002022,1
evaluation,1417,J001595,1
evaluation,1418,J001830,1
evaluation,1419,J002122,1
evaluation,1420,J002200,1
evaluation,1421,J002675,1
evaluation,1422,J000547,1
evaluation,1423,J000127,1
evaluation,1424,J000741,1
evaluation,1425,J001819,1
evaluation,1426,J002696,1
evaluation,1427,J001474,1
evaluation,1428,J001031,1
evaluation,1429,J000469,1
evaluation,1430,J001296,1
evaluation,1431,J000675,1
evaluation,1432,J002485,1
evaluation,1433,J000737,1
evaluation,1434,J001619,1
evaluation,1435,J000764,1
evaluation,1436,J001751,1
evaluation,1437,J002734,1
evaluation,1438,J000037,1
evaluation,1439,J001291,1
evaluation,1440,J001185,1
evaluation,1441,J001373,1
evaluation,1442,J001277,1
evaluation,1443,J000608,1
evaluation,1444,J002165,1
evaluation,1445,J000484,1
evaluation,1446,J003035,1
evaluation,1447,J002647,1
evaluation,1448,J000557,1
evaluation,1449,J000184,1
evaluation,1450,J002946,1
evaluation,1451,J000190,1
evaluation,1452,J001546,1
evaluation,1453,J000487,1
evaluation,1454,J000361,1
evaluation,1455,J002738,1
evaluation,1456,J000766,1
evaluation,1457,J002712,1
evaluation,1458,J001695,1
evaluation,1459,J001988,1
evaluation,1460,J002659,1
evaluation,1461,J002449,1
evaluation,1462,J002626,1
evaluation,1463,J001902,1
evaluation,1464,J001603,1
evaluation,1465,J001858,1
evaluation,1466,J002444,1
evaluation,1467,J001358,1
evaluation,1468,J001253,1
evaluation,1469,J003022,1
evaluation,1470,J003036,1
evaluation,1471,J001083,1
evaluation,1472,J002690,1
evaluation,1473,J000660,1
evaluation,1474,J000167,1
evaluation,1475,J002867,1
evaluation,1476,J000728,1
evaluation,1477,J001133,1
evaluation,1478,J003110,1
evaluation,1479,J003145,1
evaluation,1480,J000144,1
evaluation,1481,J003007,1
evaluation,1482,J001286,1
evaluation,1483,J003171,1
evaluation,1484,J002759,1
evaluation,1485,J002558,1
evaluation,1486,J000861,1
evaluation,1487,J000441,1
evaluation,1488,J000717,1
evaluation,1489,J002091,1
evaluation,1490,J000001,1
evaluation,1491,J001693,1
evaluation,1492,J000397,1
evaluation,1493,J001443,1
evaluation,1494,J000134,1
evaluation,1495,J000926,1
evaluation,1496,J000254,1
evaluation,1497,J001159,1
evaluation,1498,J000338,1
evaluation,1499,J001380,1
evaluation,1500,J001301,1
evaluation,1501,J000142,1
evaluation,1502,J002604,1
evaluation,1503,J002842,1
evaluation,1504,J002500,1
evaluation,1505,J000446,1
evaluation,1506,J001324,1
evaluation,1507,J000406,1
evaluation,1508,J000756,1
evaluation,1509,J000613,1
evaluation,1510,J002800,1
evaluation,1511,J001726,1
evaluation,1512,J000247,1
evaluation,1513,J001288,1
evaluation,1514,J002299,1
evaluation,1515,J002480,1
evaluation,1516,J001015,1
evaluation,1517,J001922,1
evaluation,1518,J002915,1
evaluation,1519,J001486,1
evaluation,1520,J001846,1
evaluation,1521,J001225,1
evaluation,1522,J001228,1
evaluation,1523,J002841,1
evaluation,1524,J000895,1
evaluation,1525,J000280,1
evaluation,1526,J001516,1
evaluation,1527,J002663,1
evaluation,1528,J000253,1
evaluation,1529,J003109,1
evaluation,1530,J000763,1
evaluation,1531,J000034,1
evaluation,1532,J000670,1
evaluation,1533,J002616,1
evaluation,1534,J001570,1
evaluation,1535,J003130,1
evaluation,1536,J002442,1
evaluation,1537,J002015,1
evaluation,1538,J002797,1
evaluation,1539,J000030,1
evaluation,1540,J002037,1
evaluation,1541,J001882,1
evaluation,1542,J000848,1
evaluation,1543,J002506,1
evaluation,1544,J002336,1
evaluation,1545,J002786,1
evaluation,1546,J002259,1
evaluation,1547,J000471,1
evaluation,1548,J001480,1
evaluation,1549,J000528,1
evaluation,1550,J002828,1
evaluation,1551,J002427,1
evaluation,1552,J002695,1
evaluation,1553,J001194,1
evaluation,1554,J000084,1
evaluation,1555,J002376,1
evaluation,1556,J000580,1
evaluation,1557,J002401,1
evaluation,1558,J001234,1
evaluation,1559,J002164,1
evaluation,1560,J000035,1
evaluation,1561,J001552,1
evaluation,1562,J001468,1
evaluation,1563,J000803,1
evaluation,1564,J002013,1
evaluation,1565,J003131,1
evaluation,1566,J000483,1
evaluation,1567,J002681,1
evaluation,1568,J001385,1
evaluation,1569,J000673,1
evaluation,1570,J000822,1
evaluation,1571,J000456,1
evaluation,1572,J001321,1
evaluation,1573,J000676,1
evaluation,1574,J002861,1
evaluation,1575,J000733,1
evaluation,1576,J002752,1
evaluation,1577,J000506,1
evaluation,1578,J000905,1
evaluation,1579,J002883,1
evaluation,1580,J000493,1
evaluation,1581,J001763,1
evaluation,1582,J000359,1
evaluation,1583,J002532,1
evaluation,1584,J002317,1
evaluation,1585,J001433,1
evaluation,1586,J000835,1
evaluation,1587,J000425,1
evaluation,1588,J002530,1
evaluation,1589,J001676,1
evaluation,1590,J001077,1
evaluation,1591,J003045,1
evaluation,1592,J001100,1
evaluation,1593,J001673,1
evaluation,1594,J002212,1
evaluation,1595,J001712,1
evaluation,1596,J001996,1
evaluation,1597,J001057,1
evaluation,1598,J001637,1
evaluation,1599,J000998,1
evaluation,1600,J002778,1
evaluation,1601,J002881,1
evaluation,1602,J001601,1
evaluation,1603,J000307,1
evaluation,1604,J002453,1
evaluation,1605,J003155,1
evaluation,1606,J000092,1
evaluation,1607,J001972,1
evaluation,1608,J000363,1
evaluation,1609,J001602,1
evaluation,1610,J000952,1
evaluation,1611,J002756,1
evaluation,1612,J001678,1
evaluation,1613,J001019,1
evaluation,1614,J002535,1
evaluation,1615,J001760,1
evaluation,1616,J002551,1
evaluation,1617,J002916,1
evaluation,1618,J001841,1
evaluation,1619,J000619,1
evaluation,1620,J000265,1
evaluation,1621,J000984,1
evaluation,1622,J000749,1
evaluation,1623,J002727,1
evaluation,1624,J002822,1
evaluation,1625,J000585,1
evaluation,1626,J000435,1
evaluation,1627,J001759,1
evaluation,1628,J001122,1
evaluation,1629,J001062,1
evaluation,1630,J002602,1
evaluation,1631,J000148,1
evaluation,1632,J000681,1
evaluation,1633,J000792,1
evaluation,1634,J000187,1
evaluation,1635,J001438,1
evaluation,1636,J000013,1
evaluation,1637,J000918,1
evaluation,1638,J000844,1
evaluation,1639,J001308,1
evaluation,1640,J000133,1
evaluation,1641,J001172,1
evaluation,1642,J002237,1
evaluation,1643,J002205,1
evaluation,1644,J000415,1
evaluation,1645,J001255,1
evaluation,1646,J000079,1
evaluation,1647,J003162,1
evaluation,1648,J002562,1
evaluation,1649,J001574,1
evaluation,1650,J001369,1
evaluation,1651,J002098,1
evaluation,1652,J000067,1
evaluation,1653,J001959,1
evaluation,1654,J000163,1
evaluation,1655,J001042,1
evaluation,1656,J002661,1
evaluation,1657,J002538,1
evaluation,1658,J003116,1
evaluation,1659,J000327,1
evaluation,1660,J001803,1
evaluation,1661,J000315,1
evaluation,1662,J001790,1
evaluation,1663,J000157,1
evaluation,1664,J001781,1
evaluation,1665,J001889,1
evaluation,1666,J002862,1
evaluation,1667,J002608,1
evaluation,1668,J000151,1
evaluation,1669,J003029,1
evaluation,1670,J002962,1
evaluation,1671,J002613,1
evaluation,1672,J001694,1
evaluation,1673,J000607,1
evaluation,1674,J000838,1
evaluation,1675,J000943,1
evaluation,1676,J002636,1
evaluation,1677,J002518,1
evaluation,1678,J000095,1
evaluation,1679,J002882,1
evaluation,1680,J002527,1
evaluation,1681,J000375,1
evaluation,1682,J003001,1
evaluation,1683,J001347,1
evaluation,1684,J001266,1
evaluation,1685,J002801,1
evaluation,1686,J001562,1
evaluation,1687,J001030,1
evaluation,1688,J001557,1
evaluation,1689,J000658,1
evaluation,1690,J001112,1
evaluation,1691,J003038,1
evaluation,1692,J002939,1
evaluation,1693,J000748,1
evaluation,1694,J001005,1
evaluation,1695,J001671,1
evaluation,1696,J001111,1
evaluation,1697,J000322,1
evaluation,1698,J002884,1
evaluation,1699,J001608,1
evaluation,1700,J002354,1
evaluation,1701,J003014,1
evaluation,1702,J001044,1
evaluation,1703,J000640,1
evaluation,1704,J001621,1
evaluation,1705,J000249,1
evaluation,1706,J001880,1
evaluation,1707,J001048,1
evaluation,1708,J002282,1
evaluation,1709,J000876,1
evaluation,1710,J000246,1
evaluation,1711,J002957,1
evaluation,1712,J000958,1
evaluation,1713,J000099,1
evaluation,1714,J002672,1
evaluation,1715,J001588,1
evaluation,1716,J000051,1
evaluation,1717,J001262,1
evaluation,1718,J002914,1
evaluation,1719,J001121,1
evaluation,1720,J000709,1
evaluation,1721,J002365,1
evaluation,1722,J000743,1
evaluation,1723,J001469,1
evaluation,1724,J003013,1
evaluation,1725,J002635,1
evaluation,1726,J000814,1
evaluation,1727,J002174,1
evaluation,1728,J002357,1
evaluation,1729,J000880,1
evaluation,1730,J003003,1
evaluation,1731,J002907,1
evaluation,1732,J002468,1
evaluation,1733,J001585,1
evaluation,1734,J000889,1
evaluation,1735,J002509,1
evaluation,1736,J003094,1
evaluation,1737,J001319,1
evaluation,1738,J001776,1
evaluation,1739,J001386,1
evaluation,1740,J001964,1
evaluation,1741,J000191,1
evaluation,1742,J002428,1
evaluation,1743,J002921,1
evaluation,1744,J000477,1
evaluation,1745,J001825,1
evaluation,1746,J000624,1
evaluation,1747,J000747,1
evaluation,1748,J001968,1
evaluation,1749,J001189,1
evaluation,1750,J001822,1
evaluation,1751,J000901,1
evaluation,1752,J000056,1
evaluation,1753,J001756,1
evaluation,1754,J001663,1
evaluation,1755,J000642,1
evaluation,1756,J002935,1
evaluation,1757,J002429,1
evaluation,1758,J000464,1
evaluation,1759,J003086,1
evaluation,1760,J001236,1
evaluation,1761,J000105,1
evaluation,1762,J003147,1
evaluation,1763,J002099,1
evaluation,1764,J002580,1
evaluation,1765,J001709,1
evaluation,1766,J001366,1
evaluation,1767,J001312,1
evaluation,1768,J002531,1
evaluation,1769,J001547,1
evaluation,1770,J000368,1
evaluation,1771,J001375,1
evaluation,1772,J001008,1
evaluation,1773,J001908,1
evaluation,1774,J002810,1
evaluation,1775,J001681,1
evaluation,1776,J001865,1
evaluation,1777,J003061,1
evaluation,1778,J002311,1
evaluation,1779,J000989,1
evaluation,1780,J000159,1
evaluation,1781,J002665,1
evaluation,1782,J000754,1
evaluation,1783,J003148,1
evaluation,1784,J002014,1
evaluation,1785,J000988,1
evaluation,1786,J002489,1
evaluation,1787,J001947,1
evaluation,1788,J002472,1
evaluation,1789,J000720,1
evaluation,1790,J002474,1
evaluation,1791,J001524,1
evaluation,1792,J002043,1
evaluation,1793,J002324,1
evaluation,1794,J000094,1
evaluation,1795,J002851,1
evaluation,1796,J002774,1
evaluation,1797,J000556,1
evaluation,1798,J001071,1
evaluation,1799,J000639,1
evaluation,1800,J002805,1
evaluation,1801,J002068,1
evaluation,1802,J001295,1
evaluation,1803,J002585,1
evaluation,1804,J002286,1
evaluation,1805,J003158,1
evaluation,1806,J001331,1
evaluation,1807,J001852,1
evaluation,1808,J000333,1
evaluation,1809,J000929,1
evaluation,1810,J003138,1
evaluation,1811,J000817,1
evaluation,1812,J001038,1
evaluation,1813,J000699,1
evaluation,1814,J003088,1
evaluation,1815,J000834,1
evaluation,1816,J003078,1
evaluation,1817,J002003,1
evaluation,1818,J002662,1
evaluation,1819,J001586,1
evaluation,1820,J000541,1
evaluation,1821,J000389,1
evaluation,1822,J000611,1
evaluation,1823,J001834,1
evaluation,1824,J003032,1
evaluation,1825,J000029,1
evaluation,1826,J000401,1
evaluation,1827,J001821,1
evaluation,1828,J002944,1
evaluation,1829,J002877,1
evaluation,1830,J001397,1
evaluation,1831,J000735,1
evaluation,1832,J002743,1
evaluation,1833,J002298,1
evaluation,1834,J001265,1
evaluation,1835,J002967,1
evaluation,1836,J001914,1
evaluation,1837,J002577,1
evaluation,1838,J001890,1
evaluation,1839,J001364,1
evaluation,1840,J003002,1
evaluation,1841,J002166,1
evaluation,1842,J001833,1
evaluation,1843,J000742,1
evaluation,1844,J001856,1
evaluation,1845,J001056,1
evaluation,1846,J002588,1
evaluation,1847,J002709,1
evaluation,1848,J002934,1
evaluation,1849,J000787,1
evaluation,1850,J001478,1
evaluation,1851,J000273,1
evaluation,1852,J003099,1
evaluation,1853,J000779,1
evaluation,1854,J000332,1
evaluation,1855,J000997,1
evaluation,1856,J000427,1
evaluation,1857,J002412,1
evaluation,1858,J000570,1
evaluation,1859,J003018,1
evaluation,1860,J000166,1
evaluation,1861,J002349,1
evaluation,1862,J001076,1
evaluation,1863,J001101,1
evaluation,1864,J002461,1
evaluation,1865,J002234,1
evaluation,1866,J002832,1
evaluation,1867,J000409,1
evaluation,1868,J001298,1
evaluation,1869,J002280,1
evaluation,1870,J000643,1
evaluation,1871,J002031,1
evaluation,1872,J001686,1
evaluation,1873,J001778,1
evaluation,1874,J002118,1
evaluation,1875,J000038,1
evaluation,1876,J001012,1
evaluation,1877,J002640,1
evaluation,1878,J002073,1
evaluation,1879,J002740,1
evaluation,1880,J001237,1
evaluation,1881,J002096,1
evaluation,1882,J000534,1
evaluation,1883,J001654,1
evaluation,1884,J001431,1
evaluation,1885,J002845,1
evaluation,1886,J000539,1
evaluation,1887,J003107,1
evaluation,1888,J001962,1
evaluation,1889,J000866,1
evaluation,1890,J000599,1
evaluation,1891,J001267,1
evaluation,1892,J000257,1
evaluation,1893,J000628,1
evaluation,1894,J000609,1
evaluation,1895,J001080,1
evaluation,1896,J000192,1
evaluation,1897,J001850,1
evaluation,1898,J002158,1
evaluation,1899,J000220,1
evaluation,1900,J001797,1
evaluation,1901,J000177,1
evaluation,1902,J003065,1
evaluation,1903,J001929,1
evaluation,1904,J002087,1
evaluation,1905,J003136,1
evaluation,1906,J000788,1
evaluation,1907,J001430,1
evaluation,1908,J000452,1
evaluation,1909,J001067,1
evaluation,1910,J001143,1
evaluation,1911,J001691,1
evaluation,1912,J001199,1
evaluation,1913,J001529,1
evaluation,1914,J003031,1
evaluation,1915,J002902,1
evaluation,1916,J001169,1
evaluation,1917,J000630,1
evaluation,1918,J000252,1
evaluation,1919,J000063,1
evaluation,1920,J001081,1
evaluation,1921,J002605,1
evaluation,1922,J000510,1
evaluation,1923,J001738,1
evaluation,1924,J000082,1
evaluation,1925,J001648,1
evaluation,1926,J000054,1
evaluation,1927,J000323,1
evaluation,1928,J002699,1
evaluation,1929,J002479,1
evaluation,1930,J000994,1
evaluation,1931,J000823,1
evaluation,1932,J001024,1
evaluation,1933,J001607,1
evaluation,1934,J003128,1
evaluation,1935,J000653,1
evaluation,1936,J001719,1
evaluation,1937,J002864,1
evaluation,1938,J002768,1
evaluation,1939,J002788,1
evaluation,1940,J001007,1
evaluation,1941,J001923,1
evaluation,1942,J000980,1
evaluation,1943,J000828,1
evaluation,1944,J001436,1
evaluation,1945,J000773,1
evaluation,1946,J000884,1
evaluation,1947,J002221,1
evaluation,1948,J002998,1
evaluation,1949,J002650,1
evaluation,1950,J002552,1
evaluation,1951,J002268,1
evaluation,1952,J001359,1
evaluation,1953,J001114,1
evaluation,1954,J002210,1
evaluation,1955,J000818,1
evaluation,1956,J000236,1
evaluation,1957,J002170,1
evaluation,1958,J000582,1
evaluation,1959,J002255,1
evaluation,1960,J000438,1
evaluation,1961,J001249,1
evaluation,1962,J001802,1
evaluation,1963,J002329,1
evaluation,1964,J001495,1
evaluation,1965,J000297,1
evaluation,1966,J002384,1
evaluation,1967,J001085,1
evaluation,1968,J001195,1
evaluation,1969,J001119,1
evaluation,1970,J001622,1
evaluation,1971,J000104,1
evaluation,1972,J001356,1
evaluation,1973,J001633,1
evaluation,1974,J002520,1
evaluation,1975,J002084,1
evaluation,1976,J002561,1
evaluation,1977,J002313,1
evaluation,1978,J001432,1
evaluation,1979,J002155,1
evaluation,1980,J002287,1
evaluation,1981,J000629,1
evaluation,1982,J000028,1
evaluation,1983,J003069,1
evaluation,1984,J000689,1
evaluation,1985,J000164,1
evaluation,1986,J002704,1
evaluation,1987,J002497,1
evaluation,1988,J002306,1
evaluation,1989,J000846,1
evaluation,1990,J001275,1
evaluation,1991,J001567,1
evaluation,1992,J002378,1
evaluation,1993,J001985,1
evaluation,1994,J002965,1
evaluation,1995,J000726,1
evaluation,1996,J002583,1
evaluation,1997,J002012,1
evaluation,1998,J000348,1
evaluation,1999,J002100,1
evaluation,2000,J002056,1
evaluation,2001,J000845,1
evaluation,2002,J000782,1
evaluation,2003,J000964,1
evaluation,2004,J001604,1
evaluation,2005,J000772,1
evaluation,2006,J001561,1
evaluation,2007,J002978,1
evaluation,2008,J001334,1
evaluation,2009,J002114,1
evaluation,2010,J000908,1
evaluation,2011,J001131,1
evaluation,2012,J002717,1
evaluation,2013,J001903,1
evaluation,2014,J003172,1
evaluation,2015,J000369,1
evaluation,2016,J002040,1
evaluation,2017,J001139,1
evaluation,2018,J000433,1
evaluation,2019,J001593,1
evaluation,2020,J000468,1
evaluation,2021,J001311,1
evaluation,2022,J001624,1
evaluation,2023,J000364,1
evaluation,2024,J000383,1
evaluation,2025,J000418,1
evaluation,2026,J001485,1
evaluation,2027,J003081,1
evaluation,2028,J000897,1
evaluation,2029,J002199,1
evaluation,2030,J000916,1
evaluation,2031,J002372,1
evaluation,2032,J002075,1
evaluation,2033,J001173,1
evaluation,2034,J002639,1
evaluation,2035,J001175,1
evaluation,2036,J002911,1
evaluation,2037,J002337,1
evaluation,2038,J000377,1
evaluation,2039,J001260,1
evaluation,2040,J002627,1
evaluation,2041,J002143,1
evaluation,2042,J001006,1
evaluation,2043,J001580,1
evaluation,2044,J000983,1
evaluation,2045,J000687,1
evaluation,2046,J000887,1
evaluation,2047,J001665,1
evaluation,2048,J001073,1
evaluation,2049,J001779,1
evaluation,2050,J001020,1
evaluation,2051,J001582,1
evaluation,2052,J000859,1
evaluation,2053,J002716,1
evaluation,2054,J001127,1
evaluation,2055,J000232,1
evaluation,2056,J000196,1
evaluation,2057,J002303,1
evaluation,2058,J000417,1
evaluation,2059,J001235,1
evaluation,2060,J002847,1
evaluation,2061,J000665,1
evaluation,2062,J001428,1
evaluation,2063,J000044,1
evaluation,2064,J000384,1
evaluation,2065,J001387,1
evaluation,2066,J001213,1
evaluation,2067,J002243,1
evaluation,2068,J001231,1
evaluation,2069,J000508,1
evaluation,2070,J000533,1
evaluation,2071,J001182,1
evaluation,2072,J000110,1
evaluation,2073,J001976,1
evaluation,2074,J002773,1
evaluation,2075,J001960,1
evaluation,2076,J001455,1
evaluation,2077,J002852,1
evaluation,2078,J000900,1
evaluation,2079,J000098,1
evaluation,2080,J000116,1
evaluation,2081,J000096,1
evaluation,2082,J003135,1
evaluation,2083,J000732,1
evaluation,2084,J002086,1
evaluation,2085,J002138,1
evaluation,2086,J001545,1
evaluation,2087,J001812,1
evaluation,2088,J000412,1
evaluation,2089,J000536,1
evaluation,2090,J002849,1
evaluation,2091,J002546,1
evaluation,2092,J000071,1
evaluation,2093,J001209,1
evaluation,2094,J001153,1
evaluation,2095,J001489,1
evaluation,2096,J002130,1
evaluation,2097,J001391,1
evaluation,2098,J000686,1
evaluation,2099,J000638,1
evaluation,2100,J003030,1
evaluation,2101,J002083,1
evaluation,2102,J002191,1
evaluation,2103,J001247,1
evaluation,2104,J001838,1
evaluation,2105,J002785,1
evaluation,2106,J001734,1
evaluation,2107,J001732,1
evaluation,2108,J002956,1
evaluation,2109,J000113,1
evaluation,2110,J001639,1
evaluation,2111,J000049,1
evaluation,2112,J000100,1
evaluation,2113,J000551,1
evaluation,2114,J001144,1
evaluation,2115,J000437,1
evaluation,2116,J000107,1
evaluation,2117,J001186,1
evaluation,2118,J001980,1
evaluation,2119,J003096,1
evaluation,2120,J002042,1
evaluation,2121,J002606,1
evaluation,2122,J000170,1
evaluation,2123,J001345,1
evaluation,2124,J002499,1
evaluation,2125,J000965,1
evaluation,2126,J000832,1
evaluation,2127,J001016,1
evaluation,2128,J003017,1
evaluation,2129,J002491,1
evaluation,2130,J001523,1
evaluation,2131,J002543,1
evaluation,2132,J001706,1
evaluation,2133,J001924,1
evaluation,2134,J002233,1
evaluation,2135,J000366,1
evaluation,2136,J001264,1
evaluation,2137,J000404,1
evaluation,2138,J000258,1
evaluation,2139,J001974,1
evaluation,2140,J002253,1
evaluation,2141,J002460,1
evaluation,2142,J002417,1
evaluation,2143,J000414,1
evaluation,2144,J000020,1
evaluation,2145,J000862,1
evaluation,2146,J001533,1
evaluation,2147,J001368,1
evaluation,2148,J000669,1
evaluation,2149,J002006,1
evaluation,2150,J000061,1
evaluation,2151,J001457,1
evaluation,2152,J000571,1
evaluation,2153,J002269,1
evaluation,2154,J002089,1
evaluation,2155,J001106,1
evaluation,2156,J002239,1
evaluation,2157,J002765,1
evaluation,2158,J000480,1
evaluation,2159,J002136,1
evaluation,2160,J002000,1
evaluation,2161,J002621,1
evaluation,2162,J000033,1
evaluation,2163,J002242,1
evaluation,2164,J001614,1
evaluation,2165,J002392,1
evaluation,2166,J001978,1
evaluation,2167,J000674,1
evaluation,2168,J002162,1
evaluation,2169,J002172,1
evaluation,2170,J001069,1
evaluation,2171,J001138,1
evaluation,2172,J001165,1
evaluation,2173,J000209,1
evaluation,2174,J001644,1
evaluation,2175,J002683,1
evaluation,2176,J002363,1
evaluation,2177,J000146,1
evaluation,2178,J001990,1
evaluation,2179,J000577,1
evaluation,2180,J000268,1
evaluation,2181,J001326,1
evaluation,2182,J001117,1
evaluation,2183,J002974,1
evaluation,2184,J002414,1
evaluation,2185,J001655,1
evaluation,2186,J001484,1
evaluation,2187,J001577,1
evaluation,2188,J002230,1
evaluation,2189,J002920,1
evaluation,2190,J001703,1
evaluation,2191,J002446,1
evaluation,2192,J000933,1
evaluation,2193,J001896,1
evaluation,2194,J001327,1
evaluation,2195,J000277,1
evaluation,2196,J002377,1
evaluation,2197,J000793,1
evaluation,2198,J001939,1
evaluation,2199,J001411,1
evaluation,2200,J002149,1
evaluation,2201,J000836,1
evaluation,2202,J002691,1
evaluation,2203,J001454,1
evaluation,2204,J001049,1
evaluation,2205,J002010,1
evaluation,2206,J003093,1
evaluation,2207,J001427,1
evaluation,2208,J002517,1
evaluation,2209,J001126,1
evaluation,2210,J002587,1
evaluation,2211,J001392,1
evaluation,2212,J002256,1
evaluation,2213,J002513,1
evaluation,2214,J000089,1
evaluation,2215,J000068,1
evaluation,2216,J001554,1
evaluation,2217,J001479,1
evaluation,2218,J000048,1
evaluation,2219,J002076,1
evaluation,2220,J001636,1
evaluation,2221,J000250,1
evaluation,2222,J000911,1
evaluation,2223,J001817,1
evaluation,2224,J001290,1
evaluation,2225,J002201,1
evaluation,2226,J001307,1
evaluation,2227,J002866,1
evaluation,2228,J001473,1
evaluation,2229,J002571,1
evaluation,2230,J000138,1
evaluation,2231,J002600,1
evaluation,2232,J000025,1
evaluation,2233,J002787,1
evaluation,2234,J002698,1
evaluation,2235,J002954,1
evaluation,2236,J003173,1
evaluation,2237,J000807,1
evaluation,2238,J000949,1
evaluation,2239,J000211,1
evaluation,2240,J000594,1
evaluation,2241,J000313,1
evaluation,2242,J003159,1
evaluation,2243,J001583,1
evaluation,2244,J001240,1
evaluation,2245,J002912,1
evaluation,2246,J001196,1
evaluation,2247,J002898,1
evaluation,2248,J002103,1
evaluation,2249,J002062,1
evaluation,2250,J001075,1
evaluation,2251,J001592,1
evaluation,2252,J001461,1
evaluation,2253,J002448,1
evaluation,2254,J000010,1
evaluation,2255,J001762,1
evaluation,2256,J000616,1
evaluation,2257,J002592,1
evaluation,2258,J002036,1
evaluation,2259,J000440,1
evaluation,2260,J000149,1
evaluation,2261,J003085,1
evaluation,2262,J001746,1
evaluation,2263,J001514,1
evaluation,2264,J001618,1
evaluation,2265,J003016,1
evaluation,2266,J000545,1
evaluation,2267,J002996,1
evaluation,2268,J002478,1
evaluation,2269,J000123,1
evaluation,2270,J000214,1
evaluation,2271,J001343,1
evaluation,2272,J001626,1
evaluation,2273,J001672,1
evaluation,2274,J002001,1
evaluation,2275,J001349,1
evaluation,2276,J000637,1
evaluation,2277,J002396,1
evaluation,2278,J003058,1
evaluation,2279,J001170,1
evaluation,2280,J002961,1
evaluation,2281,J001419,1
evaluation,2282,J000921,1
evaluation,2283,J000370,1
evaluation,2284,J000785,1
evaluation,2285,J000604,1
evaluation,2286,J001420,1
evaluation,2287,J000923,1
evaluation,2288,J002108,1
evaluation,2289,J001158,1
evaluation,2290,J001028,1
evaluation,2291,J000498,1
evaluation,2292,J000135,1
evaluation,2293,J001666,1
evaluation,2294,J002279,1
evaluation,2295,J002816,1
evaluation,2296,J000959,1
evaluation,2297,J000690,1
evaluation,2298,J002106,1
evaluation,2299,J000659,1
evaluation,2300,J000552,1
evaluation,2301,J000002,1
evaluation,2302,J002382,1
evaluation,2303,J001784,1
evaluation,2304,J000810,1
evaluation,2305,J000820,1
evaluation,2306,J000224,1
evaluation,2307,J001573,1
evaluation,2308,J002380,1
evaluation,2309,J002796,1
evaluation,2310,J002021,1
evaluation,2311,J001948,1
evaluation,2312,J002766,1
evaluation,2313,J000555,1
evaluation,2314,J000995,1
evaluation,2315,J001999,1
evaluation,2316,J000182,1
evaluation,2317,J002913,1
evaluation,2318,J001728,1
evaluation,2319,J001931,1
evaluation,2320,J000199,1
evaluation,2321,J000174,1
evaluation,2322,J001798,1
evaluation,2323,J000410,1
evaluation,2324,J000447,1
evaluation,2325,J002117,1
evaluation,2326,J000781,1
evaluation,2327,J002590,1
evaluation,2328,J001795,1
evaluation,2329,J001059,1
evaluation,2330,J002185,1
evaluation,2331,J002735,1
evaluation,2332,J002308,1
evaluation,2333,J000282,1
evaluation,2334,J001174,1
evaluation,2335,J000017,1
evaluation,2336,J000074,1
evaluation,2337,J000661,1
evaluation,2338,J001400,1
evaluation,2339,J000531,1
evaluation,2340,J001285,1
evaluation,2341,J000387,1
evaluation,2342,J000662,1
evaluation,2343,J000255,1
evaluation,2344,J001047,1
evaluation,2345,J000525,1
evaluation,2346,J002929,1
evaluation,2347,J000700,1
evaluation,2348,J001147,1
evaluation,2349,J000129,1
evaluation,2350,J001953,1
evaluation,2351,J000942,1
evaluation,2352,J001900,1
evaluation,2353,J001743,1
evaluation,2354,J002990,1
evaluation,2355,J002970,1
evaluation,2356,J000320,1
evaluation,2357,J001229,1
evaluation,2358,J000467,1
evaluation,2359,J001840,1
evaluation,2360,J001283,1
evaluation,2361,J001884,1
evaluation,2362,J002109,1
evaluation,2363,J001192,1
evaluation,2364,J000769,1
evaluation,2365,J000583,1
evaluation,2366,J001913,1
evaluation,2367,J000666,1
evaluation,2368,J000598,1
evaluation,2369,J002263,1
evaluation,2370,J000302,1
evaluation,2371,J001934,1
evaluation,2372,J000797,1
evaluation,2373,J000999,1
evaluation,2374,J000189,1
evaluation,2375,J002955,1
evaluation,2376,J002813,1
evaluation,2377,J000549,1
evaluation,2378,J000857,1
evaluation,2379,J002721,1
evaluation,2380,J002140,1
evaluation,2381,J000668,1
evaluation,2382,J000704,1
evaluation,2383,J002557,1
evaluation,2384,J002082,1
evaluation,2385,J000627,1
evaluation,2386,J002034,1
evaluation,2387,J000715,1
evaluation,2388,J002666,1
evaluation,2389,J001226,1
evaluation,2390,J001919,1
evaluation,2391,J000314,1
evaluation,2392,J000881,1
evaluation,2393,J000990,1
evaluation,2394,J001374,1
evaluation,2395,J003174,1
evaluation,2396,J001011,1
evaluation,2397,J002419,1
evaluation,2398,J000758,1
evaluation,2399,J003012,1
evaluation,2400,J002438,1
evaluation,2401,J001402,1
evaluation,2402,J002846,1
evaluation,2403,J001435,1
evaluation,2404,J000566,1
evaluation,2405,J002220,1
evaluation,2406,J002139,1
evaluation,2407,J002309,1
evaluation,2408,J001653,1
evaluation,2409,J000962,1
evaluation,2410,J000086,1
evaluation,2411,J002714,1
evaluation,2412,J001757,1
evaluation,2413,J000076,1
evaluation,2414,J000222,1
evaluation,2415,J002005,1
evaluation,2416,J001045,1
evaluation,2417,J003008,1
evaluation,2418,J002972,1
evaluation,2419,J000043,1
evaluation,2420,J001036,1
evaluation,2421,J001550,1
evaluation,2422,J000005,1
evaluation,2423,J002763,1
evaluation,2424,J002969,1
evaluation,2425,J000975,1
evaluation,2426,J002614,1
evaluation,2427,J000892,1
evaluation,2428,J001623,1
evaluation,2429,J001230,1
evaluation,2430,J000993,1
evaluation,2431,J001299,1
evaluation,2432,J002181,1
evaluation,2433,J000272,1
evaluation,2434,J002415,1
evaluation,2435,J001511,1
evaluation,2436,J002642,1
evaluation,2437,J002134,1
evaluation,2438,J001337,1
evaluation,2439,J002463,1
evaluation,2440,J001261,1
evaluation,2441,J002189,1
evaluation,2442,J000050,1
evaluation,2443,J002820,1
evaluation,2444,J002261,1
evaluation,2445,J001731,1
evaluation,2446,J002406,1
evaluation,2447,J001897,1
evaluation,2448,J002526,1
evaluation,2449,J002790,1
evaluation,2450,J000632,1
evaluation,2451,J002423,1
evaluation,2452,J000036,1
evaluation,2453,J002869,1
evaluation,2454,J002045,1
evaluation,2455,J002283,1
evaluation,2456,J002071,1
evaluation,2457,J001251,1
evaluation,2458,J001416,1
evaluation,2459,J001725,1
evaluation,2460,J000573,1
evaluation,2461,J002780,1
evaluation,2462,J001835,1
evaluation,2463,J001395,1
evaluation,2464,J001446,1
evaluation,2465,J000992,1
evaluation,2466,J001740,1
evaluation,2467,J000520,1
evaluation,2468,J002651,1
evaluation,2469,J000731,1
evaluation,2470,J001824,1
evaluation,2471,J000679,1
evaluation,2472,J001635,1
evaluation,2473,J002097,1
evaluation,2474,J003039,1
evaluation,2475,J002465,1
evaluation,2476,J001670,1
evaluation,2477,J001272,1
evaluation,2478,J002198,1
evaluation,2479,J000162,1
evaluation,2480,J000168,1
evaluation,2481,J001214,1
evaluation,2482,J003011,1
evaluation,2483,J000693,1
evaluation,2484,J000466,1
evaluation,2485,J002569,1
evaluation,2486,J000027,1
evaluation,2487,J002156,1
evaluation,2488,J001761,1
evaluation,2489,J001066,1
evaluation,2490,J002319,1
evaluation,2491,J003151,1
evaluation,2492,J001605,1
evaluation,2493,J000231,1
evaluation,2494,J002115,1
evaluation,2495,J002821,1
evaluation,2496,J000563,1
evaluation,2497,J002326,1
evaluation,2498,J001120,1
evaluation,2499,J001683,1
evaluation,2500,J001280,1
evaluation,2501,J001572,1
evaluation,2502,J000475,1
evaluation,2503,J002466,1
evaluation,2504,J001379,1
evaluation,2505,J000514,1
evaluation,2506,J002732,1
evaluation,2507,J001123,1
evaluation,2508,J002029,1
evaluation,2509,J003033,1
evaluation,2510,J002873,1
evaluation,2511,J001409,1
evaluation,2512,J001679,1
evaluation,2513,J002407,1
evaluation,2514,J000602,1
evaluation,2515,J001559,1
evaluation,2516,J002129,1
evaluation,2517,J000420,1
evaluation,2518,J002540,1
evaluation,2519,J000618,1
evaluation,2520,J001853,1
evaluation,2521,J000284,1
evaluation,2522,J000350,1
evaluation,2523,J000617,1
evaluation,2524,J000985,1
evaluation,2525,J002843,1
evaluation,2526,J002677,1
evaluation,2527,J003004,1
evaluation,2528,J002876,1
evaluation,2529,J002686,1
evaluation,2530,J001571,1
evaluation,2531,J003037,1
evaluation,2532,J000346,1
evaluation,2533,J001843,1
evaluation,2534,J001936,1
evaluation,2535,J001871,1
evaluation,2536,J001105,1
evaluation,2537,J002879,1
evaluation,2538,J001901,1
evaluation,2539,J001733,1
evaluation,2540,J002667,1
evaluation,2541,J001872,1
evaluation,2542,J002264,1
evaluation,2543,J001994,1
evaluation,2544,J002522,1
evaluation,2545,J002764,1
evaluation,2546,J001401,1
evaluation,2547,J002713,1
evaluation,2548,J002701,1
evaluation,2549,J003143,1
evaluation,2550,J001983,1
evaluation,2551,J002775,1
evaluation,2552,J000275,1
evaluation,2553,J001777,1
evaluation,2554,J003163,1
evaluation,2555,J003023,1
evaluation,2556,J002119,1
evaluation,2557,J002850,1
evaluation,2558,J002385,1
evaluation,2559,J002770,1
evaluation,2560,J000072,1
evaluation,2561,J000692,1
evaluation,2562,J000454,1
evaluation,2563,J001774,1
evaluation,2564,J001647,1
evaluation,2565,J001772,1
evaluation,2566,J002450,1
evaluation,2567,J000276,1
evaluation,2568,J000778,1
evaluation,2569,J001476,1
evaluation,2570,J001381,1
evaluation,2571,J002945,1
evaluation,2572,J003068,1
evaluation,2573,J000843,1
evaluation,2574,J001876,1
evaluation,2575,J003164,1
evaluation,2576,J000913,1
evaluation,2577,J001422,1
evaluation,2578,J002542,1
evaluation,2579,J001244,1
evaluation,2580,J002120,1
evaluation,2581,J001342,1
evaluation,2582,J002229,1
evaluation,2583,J001464,1
evaluation,2584,J001084,1
evaluation,2585,J002254,1
evaluation,2586,J002476,1
evaluation,2587,J000917,1
evaluation,2588,J001451,1
evaluation,2589,J000161,1
evaluation,2590,J000405,1
evaluation,2591,J002993,1
evaluation,2592,J000479,1
evaluation,2593,J001362,1
evaluation,2594,J000761,1
evaluation,2595,J000722,1
evaluation,2596,J002232,1
evaluation,2597,J000470,1
evaluation,2598,J001634,1
evaluation,2599,J002747,1
evaluation,2600,J001944,1
evaluation,2601,J000930,1
evaluation,2602,J002673,1
evaluation,2603,J001861,1
evaluation,2604,J003092,1
evaluation,2605,J001910,1
evaluation,2606,J001742,1
evaluation,2607,J002356,1
evaluation,2608,J001810,1
evaluation,2609,J003157,1
evaluation,2610,J001220,1
evaluation,2611,J000213,1
evaluation,2612,J001162,1
evaluation,2613,J002123,1
evaluation,2614,J003125,1
evaluation,2615,J000907,1
evaluation,2616,J000751,1
evaluation,2617,J000160,1
evaluation,2618,J000208,1
evaluation,2619,J001179,1
evaluation,2620,J001714,1
evaluation,2621,J002024,1
evaluation,2622,J000402,1
evaluation,2623,J001783,1
evaluation,2624,J000006,1
evaluation,2625,J002344,1
evaluation,2626,J002081,1
evaluation,2627,J002341,1
evaluation,2628,J001515,1
evaluation,2629,J000655,1
evaluation,2630,J000128,1
evaluation,2631,J002048,1
evaluation,2632,J002739,1
evaluation,2633,J003161,1
evaluation,2634,J001697,1
evaluation,2635,J000684,1
evaluation,2636,J000730,1
evaluation,2637,J000849,1
evaluation,2638,J000500,1
evaluation,2639,J001791,1
evaluation,2640,J001549,1
evaluation,2641,J000759,1
evaluation,2642,J000865,1
evaluation,2643,J002454,1
evaluation,2644,J001535,1
evaluation,2645,J001407,1
evaluation,2646,J002678,1
evaluation,2647,J001500,1
evaluation,2648,J002997,1
evaluation,2649,J001129,1
evaluation,2650,J001257,1
evaluation,2651,J000022,1
evaluation,2652,J001232,1
evaluation,2653,J002615,1
evaluation,2654,J003042,1
evaluation,2655,J002745,1
evaluation,2656,J002697,1
evaluation,2657,J001046,1
evaluation,2658,J000126,1
evaluation,2659,J002523,1
evaluation,2660,J002110,1
evaluation,2661,J001216,1
evaluation,2662,J001492,1
evaluation,2663,J002655,1
evaluation,2664,J000175,1
evaluation,2665,J001087,1
evaluation,2666,J002693,1
evaluation,2667,J000966,1
evaluation,2668,J000195,1
evaluation,2669,J000978,1
evaluation,2670,J002137,1
evaluation,2671,J000893,1
evaluation,2672,J000899,1
evaluation,2673,J000805,1
evaluation,2674,J001787,1
evaluation,2675,J002624,1
evaluation,2676,J000461,1
evaluation,2677,J000885,1
evaluation,2678,J000518,1
evaluation,2679,J002685,1
evaluation,2680,J002133,1
evaluation,2681,J001254,1
evaluation,2682,J000019,1
evaluation,2683,J002880,1
evaluation,2684,J001134,1
evaluation,2685,J000590,1
evaluation,2686,J001788,1
evaluation,2687,J001867,1
evaluation,2688,J002391,1
evaluation,2689,J000502,1
evaluation,2690,J002980,1
evaluation,2691,J001113,1
evaluation,2692,J001555,1
evaluation,2693,J000882,1
evaluation,2694,J002008,1
evaluation,2695,J001598,1
evaluation,2696,J002318,1
evaluation,2697,J002799,1
evaluation,2698,J001000,1
evaluation,2699,J002411,1
evaluation,2700,J002516,1
evaluation,2701,J002294,1
evaluation,2702,J002060,1
evaluation,2703,J001405,1
evaluation,2704,J000489,1
evaluation,2705,J001597,1
evaluation,2706,J002195,1
evaluation,2707,J002410,1
evaluation,2708,J002910,1
evaluation,2709,J001242,1
evaluation,2710,J001848,1
evaluation,2711,J001096,1
evaluation,2712,J001932,1
evaluation,2713,J002971,1
evaluation,2714,J002058,1
evaluation,2715,J001794,1
evaluation,2716,J002284,1
evaluation,2717,J001388,1
evaluation,2718,J002025,1
evaluation,2719,J002610,1
evaluation,2720,J001394,1
evaluation,2721,J002464,1
evaluation,2722,J002065,1
evaluation,2723,J001338,1
evaluation,2724,J000394,1
evaluation,2725,J000462,1
evaluation,2726,J000851,1
evaluation,2727,J003122,1
evaluation,2728,J001218,1
evaluation,2729,J003006,1
evaluation,2730,J002267,1
evaluation,2731,J000685,1
evaluation,2732,J003146,1
evaluation,2733,J002889,1
evaluation,2734,J000537,1
evaluation,2735,J001118,1
evaluation,2736,J000794,1
evaluation,2737,J003114,1
evaluation,2738,J002654,1
evaluation,2739,J000987,1
evaluation,2740,J003057,1
evaluation,2741,J001688,1
evaluation,2742,J000928,1
evaluation,2743,J000902,1
evaluation,2744,J001456,1
evaluation,2745,J000004,1
evaluation,2746,J002637,1
evaluation,2747,J000075,1
evaluation,2748,J000934,1
evaluation,2749,J002694,1
evaluation,2750,J000948,1
evaluation,2751,J002952,1
evaluation,2752,J002599,1
evaluation,2753,J000229,1
evaluation,2754,J002047,1
evaluation,2755,J000476,1
evaluation,2756,J002758,1
evaluation,2757,J003120,1
evaluation,2758,J000131,1
evaluation,2759,J001490,1
evaluation,2760,J001707,1
evaluation,2761,J000941,1
evaluation,2762,J002885,1
evaluation,2763,J000519,1
evaluation,2764,J001881,1
evaluation,2765,J002512,1
evaluation,2766,J000504,1
evaluation,2767,J000291,1
evaluation,2768,J002447,1
evaluation,2769,J000303,1
evaluation,2770,J001322,1
evaluation,2771,J002671,1
evaluation,2772,J001741,1
evaluation,2773,J002370,1
evaluation,2774,J002508,1
evaluation,2775,J002840,1
evaluation,2776,J002019,1
evaluation,2777,J001190,1
evaluation,2778,J000239,1
evaluation,2779,J001938,1
evaluation,2780,J001421,1
full,1,J002715,1
full,2,J002930,1
full,3,J000254,1
full,4,J001707,1
full,5,J002954,1
full,6,J002157,1
full,7,J001926,1
full,8,J000189,1
full,9,J002586,1
full,10,J001822,1
full,11,J002167,1
full,12,J000860,1
full,13,J001344,1
full,14,J002361,1
full,15,J002082,1
full,16,J003137,1
full,17,J002200,1
full,18,J000830,1
full,19,J003163,1
full,20,J000775,1
full,21,J000832,1
full,22,J001824,1
full,23,J001620,1
full,24,J001997,1
full,25,J001045,1
full,26,J001214,1
full,27,J001767,1
full,28,J001920,1
full,29,J000088,1
full,30,J001048,1
full,31,J000430,1
full,32,J001610,1
full,33,J000555,1
full,34,J000341,1
full,35,J000734,1
full,36,J000694,1
full,37,J003031,1
full,38,J001711,1
full,39,J001968,1
full,40,J003035,1
full,41,J002161,1
full,42,J000165,1
full,43,J000902,1
full,44,J001283,1
full,45,J001727,1
full,46,J001869,1
full,47,J000745,1
full,48,J000924,1
full,49,J000550,1
full,50,J000237,1
full,51,J003169,1
full,52,J001181,1
full,53,J002142,1
full,54,J001543,1
full,55,J000541,1
full,56,J001023,1
full,57,J002582,1
full,58,J002699,1
full,59,J001026,1
full,60,J000225,1
full,61,J001689,1
full,62,J002939,1
full,63,J000098,1
full,64,J000172,1
full,65,J000117,1
full,66,J001099,1
full,67,J002337,1
full,68,J002108,1
full,69,J000903,1
full,70,J000706,1
full,71,J001955,1
full,72,J001169,1
full,73,J002434,1
full,74,J002127,1
full,75,J000623,1
full,76,J002957,1
full,77,J001468,1
full,78,J000424,1
full,79,J000543,1
full,80,J002404,1
full,81,J000209,1
full,82,J001405,1
full,83,J000048,1
full,84,J001712,1
full,85,J002959,1
full,86,J002524,1
full,87,J001660,1
full,88,J000501,1
full,89,J000023,1
full,90,J002083,1
full,91,J001320,1
full,92,J001915,1
full,93,J002883,1
full,94,J002697,1
full,95,J003082,1
full,96,J002945,1
full,97,J001086,1
full,98,J002293,1
full,99,J002804,1
full,100,J002807,1
full,101,J000091,1
full,102,J002377,1
full,103,J000677,1
full,104,J000578,1
full,105,J003109,1
full,106,J002048,1
full,107,J002738,1
full,108,J002856,1
full,109,J001599,1
full,110,J002726,1
full,111,J001253,1
full,112,J001825,1
full,113,J001883,1
full,114,J000196,1
full,115,J000572,1
full,116,J002030,1
full,117,J000604,1
full,118,J000184,1
full,119,J000385,1
full,120,J001668,1
full,121,J002312,1
full,122,J002409,1
full,123,J002465,1
full,124,J001989,1
full,125,J001750,1
full,126,J000577,1
full,127,J001081,1
full,128,J001584,1
full,129,J002593,1
full,130,J000525,1
full,131,J001208,1
full,132,J003004,1
full,133,J001808,1
full,134,J000640,1
full,135,J000248,1
full,136,J000822,1
full,137,J001179,1
full,138,J003091,1
full,139,J001751,1
full,140,J000682,1
full,141,J001700,1
full,142,J000473,1
full,143,J000891,1
full,144,J001476,1
full,145,J002840,1
full,146,J000791,1
full,147,J001403,1
full,148,J001958,1
full,149,J000805,1
full,150,J002460,1
full,151,J002700,1
full,152,J000576,1
full,153,J002596,1
full,154,J003088,1
full,155,J000755,1
full,156,J000864,1
full,157,J000302,1
full,158,J002787,1
full,159,J000989,1
full,160,J000799,1
full,161,J002362,1
full,162,J000848,1
full,163,J001892,1
full,164,J002581,1
full,165,J001752,1
full,166,J000987,1
full,167,J002974,1
full,168,J000454,1
full,169,J001885,1
full,170,J000081,1
full,171,J000751,1
full,172,J002103,1
full,173,J002353,1
full,174,J000658,1
full,175,J000981,1
full,176,J000281,1
full,177,J001147,1
full,178,J001275,1
full,179,J000443,1
full,180,J001329,1
full,181,J001143,1
full,182,J001439,1
full,183,J002817,1
full,184,J001177,1
full,185,J001849,1
full,186,J001959,1
full,187,J001490,1
full,188,J002021,1
full,189,J001779,1
full,190,J002793,1
full,191,J002233,1
full,192,J001652,1
full,193,J000391,1
full,194,J002587,1
full,195,J002492,1
full,196,J001573,1
full,197,J000062,1
full,198,J001446,1
full,199,J001145,1
full,200,J000626,1
full,201,J001367,1
full,202,J002683,1
full,203,J002211,1
full,204,J000170,1
full,205,J002590,1
full,206,J001555,1
full,207,J001079,1
full,208,J000985,1
full,209,J000277,1
full,210,J000888,1
full,211,J000909,1
full,212,J002411,1
full,213,J001139,1
full,214,J000821,1
full,215,J002254,1
full,216,J001918,1
full,217,J000044,1
full,218,J001107,1
full,219,J001593,1
full,220,J001240,1
full,221,J001612,1
full,222,J001128,1
full,223,J000691,1
full,224,J003127,1
full,225,J001304,1
full,226,J002712,1
full,227,J000487,1
full,228,J002841,1
full,229,J000411,1
full,230,J000806,1
full,231,J000324,1
full,232,J002356,1
full,233,J000484,1
full,234,J002325,1
full,235,J001806,1
full,236,J002330,1
full,237,J002309,1
full,238,J000075,1
full,239,J001974,1
full,240,J000174,1
full,241,J000957,1
full,242,J003046,1
full,243,J001532,1
full,244,J000837,1
full,245,J002998,1
full,246,J000412,1
full,247,J002456,1
full,248,J002970,1
full,249,J000076,1
full,250,J000664,1
full,251,J000112,1
full,252,J001380,1
full,253,J000477,1
full,254,J002996,1
full,255,J001197,1
full,256,J000615,1
full,257,J000801,1
full,258,J001127,1
full,259,J002270,1
full,260,J000651,1
full,261,J002890,1
full,262,J001663,1
full,263,J002647,1
full,264,J001560,1
full,265,J002531,1
full,266,J002511,1
full,267,J001366,1
full,268,J002215,1
full,269,J002741,1
full,270,J000922,1
full,271,J000559,1
full,272,J003173,1
full,273,J000147,1
full,274,J000105,1
full,275,J001581,1
full,276,J002332,1
full,277,J002229,1
full,278,J000295,1
full,279,J000179,1
full,280,J002762,1
full,281,J002473,1
full,282,J000674,1
full,283,J002952,1
full,284,J000231,1
full,285,J001170,1
full,286,J000750,1
full,287,J003079,1
full,288,J001545,1
full,289,J001509,1
full,290,J002208,1
full,291,J001993,1
full,292,J001574,1
full,293,J002552,1
full,294,J002548,1
full,295,J001676,1
full,296,J002479,1
full,297,J002839,1
full,298,J000504,1
full,299,J000514,1
full,300,J000689,1
full,301,J000982,1
full,302,J001811,1
full,303,J003129,1
full,304,J002846,1
full,305,J002033,1
full,306,J001797,1
full,307,J002985,1
full,308,J000297,1
full,309,J002986,1
full,310,J000215,1
full,311,J000659,1
full,312,J002266,1
full,313,J000937,1
full,314,J000872,1
full,315,J000028,1
full,316,J002471,1
full,317,J002896,1
full,318,J001065,1
full,319,J001404,1
full,320,J001704,1
full,321,J000282,1
full,322,J001992,1
full,323,J003100,1
full,324,J000725,1
full,325,J001190,1
full,326,J001016,1
full,327,J001627,1
full,328,J002122,1
full,329,J001345,1
full,330,J001000,1
full,331,J002570,1
full,332,J000462,1
full,333,J002887,1
full,334,J000358,1
full,335,J000180,1
full,336,J000946,1
full,337,J001860,1
full,338,J000715,1
full,339,J001832,1
full,340,J001621,1
full,341,J000101,1
full,342,J003065,1
full,343,J000608,1
full,344,J002686,1
full,345,J000293,1
full,346,J002184,1
full,347,J001066,1
full,348,J001389,1
full,349,J002914,1
full,350,J001355,1
full,351,J002932,1
full,352,J000151,1
full,353,J003144,1
full,354,J001744,1
full,355,J001501,1
full,356,J000892,1
full,357,J000993,1
full,358,J002527,1
full,359,J001115,1
full,360,J001583,1
full,361,J000123,1
full,362,J002761,1
full,363,J001962,1
full,364,J002575,1
full,365,J001072,1
full,366,J003022,1
full,367,J001279,1
full,368,J000813,1
full,369,J002941,1
full,370,J000021,1
full,371,J002416,1
full,372,J002547,1
full,373,J002338,1
full,374,J002369,1
full,375,J003069,1
full,376,J001847,1
full,377,J001763,1
full,378,J001150,1
full,379,J001390,1
full,380,J000054,1
full,381,J001718,1
full,382,J001780,1
full,383,J001542,1
full,384,J001688,1
full,385,J000920,1
full,386,J001833,1
full,387,J000729,1
full,388,J002803,1
full,389,J003036,1
full,390,J002838,1
full,391,J002437,1
full,392,J002265,1
full,393,J002667,1
full,394,J003145,1
full,395,J000779,1
full,396,J002978,1
full,397,J002637,1
full,398,J003107,1
full,399,J001930,1
full,400,J002490,1
full,401,J001052,1
full,402,J002119,1
full,403,J002370,1
full,404,J000921,1
full,405,J002895,1
full,406,J002172,1
full,407,J001082,1
full,408,J001005,1
full,409,J001985,1
full,410,J000524,1
full,411,J001249,1
full,412,J001946,1
full,413,J000442,1
full,414,J002153,1
full,415,J002126,1
full,416,J002905,1
full,417,J002897,1
full,418,J001754,1
full,419,J002661,1
full,420,J002220,1
full,421,J000435,1
full,422,J000905,1
full,423,J002075,1
full,424,J002560,1
full,425,J002080,1
full,426,J001276,1
full,427,J001311,1
full,428,J002107,1
full,429,J000468,1
full,430,J003125,1
full,431,J002942,1
full,432,J002826,1
full,433,J001466,1
full,434,J000797,1
full,435,J002555,1
full,436,J002238,1
full,437,J002721,1
full,438,J002072,1
full,439,J000431,1
full,440,J003059,1
full,441,J002701,1
full,442,J002036,1
full,443,J001470,1
full,444,J002232,1
full,445,J000496,1
full,446,J002710,1
full,447,J001938,1
full,448,J000226,1
full,449,J003076,1
full,450,J002092,1
full,451,J001562,1
full,452,J000569,1
full,453,J001441,1
full,454,J002027,1
full,455,J002676,1
full,456,J002451,1
full,457,J002097,1
full,458,J002584,1
full,459,J001077,1
full,460,J002280,1
full,461,J000685,1
full,462,J000749,1
full,463,J000432,1
full,464,J000460,1
full,465,J001004,1
full,466,J000063,1
full,467,J000104,1
full,468,J001037,1
full,469,J000974,1
full,470,J002050,1
full,471,J002813,1
full,472,J002446,1
full,473,J000181,1
full,474,J001721,1
full,475,J000314,1
full,476,J002901,1
full,477,J002494,1
full,478,J002602,1
full,479,J001904,1
full,480,J001820,1
full,481,J001519,1
full,482,J002414,1
full,483,J001477,1
full,484,J001461,1
full,485,J000461,1
full,486,J000990,1
full,487,J002477,1
full,488,J002981,1
full,489,J002819,1
full,490,J002274,1
full,491,J000374,1
full,492,J000911,1
full,493,J000490,1
full,494,J003135,1
full,495,J000610,1
full,496,J001636,1
full,497,J001412,1
full,498,J002852,1
full,499,J000363,1
full,500,J000492,1
full,501,J001576,1
full,502,J002019,1
full,503,J000601,1
full,504,J001055,1
full,505,J002035,1
full,506,J001078,1
full,507,J001343,1
full,508,J002580,1
full,509,J000645,1
full,510,J000823,1
full,511,J001518,1
full,512,J000221,1
full,513,J000228,1
full,514,J003083,1
full,515,J001040,1
full,516,J001258,1
full,517,J001289,1
full,518,J000927,1
full,519,J000919,1
full,520,J001502,1
full,521,J001513,1
full,522,J002382,1
full,523,J001146,1
full,524,J000786,1
full,525,J001635,1
full,526,J001526,1
full,527,J000757,1
full,528,J002961,1
full,529,J000336,1
full,530,J000032,1
full,531,J000575,1
full,532,J001830,1
full,533,J001694,1
full,534,J001845,1
full,535,J001876,1
full,536,J000531,1
full,537,J003112,1
full,538,J002058,1
full,539,J002365,1
full,540,J000034,1
full,541,J002192,1
full,542,J003106,1
full,543,J002209,1
full,544,J000900,1
full,545,J000345,1
full,546,J000402,1
full,547,J000087,1
full,548,J001922,1
full,549,J002059,1
full,550,J000657,1
full,551,J000817,1
full,552,J001553,1
full,553,J001407,1
full,554,J000825,1
full,555,J002609,1
full,556,J002088,1
full,557,J002759,1
full,558,J002718,1
full,559,J003126,1
full,560,J000013,1
full,561,J000536,1
full,562,J001041,1
full,563,J001053,1
full,564,J002723,1
full,565,J001103,1
full,566,J002984,1
full,567,J001632,1
full,568,J000655,1
full,569,J000956,1
full,570,J001148,1
full,571,J002752,1
full,572,J002196,1
full,573,J001734,1
full,574,J000466,1
full,575,J002225,1
full,576,J002629,1
full,577,J000070,1
full,578,J002165,1
full,579,J001471,1
full,580,J001852,1
full,581,J002277,1
full,582,J001172,1
full,583,J000528,1
full,584,J000194,1
full,585,J002368,1
full,586,J000893,1
full,587,J001239,1
full,588,J003136,1
full,589,J001216,1
full,590,J000581,1
full,591,J002780,1
full,592,J000971,1
full,593,J000625,1
full,594,J000552,1
full,595,J002412,1
full,596,J002210,1
full,597,J001382,1
full,598,J001719,1
full,599,J002237,1
full,600,J000285,1
full,601,J001257,1
full,602,J001531,1
full,603,J002014,1
full,604,J001854,1
full,605,J000182,1
full,606,J000102,1
full,607,J001035,1
full,608,J003007,1
full,609,J001219,1
full,610,J002789,1
full,611,J001431,1
full,612,J003150,1
full,613,J000338,1
full,614,J003104,1
full,615,J000681,1
full,616,J001978,1
full,617,J001893,1
full,618,J001060,1
full,619,J002005,1
full,620,J002716,1
full,621,J001726,1
full,622,J000373,1
full,623,J001101,1
full,624,J001577,1
full,625,J000115,1
full,626,J001497,1
full,627,J002331,1
full,628,J002213,1
full,629,J001281,1
full,630,J002359,1
full,631,J000890,1
full,632,J001929,1
full,633,J000662,1
full,634,J001184,1
full,635,J000197,1
full,636,J001791,1
full,637,J000211,1
full,638,J001709,1
full,639,J000802,1
full,640,J002407,1
full,641,J001074,1
full,642,J000526,1
full,643,J002613,1
full,644,J000269,1
full,645,J001451,1
full,646,J003097,1
full,647,J002811,1
full,648,J001803,1
full,649,J000642,1
full,650,J000875,1
full,651,J002452,1
full,652,J000695,1
full,653,J000255,1
full,654,J002049,1
full,655,J000433,1
full,656,J001773,1
full,657,J002323,1
full,658,J001647,1
full,659,J000638,1
full,660,J002829,1
full,661,J000631,1
full,662,J000702,1
full,663,J001564,1
full,664,J002077,1
full,665,J002790,1
full,666,J002392,1
full,667,J001547,1
full,668,J002052,1
full,669,J000898,1
full,670,J000421,1
full,671,J002663,1
full,672,J000967,1
full,673,J000307,1
full,674,J002933,1
full,675,J001881,1
full,676,J000683,1
full,677,J000292,1
full,678,J001217,1
full,679,J000146,1
full,680,J001693,1
full,681,J000053,1
full,682,J001512,1
full,683,J000073,1
full,684,J002219,1
full,685,J000428,1
full,686,J000042,1
full,687,J001044,1
full,688,J000589,1
full,689,J001738,1
full,690,J000868,1
full,691,J000300,1
full,692,J002991,1
full,693,J002396,1
full,694,J001771,1
full,695,J000149,1
full,696,J001262,1
full,697,J002873,1
full,698,J000222,1
full,699,J002601,1
full,700,J002160,1
full,701,J000187,1
full,702,J002346,1
full,703,J002969,1
full,704,J001244,1
full,705,J001008,1
full,706,J002979,1
full,707,J002188,1
full,708,J000417,1
full,709,J002872,1
full,710,J002805,1
full,711,J000760,1
full,712,J002137,1
full,713,J002604,1
full,714,J000588,1
full,715,J001459,1
full,716,J002622,1
full,717,J002112,1
full,718,J002421,1
full,719,J000718,1
full,720,J002430,1
full,721,J001464,1
full,722,J001391,1
full,723,J001359,1
full,724,J002732,1
full,725,J002024,1
full,726,J001485,1
full,727,J001298,1
full,728,J002558,1
full,729,J001935,1
full,730,J002774,1
full,731,J003077,1
full,732,J000119,1
full,733,J001419,1
full,734,J002535,1
full,735,J003178,1
full,736,J000970,1
full,737,J001318,1
full,738,J001557,1
full,739,J002445,1
full,740,J002449,1
full,741,J001288,1
full,742,J002269,1
full,743,J001133,1
full,744,J002236,1
full,745,J001151,1
full,746,J002666,1
full,747,J001211,1
full,748,J001764,1
full,749,J001033,1
full,750,J000008,1
full,751,J002113,1
full,752,J000017,1
full,753,J001741,1
full,754,J003128,1
full,755,J001315,1
full,756,J002664,1
full,757,J001473,1
full,758,J000439,1
full,759,J002466,1
full,760,J001301,1
full,761,J002748,1
full,762,J003012,1
full,763,J000427,1
full,764,J000834,1
full,765,J003155,1
full,766,J002496,1
full,767,J001492,1
full,768,J002835,1
full,769,J001371,1
full,770,J001353,1
full,771,J002175,1
full,772,J003130,1
full,773,J003113,1
full,774,J002304,1
full,775,J001933,1
full,776,J000767,1
full,777,J000680,1
full,778,J002645,1
full,779,J002588,1
full,780,J000849,1
full,781,J000663,1
full,782,J000778,1
full,783,J002591,1
full,784,J002147,1
full,785,J002758,1
full,786,J000869,1
full,787,J000159,1
full,788,J000836,1
full,789,J002439,1
full,790,J000856,1
full,791,J000748,1
full,792,J000605,1
full,793,J002779,1
full,794,J002553,1
full,795,J000001,1
full,796,J002861,1
full,797,J001836,1
full,798,J000637,1
full,799,J000204,1
full,800,J001409,1
full,801,J000175,1
full,802,J002342,1
full,803,J000279,1
full,804,J002123,1
full,805,J002641,1
full,806,J001936,1
full,807,J002256,1
full,808,J000266,1
full,809,J001756,1
full,810,J001765,1
full,811,J000304,1
full,812,J003087,1
full,813,J001496,1
full,814,J001349,1
full,815,J001199,1
full,816,J000634,1
full,817,J002988,1
full,818,J003056,1
full,819,J001661,1
full,820,J002326,1
full,821,J001394,1
full,822,J001995,1
full,823,J002139,1
full,824,J001969,1
full,825,J000827,1
full,826,J001204,1
full,827,J000372,1
full,828,J001018,1
full,829,J000426,1
full,830,J002947,1
full,831,J000910,1
full,832,J000770,1
full,833,J002176,1
full,834,J001095,1
full,835,J001517,1
full,836,J000074,1
full,837,J001903,1
full,838,J000061,1
full,839,J002997,1
full,840,J003142,1
full,841,J001136,1
full,842,J003003,1
full,843,J000984,1
full,844,J000841,1
full,845,J002297,1
full,846,J000740,1
full,847,J001131,1
full,848,J001540,1
full,849,J000351,1
full,850,J000330,1
full,851,J000260,1
full,852,J002597,1
full,853,J000481,1
full,854,J001617,1
full,855,J000949,1
full,856,J000059,1
full,857,J000754,1
full,858,J001088,1
full,859,J001580,1
full,860,J000139,1
full,861,J001867,1
full,862,J001871,1
full,863,J001877,1
full,864,J003008,1
full,865,J001684,1
full,866,J002482,1
full,867,J001597,1
full,868,J002387,1
full,869,J001909,1
full,870,J000668,1
full,871,J001554,1
full,872,J002099,1
full,873,J000078,1
full,874,J002562,1
full,875,J000404,1
full,876,J001571,1
full,877,J002020,1
full,878,J000656,1
full,879,J000733,1
full,880,J000223,1
full,881,J001561,1
full,882,J003117,1
full,883,J002870,1
full,884,J002178,1
full,885,J000512,1
full,886,J002866,1
full,887,J000916,1
full,888,J000040,1
full,889,J002094,1
full,890,J002956,1
full,891,J003151,1
full,892,J000294,1
full,893,J001802,1
full,894,J002091,1
full,895,J001982,1
full,896,J000991,1
full,897,J000688,1
full,898,J002222,1
full,899,J001844,1
full,900,J002885,1
full,901,J002603,1
full,902,J000365,1
full,903,J000052,1
full,904,J001948,1
full,905,J001831,1
full,906,J000390,1
full,907,J001967,1
full,908,J000343,1
full,909,J000918,1
full,910,J000943,1
full,911,J000969,1
full,912,J001463,1
full,913,J001089,1
full,914,J002847,1
full,915,J003009,1
full,916,J000592,1
full,917,J002677,1
full,918,J002282,1
full,919,J002012,1
full,920,J001384,1
full,921,J002685,1
full,922,J000507,1
full,923,J000018,1
full,924,J002855,1
full,925,J001960,1
full,926,J000633,1
full,927,J001232,1
full,928,J000897,1
full,929,J001085,1
full,930,J000331,1
full,931,J000804,1
full,932,J001309,1
full,933,J002390,1
full,934,J002255,1
full,935,J002894,1
full,936,J000090,1
full,937,J000110,1
full,938,J002155,1
full,939,J001828,1
full,940,J002992,1
full,941,J001135,1
full,942,J000166,1
full,943,J003075,1
full,944,J001256,1
full,945,J000855,1
full,946,J001456,1
full,947,J002067,1
full,948,J001385,1
full,949,J002205,1
full,950,J001983,1
full,951,J002754,1
full,952,J001859,1
full,953,J003164,1
full,954,J001346,1
full,955,J000491,1
full,956,J000207,1
full,957,J002903,1
full,958,J001046,1
full,959,J000367,1
full,960,J000716,1
full,961,J000350,1
full,962,J000759,1
full,963,J002068,1
full,964,J000469,1
full,965,J002007,1
full,966,J000467,1
full,967,J002450,1
full,968,J001251,1
full,969,J000349,1
full,970,J001260,1
full,971,J000193,1
full,972,J001994,1
full,973,J001680,1
full,974,J001129,1
full,975,J000414,1
full,976,J002746,1
full,977,J000762,1
full,978,J000162,1
full,979,J002755,1
full,980,J002862,1
full,981,J000502,1
full,982,J000844,1
full,983,J002662,1
full,984,J000258,1
full,985,J000529,1
full,986,J001061,1
full,987,J001292,1
full,988,J000598,1
full,989,J001399,1
full,990,J001003,1
full,991,J001302,1
full,992,J000621,1
full,993,J002610,1
full,994,J001342,1
full,995,J000413,1
full,996,J000726,1
full,997,J001966,1
full,998,J000130,1
full,999,J002631,1
full,1000,J000471,1
full,1001,J000134,1
full,1002,J002144,1
full,1003,J000252,1
full,1004,J001634,1
full,1005,J002000,1
full,1006,J001408,1
full,1007,J002242,1
full,1008,J000025,1
full,1009,J002093,1
full,1010,J002367,1
full,1011,J002990,1
full,1012,J000326,1
full,1013,J001785,1
full,1014,J000106,1
full,1015,J000833,1
full,1016,J002320,1
full,1017,J001801,1
full,1018,J001615,1
full,1019,J001327,1
full,1020,J001286,1
full,1021,J001191,1
full,1022,J001233,1
full,1023,J000171,1
full,1024,J000986,1
full,1025,J000503,1
full,1026,J002217,1
full,1027,J003017,1
full,1028,J002458,1
full,1029,J000712,1
full,1030,J000812,1
full,1031,J001374,1
full,1032,J001265,1
full,1033,J001183,1
full,1034,J002512,1
full,1035,J002300,1
full,1036,J002034,1
full,1037,J001846,1
full,1038,J000743,1
full,1039,J002717,1
full,1040,J003121,1
full,1041,J002778,1
full,1042,J002467,1
full,1043,J001106,1
full,1044,J001067,1
full,1045,J000781,1
full,1046,J002860,1
full,1047,J002853,1
full,1048,J000356,1
full,1049,J002043,1
full,1050,J002703,1
full,1051,J002744,1
full,1052,J002848,1
full,1053,J001337,1
full,1054,J000873,1
full,1055,J000408,1
full,1056,J000014,1
full,1057,J002002,1
full,1058,J002525,1
full,1059,J002768,1
full,1060,J003141,1
full,1061,J001294,1
full,1062,J000049,1
full,1063,J001383,1
full,1064,J001626,1
full,1065,J000885,1
full,1066,J001125,1
full,1067,J001679,1
full,1068,J002999,1
full,1069,J000384,1
full,1070,J002203,1
full,1071,J002373,1
full,1072,J000137,1
full,1073,J000537,1
full,1074,J000673,1
full,1075,J003094,1
full,1076,J001925,1
full,1077,J001813,1
full,1078,J000316,1
full,1079,J000736,1
full,1080,J000838,1
full,1081,J000557,1
full,1082,J001241,1
full,1083,J001097,1
full,1084,J002563,1
full,1085,J000996,1
full,1086,J002240,1
full,1087,J001770,1
full,1088,J001537,1
full,1089,J003167,1
full,1090,J001051,1
full,1091,J002659,1
full,1092,J003172,1
full,1093,J002899,1
full,1094,J001254,1
full,1095,J000731,1
full,1096,J000535,1
full,1097,J000810,1
full,1098,J001556,1
full,1099,J002321,1
full,1100,J000564,1
full,1101,J002164,1
full,1102,J003177,1
full,1103,J000771,1
full,1104,J000600,1
full,1105,J001198,1
full,1106,J000857,1
full,1107,J001220,1
full,1108,J001525,1
full,1109,J000205,1
full,1110,J002116,1
full,1111,J000493,1
full,1112,J002319,1
full,1113,J000265,1
full,1114,J000602,1
full,1115,J000317,1
full,1116,J000305,1
full,1117,J002713,1
full,1118,J000199,1
full,1119,J000495,1
full,1120,J002364,1
full,1121,J001782,1
full,1122,J001740,1
full,1123,J002621,1
full,1124,J002798,1
full,1125,J001036,1
full,1126,J001363,1
full,1127,J002038,1
full,1128,J002940,1
full,1129,J000666,1
full,1130,J001579,1
full,1131,J000853,1
full,1132,J002096,1
full,1133,J002865,1
full,1134,J001786,1
full,1135,J001535,1
full,1136,J000339,1
full,1137,J002461,1
full,1138,J000262,1
full,1139,J002258,1
full,1140,J001637,1
full,1141,J000593,1
full,1142,J001418,1
full,1143,J001223,1
full,1144,J002081,1
full,1145,J001908,1
full,1146,J000879,1
full,1147,J002130,1
full,1148,J002850,1
full,1149,J000698,1
full,1150,J002642,1
full,1151,J000632,1
full,1152,J000198,1
full,1153,J000915,1
full,1154,J000272,1
full,1155,J001730,1
full,1156,J000713,1
full,1157,J002009,1
full,1158,J000437,1
full,1159,J001189,1
full,1160,J001462,1
full,1161,J002844,1
full,1162,J000567,1
full,1163,J001178,1
full,1164,J001316,1
full,1165,J002078,1
full,1166,J000735,1
full,1167,J001600,1
full,1168,J000670,1
full,1169,J001398,1
full,1170,J001731,1
full,1171,J000630,1
full,1172,J002358,1
full,1173,J002190,1
full,1174,J000940,1
full,1175,J002842,1
full,1176,J001299,1
full,1177,J002910,1
full,1178,J000178,1
full,1179,J001350,1
full,1180,J003110,1
full,1181,J002668,1
full,1182,J001965,1
full,1183,J002485,1
full,1184,J002447,1
full,1185,J002868,1
full,1186,J000157,1
full,1187,J001619,1
full,1188,J001180,1
full,1189,J001625,1
full,1190,J000742,1
full,1191,J002284,1
full,1192,J002022,1
full,1193,J002763,1
full,1194,J002837,1
full,1195,J002745,1
full,1196,J001520,1
full,1197,J000665,1
full,1198,J003045,1
full,1199,J002827,1
full,1200,J001952,1
full,1201,J002694,1
full,1202,J000131,1
full,1203,J003108,1
full,1204,J000161,1
full,1205,J003019,1
full,1206,J001482,1
full,1207,J003070,1
full,1208,J000267,1
full,1209,J000530,1
full,1210,J001340,1
full,1211,J000247,1
full,1212,J001266,1
full,1213,J000886,1
full,1214,J000315,1
full,1215,J000141,1
full,1216,J002385,1
full,1217,J000026,1
full,1218,J001702,1
full,1219,J002146,1
full,1220,J001972,1
full,1221,J002922,1
full,1222,J001569,1
full,1223,J003066,1
full,1224,J000436,1
full,1225,J001434,1
full,1226,J002251,1
full,1227,J001071,1
full,1228,J000660,1
full,1229,J001284,1
full,1230,J001381,1
full,1231,J001014,1
full,1232,J001747,1
full,1233,J002003,1
full,1234,J002982,1
full,1235,J000024,1
full,1236,J001761,1
full,1237,J003143,1
full,1238,J000570,1
full,1239,J001783,1
full,1240,J000298,1
full,1241,J002324,1
full,1242,J002468,1
full,1243,J000268,1
full,1244,J000815,1
full,1245,J002268,1
full,1246,J002598,1
full,1247,J001674,1
full,1248,J001361,1
full,1249,J002008,1
full,1250,J000568,1
full,1251,J001837,1
full,1252,J002448,1
full,1253,J000540,1
full,1254,J001878,1
full,1255,J000866,1
full,1256,J000289,1
full,1257,J002599,1
full,1258,J001201,1
full,1259,J001024,1
full,1260,J001736,1
full,1261,J002964,1
full,1262,J001263,1
full,1263,J001575,1
full,1264,J001499,1
full,1265,J003060,1
full,1266,J002339,1
full,1267,J001631,1
full,1268,J001882,1
full,1269,J000387,1
full,1270,J000808,1
full,1271,J001827,1
full,1272,J000245,1
full,1273,J000765,1
full,1274,J003174,1
full,1275,J000934,1
full,1276,J001505,1
full,1277,J001817,1
full,1278,J002310,1
full,1279,J001784,1
full,1280,J000327,1
full,1281,J000224,1
full,1282,J000479,1
full,1283,J001941,1
full,1284,J002257,1
full,1285,J001672,1
full,1286,J001516,1
full,1287,J001781,1
full,1288,J000508,1
full,1289,J000772,1
full,1290,J002665,1
full,1291,J001588,1
full,1292,J002711,1
full,1293,J002706,1
full,1294,J000708,1
full,1295,J001132,1
full,1296,J000319,1
full,1297,J002313,1
full,1298,J000722,1
full,1299,J001174,1
full,1300,J001980,1
full,1301,J002906,1
full,1302,J003132,1
full,1303,J001393,1
full,1304,J000627,1
full,1305,J002565,1
full,1306,J002246,1
full,1307,J000153,1
full,1308,J002576,1
full,1309,J002653,1
full,1310,J000069,1
full,1311,J001457,1
full,1312,J002476,1
full,1313,J000622,1
full,1314,J002851,1
full,1315,J002288,1
full,1316,J001810,1
full,1317,J002245,1
full,1318,J002541,1
full,1319,J001322,1
full,1320,J001646,1
full,1321,J002657,1
full,1322,J003085,1
full,1323,J002150,1
full,1324,J002528,1
full,1325,J002418,1
full,1326,J000796,1
full,1327,J000641,1
full,1328,J001264,1
full,1329,J002497,1
full,1330,J001823,1
full,1331,J001158,1
full,1332,J000186,1
full,1333,J003013,1
full,1334,J002912,1
full,1335,J000103,1
full,1336,J002018,1
full,1337,J001039,1
full,1338,J000085,1
full,1339,J001508,1
full,1340,J002202,1
full,1341,J001215,1
full,1342,J002962,1
full,1343,J002679,1
full,1344,J001116,1
full,1345,J001410,1
full,1346,J001706,1
full,1347,J001031,1
full,1348,J000800,1
full,1349,J000519,1
full,1350,J002595,1
full,1351,J001330,1
full,1352,J002352,1
full,1353,J002719,1
full,1354,J002585,1
full,1355,J000096,1
full,1356,J001285,1
full,1357,J002289,1
full,1358,J002053,1
full,1359,J001945,1
full,1360,J001566,1
full,1361,J001218,1
full,1362,J002529,1
full,1363,J002198,1
full,1364,J001504,1
full,1365,J002875,1
full,1366,J002085,1
full,1367,J002911,1
full,1368,J002628,1
full,1369,J001856,1
full,1370,J003068,1
full,1371,J000027,1
full,1372,J000785,1
full,1373,J001951,1
full,1374,J001443,1
full,1375,J001300,1
full,1376,J002069,1
full,1377,J001890,1
full,1378,J002917,1
full,1379,J002216,1
full,1380,J001042,1
full,1381,J001112,1
full,1382,J002550,1
full,1383,J003016,1
full,1384,J000807,1
full,1385,J000494,1
full,1386,J000977,1
full,1387,J000458,1
full,1388,J001950,1
full,1389,J002173,1
full,1390,J001984,1
full,1391,J001669,1
full,1392,J001416,1
full,1393,J000777,1
full,1394,J000201,1
full,1395,J000763,1
full,1396,J001401,1
full,1397,J001855,1
full,1398,J001650,1
full,1399,J002995,1
full,1400,J002523,1
full,1401,J000724,1
full,1402,J000219,1
full,1403,J002579,1
full,1404,J001934,1
full,1405,J000126,1
full,1406,J001703,1
full,1407,J003055,1
full,1408,J001991,1
full,1409,J000129,1
full,1410,J002687,1
full,1411,J002212,1
full,1412,J000140,1
full,1413,J002371,1
full,1414,J001141,1
full,1415,J000155,1
full,1416,J002276,1
full,1417,J001231,1
full,1418,J002624,1
full,1419,J000877,1
full,1420,J000463,1
full,1421,J000234,1
full,1422,J001953,1
full,1423,J002592,1
full,1424,J003020,1
full,1425,J001762,1
full,1426,J001379,1
full,1427,J001207,1
full,1428,J000980,1
full,1429,J001671,1
full,1430,J000497,1
full,1431,J000352,1
full,1432,J000378,1
full,1433,J002389,1
full,1434,J003134,1
full,1435,J001691,1
full,1436,J000041,1
full,1437,J001420,1
full,1438,J002796,1
full,1439,J002514,1
full,1440,J002292,1
full,1441,J000323,1
full,1442,J001156,1
full,1443,J001185,1
full,1444,J002660,1
full,1445,J002742,1
full,1446,J002388,1
full,1447,J002757,1
full,1448,J000145,1
full,1449,J001816,1
full,1450,J000711,1
full,1451,J000950,1
full,1452,J000692,1
full,1453,J003033,1
full,1454,J002747,1
full,1455,J000544,1
full,1456,J000809,1
full,1457,J000599,1
full,1458,J001829,1
full,1459,J000246,1
full,1460,J001633,1
full,1461,J002115,1
full,1462,J001921,1
full,1463,J001943,1
full,1464,J001338,1
full,1465,J002791,1
full,1466,J001124,1
full,1467,J001533,1
full,1468,J002886,1
full,1469,J001932,1
full,1470,J001611,1
full,1471,J002902,1
full,1472,J000192,1
full,1473,J000301,1
full,1474,J002623,1
full,1475,J002520,1
full,1476,J001307,1
full,1477,J002654,1
full,1478,J001875,1
full,1479,J001484,1
full,1480,J000173,1
full,1481,J001357,1
full,1482,J000138,1
full,1483,J001835,1
full,1484,J000060,1
full,1485,J000648,1
full,1486,J001138,1
full,1487,J000229,1
full,1488,J001538,1
full,1489,J002649,1
full,1490,J000973,1
full,1491,J002650,1
full,1492,J000114,1
full,1493,J000538,1
full,1494,J001843,1
full,1495,J001021,1
full,1496,J001068,1
full,1497,J002443,1
full,1498,J001486,1
full,1499,J002655,1
full,1500,J001957,1
full,1501,J002987,1
full,1502,J003086,1
full,1503,J000914,1
full,1504,J002086,1
full,1505,J002133,1
full,1506,J002290,1
full,1507,J002739,1
full,1508,J002648,1
full,1509,J001423,1
full,1510,J000448,1
full,1511,J002727,1
full,1512,J001757,1
full,1513,J001310,1
full,1514,J000774,1
full,1515,J001673,1
full,1516,J003165,1
full,1517,J001317,1
full,1518,J001402,1
full,1519,J001303,1
full,1520,J000337,1
full,1521,J001155,1
full,1522,J000364,1
full,1523,J002181,1
full,1524,J000361,1
full,1525,J001939,1
full,1526,J001897,1
full,1527,J000516,1
full,1528,J001070,1
full,1529,J002384,1
full,1530,J002708,1
full,1531,J001093,1
full,1532,J002858,1
full,1533,J003024,1
full,1534,J001058,1
full,1535,J000929,1
full,1536,J001224,1
full,1537,J000776,1
full,1538,J000423,1
full,1539,J000671,1
full,1540,J002061,1
full,1541,J001038,1
full,1542,J001186,1
full,1543,J002201,1
full,1544,J002704,1
full,1545,J002542,1
full,1546,J001527,1
full,1547,J001429,1
full,1548,J002380,1
full,1549,J000667,1
full,1550,J000793,1
full,1551,J001866,1
full,1552,J002296,1
full,1553,J000522,1
full,1554,J001160,1
full,1555,J001686,1
full,1556,J002976,1
full,1557,J002571,1
full,1558,J000406,1
full,1559,J002871,1
full,1560,J001397,1
full,1561,J001331,1
full,1562,J002507,1
full,1563,J002925,1
full,1564,J001696,1
full,1565,J001724,1
full,1566,J003093,1
full,1567,J000930,1
full,1568,J002227,1
full,1569,J002537,1
full,1570,J001743,1
full,1571,J000099,1
full,1572,J000904,1
full,1573,J002532,1
full,1574,J001896,1
full,1575,J000573,1
full,1576,J003157,1
full,1577,J000116,1
full,1578,J002089,1
full,1579,J000214,1
full,1580,J000744,1
full,1581,J000092,1
full,1582,J000513,1
full,1583,J000769,1
full,1584,J000582,1
full,1585,J000452,1
full,1586,J002968,1
full,1587,J002098,1
full,1588,J001548,1
full,1589,J001683,1
full,1590,J002651,1
full,1591,J001406,1
full,1592,J000318,1
full,1593,J002193,1
full,1594,J001212,1
full,1595,J000474,1
full,1596,J001838,1
full,1597,J002206,1
full,1598,J002937,1
full,1599,J002658,1
full,1600,J002186,1
full,1601,J002673,1
full,1602,J001697,1
full,1603,J001653,1
full,1604,J001487,1
full,1605,J001815,1
full,1606,J003047,1
full,1607,J000111,1
full,1608,J000080,1
full,1609,J002241,1
full,1610,J001794,1
full,1611,J001126,1
full,1612,J001193,1
full,1613,J001655,1
full,1614,J001321,1
full,1615,J002881,1
full,1616,J000236,1
full,1617,J000043,1
full,1618,J001853,1
full,1619,J000329,1
full,1620,J000505,1
full,1621,J001804,1
full,1622,J000202,1
full,1623,J000238,1
full,1624,J000862,1
full,1625,J001839,1
full,1626,J002046,1
full,1627,J001259,1
full,1628,J002975,1
full,1629,J001098,1
full,1630,J001084,1
full,1631,J002633,1
full,1632,J001100,1
full,1633,J001910,1
full,1634,J001805,1
full,1635,J002152,1
full,1636,J002074,1
full,1637,J001400,1
full,1638,J001271,1
full,1639,J002303,1
full,1640,J001478,1
full,1641,J000066,1
full,1642,J002417,1
full,1643,J002950,1
full,1644,J000498,1
full,1645,J001947,1
full,1646,J002638,1
full,1647,J002131,1
full,1648,J001290,1
full,1649,J003096,1
full,1650,J000547,1
full,1651,J002194,1
full,1652,J002935,1
full,1653,J001990,1
full,1654,J002391,1
full,1655,J003175,1
full,1656,J002831,1
full,1657,J001364,1
full,1658,J002980,1
full,1659,J001753,1
full,1660,J002674,1
full,1661,J002568,1
full,1662,J000912,1
full,1663,J000942,1
full,1664,J002498,1
full,1665,J002474,1
full,1666,J000168,1
full,1667,J001059,1
full,1668,J003050,1
full,1669,J001732,1
full,1670,J000563,1
full,1671,J002577,1
full,1672,J001789,1
full,1673,J002283,1
full,1674,J000274,1
full,1675,J002843,1
full,1676,J000230,1
full,1677,J001481,1
full,1678,J000050,1
full,1679,J002510,1
full,1680,J001778,1
full,1681,J001358,1
full,1682,J002879,1
full,1683,J002281,1
full,1684,J000863,1
full,1685,J000342,1
full,1686,J003116,1
full,1687,J001096,1
full,1688,J000142,1
full,1689,J002993,1
full,1690,J000303,1
full,1691,J002620,1
full,1692,J000545,1
full,1693,J002248,1
full,1694,J002180,1
full,1695,J000840,1
full,1696,J002707,1
full,1697,J001976,1
full,1698,J000403,1
full,1699,J001622,1
full,1700,J000532,1
full,1701,J000867,1
full,1702,J000672,1
full,1703,J000965,1
full,1704,J000811,1
full,1705,J001602,1
full,1706,J003027,1
full,1707,J000033,1
full,1708,J001971,1
full,1709,J000257,1
full,1710,J001351,1
full,1711,J000271,1
full,1712,J001479,1
full,1713,J000548,1
full,1714,J000486,1
full,1715,J001651,1
full,1716,J000650,1
full,1717,J001917,1
full,1718,J002363,1
full,1719,J001863,1
full,1720,J000819,1
full,1721,J000590,1
full,1722,J000752,1
full,1723,J003026,1
full,1724,J002441,1
full,1725,J001025,1
full,1726,J000029,1
full,1727,J003098,1
full,1728,J003152,1
full,1729,J003120,1
full,1730,J000079,1
full,1731,J000963,1
full,1732,J000652,1
full,1733,J000992,1
full,1734,J002057,1
full,1735,J001594,1
full,1736,J003101,1
full,1737,J002197,1
full,1738,J002102,1
full,1739,J000917,1
full,1740,J002495,1
full,1741,J002513,1
full,1742,J000747,1
full,1743,J002129,1
full,1744,J000030,1
full,1745,J000425,1
full,1746,J002698,1
full,1747,J000596,1
full,1748,J003051,1
full,1749,J002644,1
full,1750,J001530,1
full,1751,J000019,1
full,1752,J003159,1
full,1753,J002521,1
full,1754,J001109,1
full,1755,J001523,1
full,1756,J001091,1
full,1757,J000389,1
full,1758,J002308,1
full,1759,J001194,1
full,1760,J001421,1
full,1761,J002934,1
full,1762,J001695,1
full,1763,J001227,1
full,1764,J001017,1
full,1765,J000188,1
full,1766,J002291,1
full,1767,J001606,1
full,1768,J002135,1
full,1769,J001365,1
full,1770,J003080,1
full,1771,J001325,1
full,1772,J001319,1
full,1773,J002349,1
full,1774,J000010,1
full,1775,J000375,1
full,1776,J002013,1
full,1777,J000450,1
full,1778,J002336,1
full,1779,J002185,1
full,1780,J001888,1
full,1781,J003114,1
full,1782,J002808,1
full,1783,J000457,1
full,1784,J000333,1
full,1785,J001861,1
full,1786,J001222,1
full,1787,J001529,1
full,1788,J001333,1
full,1789,J000232,1
full,1790,J000312,1
full,1791,J001242,1
full,1792,J002833,1
full,1793,J002600,1
full,1794,J003162,1
full,1795,J001428,1
full,1796,J001799,1
full,1797,J001274,1
full,1798,J000118,1
full,1799,J001010,1
full,1800,J000396,1
full,1801,J002087,1
full,1802,J002149,1
full,1803,J002348,1
full,1804,J002405,1
full,1805,J000483,1
full,1806,J001114,1
full,1807,J001012,1
full,1808,J000164,1
full,1809,J001895,1
full,1810,J002722,1
full,1811,J002177,1
full,1812,J000620,1
full,1813,J002301,1
full,1814,J002218,1
full,1815,J001206,1
full,1816,J001020,1
full,1817,J000518,1
full,1818,J001498,1
full,1819,J001858,1
full,1820,J002106,1
full,1821,J001161,1
full,1822,J002475,1
full,1823,J002039,1
full,1824,J001248,1
full,1825,J003049,1
full,1826,J000690,1
full,1827,J000309,1
full,1828,J000410,1
full,1829,J000276,1
full,1830,J000913,1
full,1831,J002306,1
full,1832,J000933,1
full,1833,J001314,1
full,1834,J002534,1
full,1835,J000944,1
full,1836,J002383,1
full,1837,J002041,1
full,1838,J001360,1
full,1839,J001447,1
full,1840,J002913,1
full,1841,J002618,1
full,1842,J000907,1
full,1843,J002351,1
full,1844,J002413,1
full,1845,J001326,1
full,1846,J002171,1
full,1847,J001001,1
full,1848,J002045,1
full,1849,J000795,1
full,1850,J002453,1
full,1851,J001164,1
full,1852,J003054,1
full,1853,J002538,1
full,1854,J002943,1
full,1855,J001595,1
full,1856,J000976,1
full,1857,J002393,1
full,1858,J002533,1
full,1859,J000617,1
full,1860,J002163,1
full,1861,J001188,1
full,1862,J002578,1
full,1863,J000983,1
full,1864,J003081,1
full,1865,J003043,1
full,1866,J001347,1
full,1867,J000859,1
full,1868,J002156,1
full,1869,J001453,1
full,1870,J001793,1
full,1871,J000220,1
full,1872,J000015,1
full,1873,J002104,1
full,1874,J002090,1
full,1875,J002920,1
full,1876,J000901,1
full,1877,J002025,1
full,1878,J002302,1
full,1879,J000143,1
full,1880,J000784,1
full,1881,J002431,1
full,1882,J003092,1
full,1883,J001616,1
full,1884,J002929,1
full,1885,J000951,1
full,1886,J000816,1
full,1887,J001745,1
full,1888,J000684,1
full,1889,J001226,1
full,1890,J002891,1
full,1891,J000456,1
full,1892,J000585,1
full,1893,J000344,1
full,1894,J002926,1
full,1895,J003029,1
full,1896,J001110,1
full,1897,J001373,1
full,1898,J001879,1
full,1899,J002261,1
full,1900,J000377,1
full,1901,J002869,1
full,1902,J002695,1
full,1903,J001988,1
full,1904,J000136,1
full,1905,J001121,1
full,1906,J000005,1
full,1907,J002311,1
full,1908,J001450,1
full,1909,J001954,1
full,1910,J001536,1
full,1911,J000619,1
full,1912,J000818,1
full,1913,J002386,1
full,1914,J001886,1
full,1915,J002064,1
full,1916,J000560,1
full,1917,J003103,1
full,1918,J002797,1
full,1919,J001760,1
full,1920,J001104,1
full,1921,J000686,1
full,1922,J001937,1
full,1923,J002433,1
full,1924,J000628,1
full,1925,J000128,1
full,1926,J000978,1
full,1927,J002436,1
full,1928,J001913,1
full,1929,J001448,1
full,1930,J002608,1
full,1931,J001644,1
full,1932,J001749,1
full,1933,J002725,1
full,1934,J001411,1
full,1935,J000039,1
full,1936,J002766,1
full,1937,J002936,1
full,1938,J001424,1
full,1939,J000882,1
full,1940,J002454,1
full,1941,J001868,1
full,1942,J002800,1
full,1943,J000546,1
full,1944,J000386,1
full,1945,J000565,1
full,1946,J003071,1
full,1947,J002463,1
full,1948,J002530,1
full,1949,J001510,1
full,1950,J002259,1
full,1951,J001328,1
full,1952,J001296,1
full,1953,J001130,1
full,1954,J000335,1
full,1955,J000144,1
full,1956,J003149,1
full,1957,J000899,1
full,1958,J000007,1
full,1959,J002691,1
full,1960,J003147,1
full,1961,J001312,1
full,1962,J001154,1
full,1963,J002455,1
full,1964,J002132,1
full,1965,J001500,1
full,1966,J003115,1
full,1967,J001362,1
full,1968,J001722,1
full,1969,J000699,1
full,1970,J000296,1
full,1971,J001210,1
full,1972,J000710,1
full,1973,J001961,1
full,1974,J002751,1
full,1975,J000169,1
full,1976,J001230,1
full,1977,J002809,1
full,1978,J001774,1
full,1979,J001234,1
full,1980,J001587,1
full,1981,J001203,1
full,1982,J000093,1
full,1983,J000931,1
full,1984,J002795,1
full,1985,J000068,1
full,1986,J002076,1
full,1987,J002424,1
full,1988,J000580,1
full,1989,J000646,1
full,1990,J000121,1
full,1991,J000595,1
full,1992,J001891,1
full,1993,J000420,1
full,1994,J002375,1
full,1995,J001787,1
full,1996,J002611,1
full,1997,J001142,1
full,1998,J001578,1
full,1999,J000313,1
full,2000,J000058,1
full,2001,J000242,1
full,2002,J002117,1
full,2003,J000936,1
full,2004,J000150,1
full,2005,J002832,1
full,2006,J002403,1
full,2007,J000789,1
full,2008,J001137,1
full,2009,J002247,1
full,2010,J001795,1
full,2011,J000878,1
full,2012,J001196,1
full,2013,J002379,1
full,2014,J001436,1
full,2015,J000263,1
full,2016,J003034,1
full,2017,J001415,1
full,2018,J002589,1
full,2019,J002001,1
full,2020,J002401,1
full,2021,J000953,1
full,2022,J001768,1
full,2023,J002415,1
full,2024,J001489,1
full,2025,J001245,1
full,2026,J001305,1
full,2027,J001108,1
full,2028,J000243,1
full,2029,J002419,1
full,2030,J002777,1
full,2031,J002366,1
full,2032,J001425,1
full,2033,J001613,1
full,2034,J001629,1
full,2035,J002044,1
full,2036,J001002,1
full,2037,J002918,1
full,2038,J000964,1
full,2039,J000459,1
full,2040,J002249,1
full,2041,J000256,1
full,2042,J002125,1
full,2043,J003052,1
full,2044,J001582,1
full,2045,J002489,1
full,2046,J001857,1
full,2047,J000407,1
full,2048,J002224,1
full,2049,J000288,1
full,2050,J000500,1
full,2051,J002907,1
full,2052,J002783,1
full,2053,J002435,1
full,2054,J000654,1
full,2055,J002692,1
full,2056,J000217,1
full,2057,J001766,1
full,2058,J002151,1
full,2059,J000554,1
full,2060,J002938,1
full,2061,J000701,1
full,2062,J002138,1
full,2063,J002772,1
full,2064,J001807,1
full,2065,J001354,1
full,2066,J002760,1
full,2067,J001064,1
full,2068,J000764,1
full,2069,J002294,1
full,2070,J000347,1
full,2071,J001119,1
full,2072,J002239,1
full,2073,J000896,1
full,2074,J000287,1
full,2075,J000676,1
full,2076,J001297,1
full,2077,J001458,1
full,2078,J002900,1
full,2079,J002884,1
full,2080,J000842,1
full,2081,J002425,1
full,2082,J001092,1
full,2083,J000995,1
full,2084,J001656,1
full,2085,J002720,1
full,2086,J001087,1
full,2087,J000108,1
full,2088,J000787,1
full,2089,J001113,1
full,2090,J001956,1
full,2091,J002690,1
full,2092,J000250,1
full,2093,J001153,1
full,2094,J003025,1
full,2095,J002478,1
full,2096,J001332,1
full,2097,J001521,1
full,2098,J003011,1
full,2099,J002028,1
full,2100,J000635,1
full,2101,J001546,1
full,2102,J000284,1
full,2103,J000370,1
full,2104,J002260,1
full,2105,J001681,1
full,2106,J002928,1
full,2107,J000820,1
full,2108,J001467,1
full,2109,J003139,1
full,2110,J001395,1
full,2111,J000523,1
full,2112,J001506,1
full,2113,J001043,1
full,2114,J002051,1
full,2115,J001432,1
full,2116,J001603,1
full,2117,J002267,1
full,2118,J002100,1
full,2119,J000938,1
full,2120,J001944,1
full,2121,J002630,1
full,2122,J000551,1
full,2123,J001690,1
full,2124,J000644,1
full,2125,J000031,1
full,2126,J001949,1
full,2127,J001426,1
full,2128,J002235,1
full,2129,J000616,1
full,2130,J002836,1
full,2131,J003089,1
full,2132,J002864,1
full,2133,J002775,1
full,2134,J001438,1
full,2135,J000738,1
full,2136,J000768,1
full,2137,J000794,1
full,2138,J001826,1
full,2139,J002561,1
full,2140,J001472,1
full,2141,J002540,1
full,2142,J002877,1
full,2143,J001906,1
full,2144,J003073,1
full,2145,J001777,1
full,2146,J000191,1
full,2147,J002516,1
full,2148,J000499,1
full,2149,J002272,1
full,2150,J001015,1
full,2151,J002426,1
full,2152,J001840,1
full,2153,J000959,1
full,2154,J002923,1
full,2155,J002047,1
full,2156,J002705,1
full,2157,J002519,1
full,2158,J000037,1
full,2159,J003156,1
full,2160,J002640,1
full,2161,J002728,1
full,2162,J002410,1
full,2163,J002015,1
full,2164,J000539,1
full,2165,J000506,1
full,2166,J001552,1
full,2167,J002769,1
full,2168,J000994,1
full,2169,J001102,1
full,2170,J000709,1
full,2171,J002731,1
full,2172,J001417,1
full,2173,J001873,1
full,2174,J001387,1
full,2175,J002428,1
full,2176,J000488,1
full,2177,J001205,1
full,2178,J003119,1
full,2179,J000533,1
full,2180,J001746,1
full,2181,J001090,1
full,2182,J000455,1
full,2183,J002684,1
full,2184,J001144,1
full,2185,J000966,1
full,2186,J002228,1
full,2187,J002056,1
full,2188,J001483,1
full,2189,J002395,1
full,2190,J001488,1
full,2191,J001030,1
full,2192,J001723,1
full,2193,J001614,1
full,2194,J002730,1
full,2195,J001942,1
full,2196,J000999,1
full,2197,J003064,1
full,2198,J002557,1
full,2199,J001123,1
full,2200,J000308,1
full,2201,J001563,1
full,2202,J002898,1
full,2203,J002801,1
full,2204,J002487,1
full,2205,J002689,1
full,2206,J002154,1
full,2207,J002440,1
full,2208,J002845,1
full,2209,J002924,1
full,2210,J003179,1
full,2211,J002065,1
full,2212,J002286,1
full,2213,J003010,1
full,2214,J001940,1
full,2215,J001034,1
full,2216,J001247,1
full,2217,J003166,1
full,2218,J001171,1
full,2219,J003158,1
full,2220,J000583,1
full,2221,J002749,1
full,2222,J002724,1
full,2223,J001474,1
full,2224,J002810,1
full,2225,J002781,1
full,2226,J000397,1
full,2227,J001117,1
full,2228,J002314,1
full,2229,J002472,1
full,2230,J002322,1
full,2231,J002750,1
full,2232,J000606,1
full,2233,J001788,1
full,2234,J001335,1
full,2235,J001919,1
full,2236,J002429,1
full,2237,J003002,1
full,2238,J000561,1
full,2239,J000923,1
full,2240,J002782,1
full,2241,J001591,1
full,2242,J000851,1
full,2243,J002042,1
full,2244,J002627,1
full,2245,J000958,1
full,2246,J002539,1
full,2247,J001370,1
full,2248,J000558,1
full,2249,J002298,1
full,2250,J002095,1
full,2251,J001812,1
full,2252,J001175,1
full,2253,J002688,1
full,2254,J000509,1
full,2255,J001187,1
full,2256,J001118,1
full,2257,J003062,1
full,2258,J000360,1
full,2259,J002849,1
full,2260,J001645,1
full,2261,J000227,1
full,2262,J000814,1
full,2263,J000928,1
full,2264,J002400,1
full,2265,J000210,1
full,2266,J001889,1
full,2267,J001609,1
full,2268,J002927,1
full,2269,J002329,1
full,2270,J002252,1
full,2271,J001182,1
full,2272,J000773,1
full,2273,J002606,1
full,2274,J002166,1
full,2275,J000156,1
full,2276,J001225,1
full,2277,J000176,1
full,2278,J000084,1
full,2279,J002955,1
full,2280,J002680,1
full,2281,J002792,1
full,2282,J002635,1
full,2283,J001678,1
full,2284,J002070,1
full,2285,J000416,1
full,2286,J000354,1
full,2287,J000259,1
full,2288,J002737,1
full,2289,J000962,1
full,2290,J003180,1
full,2291,J001570,1
full,2292,J000549,1
full,2293,J002509,1
full,2294,J000874,1
full,2295,J002399,1
full,2296,J001236,1
full,2297,J002347,1
full,2298,J000022,1
full,2299,J001640,1
full,2300,J000721,1
full,2301,J001550,1
full,2302,J001049,1
full,2303,J001914,1
full,2304,J002893,1
full,2305,J000009,1
full,2306,J001649,1
full,2307,J003146,1
full,2308,J001769,1
full,2309,J003057,1
full,2310,J001495,1
full,2311,J001705,1
full,2312,J002493,1
full,2313,J001069,1
full,2314,J002438,1
full,2315,J001874,1
full,2316,J002799,1
full,2317,J000125,1
full,2318,J001176,1
full,2319,J002420,1
full,2320,J000011,1
full,2321,J000947,1
full,2322,J001075,1
full,2323,J000720,1
full,2324,J003005,1
full,2325,J003133,1
full,2326,J000057,1
full,2327,J002101,1
full,2328,J002670,1
full,2329,J001630,1
full,2330,J000122,1
full,2331,J000566,1
full,2332,J002583,1
full,2333,J000401,1
full,2334,J001902,1
full,2335,J001720,1
full,2336,J001202,1
full,2337,J001057,1
full,2338,J001444,1
full,2339,J001282,1
full,2340,J000829,1
full,2341,J001273,1
full,2342,J003095,1
full,2343,J000239,1
full,2344,J000020,1
full,2345,J002675,1
full,2346,J001559,1
full,2347,J002880,1
full,2348,J000562,1
full,2349,J001887,1
full,2350,J001648,1
full,2351,J002824,1
full,2352,J002960,1
full,2353,J001870,1
full,2354,J003061,1
full,2355,J003161,1
full,2356,J001454,1
full,2357,J002397,1
full,2358,J000264,1
full,2359,J002040,1
full,2360,J001534,1
full,2361,J002170,1
full,2362,J000311,1
full,2363,J001604,1
full,2364,J001094,1
full,2365,J002381,1
full,2366,J002231,1
full,2367,J003006,1
full,2368,J001605,1
full,2369,J000251,1
full,2370,J002334,1
full,2371,J002031,1
full,2372,J002669,1
full,2373,J001565,1
full,2374,J000325,1
full,2375,J000382,1
full,2376,J000409,1
full,2377,J000322,1
full,2378,J002566,1
full,2379,J001739,1
full,2380,J000961,1
full,2381,J000415,1
full,2382,J003053,1
full,2383,J001105,1
full,2384,J001662,1
full,2385,J002617,1
full,2386,J002639,1
full,2387,J002230,1
full,2388,J000072,1
full,2389,J002145,1
full,2390,J000154,1
full,2391,J001491,1
full,2392,J003131,1
full,2393,J002765,1
full,2394,J002857,1
full,2395,J001880,1
full,2396,J001356,1
full,2397,J000369,1
full,2398,J001589,1
full,2399,J001076,1
full,2400,J002162,1
full,2401,J000346,1
full,2402,J000310,1
full,2403,J003124,1
full,2404,J002204,1
full,2405,J001737,1
full,2406,J000328,1
full,2407,J000399,1
full,2408,J001979,1
full,2409,J001963,1
full,2410,J002916,1
full,2411,J000320,1
full,2412,J000002,1
full,2413,J000449,1
full,2414,J000332,1
full,2415,J001551,1
full,2416,J001924,1
full,2417,J003048,1
full,2418,J001755,1
full,2419,J001246,1
full,2420,J000286,1
full,2421,J002398,1
full,2422,J000854,1
full,2423,J003123,1
full,2424,J003021,1
full,2425,J000889,1
full,2426,J002285,1
full,2427,J002812,1
full,2428,J002921,1
full,2429,J000870,1
full,2430,J003063,1
full,2431,J003176,1
full,2432,J002315,1
full,2433,J000653,1
full,2434,J002121,1
full,2435,J000612,1
full,2436,J001772,1
full,2437,J000607,1
full,2438,J001549,1
full,2439,J002518,1
full,2440,J001159,1
full,2441,J002888,1
full,2442,J001654,1
full,2443,J001433,1
full,2444,J002818,1
full,2445,J001977,1
full,2446,J002158,1
full,2447,J000270,1
full,2448,J001009,1
full,2449,J003090,1
full,2450,J002140,1
full,2451,J002636,1
full,2452,J000444,1
full,2453,J002504,1
full,2454,J002480,1
full,2455,J000434,1
full,2456,J003058,1
full,2457,J002469,1
full,2458,J002743,1
full,2459,J001173,1
full,2460,J002736,1
full,2461,J003015,1
full,2462,J002756,1
full,2463,J000579,1
full,2464,J000475,1
full,2465,J000038,1
full,2466,J000556,1
full,2467,J001775,1
full,2468,J000926,1
full,2469,J002607,1
full,2470,J001019,1
full,2471,J002341,1
full,2472,J002214,1
full,2473,J000278,1
full,2474,J000520,1
full,2475,J000368,1
full,2476,J002502,1
full,2477,J002073,1
full,2478,J002505,1
full,2479,J000594,1
full,2480,J002271,1
full,2481,J001975,1
full,2482,J002234,1
full,2483,J000941,1
full,2484,J000480,1
full,2485,J000400,1
full,2486,J001430,1
full,2487,J001618,1
full,2488,J001809,1
full,2489,J000730,1
full,2490,J002915,1
full,2491,J001192,1
full,2492,J001717,1
full,2493,J000858,1
full,2494,J002345,1
full,2495,J001460,1
full,2496,J001006,1
full,2497,J002643,1
full,2498,J001841,1
full,2499,J001122,1
full,2500,J001607,1
full,2501,J003102,1
full,2502,J002503,1
full,2503,J000478,1
full,2504,J002788,1
full,2505,J003000,1
full,2506,J002354,1
full,2507,J001396,1
full,2508,J002714,1
full,2509,J002189,1
full,2510,J000393,1
full,2511,J001923,1
full,2512,J001336,1
full,2513,J002908,1
full,2514,J001437,1
full,2515,J001238,1
full,2516,J001716,1
full,2517,J000932,1
full,2518,J001701,1
full,2519,J002963,1
full,2520,J002187,1
full,2521,J002483,1
full,2522,J001568,1
full,2523,J001152,1
full,2524,J002062,1
full,2525,J001413,1
full,2526,J001348,1
full,2527,J001699,1
full,2528,J000124,1
full,2529,J002055,1
full,2530,J002794,1
full,2531,J000746,1
full,2532,J001054,1
full,2533,J002770,1
full,2534,J000418,1
full,2535,J002017,1
full,2536,J000852,1
full,2537,J001388,1
full,2538,J002223,1
full,2539,J000906,1
full,2540,J001080,1
full,2541,J001267,1
full,2542,J000132,1
full,2543,J001733,1
full,2544,J003168,1
full,2545,J001165,1
full,2546,J001900,1
full,2547,J001440,1
full,2548,J002816,1
full,2549,J000847,1
full,2550,J000647,1
full,2551,J001213,1
full,2552,J003038,1
full,2553,J002273,1
full,2554,J002488,1
full,2555,J001666,1
full,2556,J002904,1
full,2557,J001567,1
full,2558,J000861,1
full,2559,J000586,1
full,2560,J002574,1
full,2561,J002972,1
full,2562,J000321,1
full,2563,J002709,1
full,2564,J000233,1
full,2565,J000446,1
full,2566,J000273,1
full,2567,J000997,1
full,2568,J000241,1
full,2569,J001168,1
full,2570,J000678,1
full,2571,J001120,1
full,2572,J001987,1
full,2573,J001916,1
full,2574,J001872,1
full,2575,J002486,1
full,2576,J000464,1
full,2577,J001235,1
full,2578,J002889,1
full,2579,J003014,1
full,2580,J000429,1
full,2581,J001657,1
full,2582,J001372,1
full,2583,J001166,1
full,2584,J002729,1
full,2585,J000542,1
full,2586,J000152,1
full,2587,J003105,1
full,2588,J001392,1
full,2589,J001455,1
full,2590,J002079,1
full,2591,J000195,1
full,2592,J002825,1
full,2593,J002682,1
full,2594,J000972,1
full,2595,J001293,1
full,2596,J001339,1
full,2597,J000340,1
full,2598,J000876,1
full,2599,J002515,1
full,2600,J000379,1
full,2601,J000741,1
full,2602,J003122,1
full,2603,J003118,1
full,2604,J001268,1
full,2605,J002771,1
full,2606,J001713,1
full,2607,J002834,1
full,2608,J001313,1
full,2609,J001818,1
full,2610,J002823,1
full,2611,J000510,1
full,2612,J000485,1
full,2613,J000783,1
full,2614,J000881,1
full,2615,J002612,1
full,2616,J000780,1
full,2617,J000723,1
full,2618,J001306,1
full,2619,J002672,1
full,2620,J001422,1
full,2621,J001624,1
full,2622,J003160,1
full,2623,J000395,1
full,2624,J001558,1
full,2625,J002307,1
full,2626,J002374,1
full,2627,J002764,1
full,2628,J001677,1
full,2629,J000887,1
full,2630,J000968,1
full,2631,J000696,1
full,2632,J000371,1
full,2633,J000704,1
full,2634,J003042,1
full,2635,J000714,1
full,2636,J002951,1
full,2637,J002545,1
full,2638,J001200,1
full,2639,J000376,1
full,2640,J002026,1
full,2641,J003028,1
full,2642,J000948,1
full,2643,J002965,1
full,2644,J002909,1
full,2645,J001821,1
full,2646,J002786,1
full,2647,J002143,1
full,2648,J000679,1
full,2649,J000097,1
full,2650,J000584,1
full,2651,J001931,1
full,2652,J001850,1
full,2653,J000761,1
full,2654,J003111,1
full,2655,J002442,1
full,2656,J001659,1
full,2657,J002179,1
full,2658,J000954,1
full,2659,J001842,1
full,2660,J001907,1
full,2661,J002199,1
full,2662,J002564,1
full,2663,J001911,1
full,2664,J000895,1
full,2665,J002594,1
full,2666,J000697,1
full,2667,J000945,1
full,2668,J000727,1
full,2669,J002011,1
full,2670,J001494,1
full,2671,J002010,1
full,2672,J002195,1
full,2673,J001970,1
full,2674,J000975,1
full,2675,J002134,1
full,2676,J000381,1
full,2677,J002892,1
full,2678,J001163,1
full,2679,J000850,1
full,2680,J002614,1
full,2681,J000113,1
full,2682,J000158,1
full,2683,J001710,1
full,2684,J001507,1
full,2685,J001687,1
full,2686,J002066,1
full,2687,J002136,1
full,2688,J001524,1
full,2689,J001341,1
full,2690,J001715,1
full,2691,J001291,1
full,2692,J002546,1
full,2693,J002977,1
full,2694,J002141,1
full,2695,J000380,1
full,2696,J002784,1
full,2697,J001641,1
full,2698,J002004,1
full,2699,J000438,1
full,2700,J001378,1
full,2701,J001658,1
full,2702,J001776,1
full,2703,J002656,1
full,2704,J001050,1
full,2705,J001528,1
full,2706,J003154,1
full,2707,J000394,1
full,2708,J000865,1
full,2709,J003040,1
full,2710,J000649,1
full,2711,J000629,1
full,2712,J000405,1
full,2713,J002702,1
full,2714,J000064,1
full,2715,J000534,1
full,2716,J002859,1
full,2717,J000687,1
full,2718,J002573,1
full,2719,J001252,1
full,2720,J001572,1
full,2721,J001999,1
full,2722,J000465,1
full,2723,J001013,1
full,2724,J000884,1
full,2725,J002526,1
full,2726,J002457,1
full,2727,J002634,1
full,2728,J000935,1
full,2729,J003032,1
full,2730,J000240,1
full,2731,J000359,1
full,2732,J001515,1
full,2733,J002989,1
full,2734,J002501,1
full,2735,J000357,1
full,2736,J000283,1
full,2737,J002243,1
full,2738,J000703,1
full,2739,J000047,1
full,2740,J002696,1
full,2741,J001798,1
full,2742,J002678,1
full,2743,J001261,1
full,2744,J002946,1
full,2745,J000826,1
full,2746,J000788,1
full,2747,J001272,1
full,2748,J000571,1
full,2749,J000845,1
full,2750,J002110,1
full,2751,J001334,1
full,2752,J000587,1
full,2753,J001195,1
full,2754,J000045,1
full,2755,J001063,1
full,2756,J002876,1
full,2757,J002406,1
full,2758,J001295,1
full,2759,J000675,1
full,2760,J002814,1
full,2761,J002343,1
full,2762,J001480,1
full,2763,J001028,1
full,2764,J003084,1
full,2765,J002652,1
full,2766,J002773,1
full,2767,J001665,1
full,2768,J002572,1
full,2769,J001375,1
full,2770,J001586,1
full,2771,J002983,1
full,2772,J001237,1
full,2773,J001596,1
full,2774,J002105,1
full,2775,J000613,1
full,2776,J002543,1
full,2777,J001376,1
full,2778,J000624,1
full,2779,J002536,1
full,2780,J003153,1
full,2781,J002830,1
full,2782,J002183,1
full,2783,J002882,1
full,2784,J002120,1
full,2785,J000470,1
full,2786,J001134,1
full,2787,J000843,1
full,2788,J001368,1
full,2789,J002335,1
full,2790,J001851,1
full,2791,J002360,1
full,2792,J001149,1
full,2793,J002063,1
full,2794,J000392,1
full,2795,J002517,1
full,2796,J001796,1
full,2797,J001667,1
full,2798,J000846,1
full,2799,J000611,1
full,2800,J002191,1
full,2801,J001708,1
full,2802,J001598,1
full,2803,J000082,1
full,2804,J001643,1
full,2805,J000451,1
full,2806,J002806,1
full,2807,J002740,1
full,2808,J002632,1
full,2809,J002820,1
full,2810,J000955,1
full,2811,J002828,1
full,2812,J002423,1
full,2813,J002317,1
full,2814,J000553,1
full,2815,J001819,1
full,2816,J002328,1
full,2817,J001986,1
full,2818,J002973,1
full,2819,J000163,1
full,2820,J000831,1
full,2821,J002874,1
full,2822,J000200,1
full,2823,J002821,1
full,2824,J001269,1
full,2825,J002605,1
full,2826,J000798,1
full,2827,J002619,1
full,2828,J000960,1
full,2829,J000441,1
full,2830,J001864,1
full,2831,J000185,1
full,2832,J000275,1
full,2833,J000835,1
full,2834,J000004,1
full,2835,J002953,1
full,2836,J001469,1
full,2837,J001157,1
full,2838,J001032,1
full,2839,J002118,1
full,2840,J000603,1
full,2841,J000839,1
full,2842,J001927,1
full,2843,J001167,1
full,2844,J000880,1
full,2845,J002966,1
full,2846,J000383,1
full,2847,J000828,1
full,2848,J002295,1
full,2849,J003140,1
full,2850,J001884,1
full,2851,J001250,1
full,2852,J001792,1
full,2853,J001928,1
full,2854,J000753,1
full,2855,J000051,1
full,2856,J002776,1
full,2857,J002753,1
full,2858,J001590,1
full,2859,J001608,1
full,2860,J002378,1
full,2861,J001452,1
full,2862,J000253,1
full,2863,J001898,1
full,2864,J001862,1
full,2865,J002174,1
full,2866,J002169,1
full,2867,J003030,1
full,2868,J002427,1
full,2869,J002432,1
full,2870,J002522,1
full,2871,J002111,1
full,2872,J000261,1
full,2873,J000639,1
full,2874,J003099,1
full,2875,J001729,1
full,2876,J001140,1
full,2877,J000388,1
full,2878,J001964,1
full,2879,J001642,1
full,2880,J002023,1
full,2881,J000353,1
full,2882,J002484,1
full,2883,J000183,1
full,2884,J000086,1
full,2885,J001449,1
full,2886,J000705,1
full,2887,J000883,1
full,2888,J003171,1
full,2889,J002863,1
full,2890,J002556,1
full,2891,J002615,1
full,2892,J000871,1
full,2893,J002567,1
full,2894,J002551,1
full,2895,J001221,1
full,2896,J001790,1
full,2897,J000218,1
full,2898,J002333,1
full,2899,J001698,1
full,2900,J000597,1
full,2901,J001323,1
full,2902,J001685,1
full,2903,J000398,1
full,2904,J003001,1
full,2905,J002625,1
full,2906,J002733,1
full,2907,J001209,1
full,2908,J000988,1
full,2909,J000120,1
full,2910,J001287,1
full,2911,J000067,1
full,2912,J000766,1
full,2913,J002554,1
full,2914,J000016,1
full,2915,J003041,1
full,2916,J000107,1
full,2917,J002549,1
full,2918,J002054,1
full,2919,J000355,1
full,2920,J000707,1
full,2921,J002159,1
full,2922,J003170,1
full,2923,J002919,1
full,2924,J001062,1
full,2925,J000109,1
full,2926,J002459,1
full,2927,J002006,1
full,2928,J000095,1
full,2929,J002444,1
full,2930,J000445,1
full,2931,J000661,1
full,2932,J002357,1
full,2933,J002767,1
full,2934,J002128,1
full,2935,J002671,1
full,2936,J002867,1
full,2937,J001748,1
full,2938,J002944,1
full,2939,J002616,1
full,2940,J000203,1
full,2941,J000177,1
full,2942,J002340,1
full,2943,J002470,1
full,2944,J001601,1
full,2945,J000476,1
full,2946,J000046,1
full,2947,J002168,1
full,2948,J002327,1
full,2949,J001664,1
full,2950,J001514,1
full,2951,J000012,1
full,2952,J002264,1
full,2953,J000280,1
full,2954,J000006,1
full,2955,J000453,1
full,2956,J001905,1
full,2957,J002491,1
full,2958,J000803,1
full,2959,J002948,1
full,2960,J000206,1
full,2961,J000728,1
full,2962,J001728,1
full,2963,J003044,1
full,2964,J001352,1
full,2965,J003023,1
full,2966,J001083,1
full,2967,J001539,1
full,2968,J001056,1
full,2969,J000290,1
full,2970,J000348,1
full,2971,J000591,1
full,2972,J000790,1
full,2973,J000212,1
full,2974,J000515,1
full,2975,J000003,1
full,2976,J001639,1
full,2977,J002462,1
full,2978,J001670,1
full,2979,J002278,1
full,2980,J001814,1
full,2981,J000618,1
full,2982,J000291,1
full,2983,J002508,1
full,2984,J001899,1
full,2985,J003074,1
full,2986,J002275,1
full,2987,J000036,1
full,2988,J001714,1
full,2989,J000489,1
full,2990,J001834,1
full,2991,J001280,1
full,2992,J002344,1
full,2993,J001800,1
full,2994,J002350,1
full,2995,J000071,1
full,2996,J001493,1
full,2997,J001585,1
full,2998,J003039,1
full,2999,J001308,1
full,3000,J002114,1
full,3001,J002958,1
full,3002,J001475,1
full,3003,J001427,1
full,3004,J001511,1
full,3005,J001725,1
full,3006,J002559,1
full,3007,J000235,1
full,3008,J001996,1
full,3009,J000208,1
full,3010,J002263,1
full,3011,J002084,1
full,3012,J002499,1
full,3013,J002500,1
full,3014,J001445,1
full,3015,J000083,1
full,3016,J001022,1
full,3017,J002734,1
full,3018,J000094,1
full,3019,J001369,1
full,3020,J000739,1
full,3021,J002681,1
full,3022,J002316,1
full,3023,J001162,1
full,3024,J002032,1
full,3025,J000419,1
full,3026,J002994,1
full,3027,J002394,1
full,3028,J000077,1
full,3029,J001277,1
full,3030,J000127,1
full,3031,J001592,1
full,3032,J000737,1
full,3033,J002221,1
full,3034,J002037,1
full,3035,J002408,1
full,3036,J002060,1
full,3037,J001243,1
full,3038,J002207,1
full,3039,J001073,1
full,3040,J001386,1
full,3041,J001901,1
full,3042,J000362,1
full,3043,J000089,1
full,3044,J002971,1
full,3045,J002481,1
full,3046,J002735,1
full,3047,J001973,1
full,3048,J001007,1
full,3049,J000756,1
full,3050,J000700,1
full,3051,J002016,1
full,3052,J000998,1
full,3053,J001229,1
full,3054,J000213,1
full,3055,J002305,1
full,3056,J000035,1
full,3057,J002355,1
full,3058,J000055,1
full,3059,J001628,1
full,3060,J000517,1
full,3061,J000693,1
full,3062,J002250,1
full,3063,J001255,1
full,3064,J001742,1
full,3065,J000135,1
full,3066,J002544,1
full,3067,J002287,1
full,3068,J002109,1
full,3069,J002182,1
full,3070,J002318,1
full,3071,J001278,1
full,3072,J001047,1
full,3073,J001541,1
full,3074,J001912,1
full,3075,J001682,1
full,3076,J001998,1
full,3077,J002626,1
full,3078,J001759,1
full,3079,J000609,1
full,3080,J001442,1
full,3081,J000133,1
full,3082,J000574,1
full,3083,J000306,1
full,3084,J001623,1
full,3085,J001865,1
full,3086,J002124,1
full,3087,J002646,1
full,3088,J000894,1
full,3089,J000908,1
full,3090,J002422,1
full,3091,J000244,1
full,3092,J002372,1
full,3093,J002244,1
full,3094,J000482,1
full,3095,J000422,1
full,3096,J003072,1
full,3097,J001435,1
full,3098,J000521,1
full,3099,J000447,1
full,3100,J002815,1
full,3101,J000160,1
full,3102,J002693,1
full,3103,J001758,1
full,3104,J001228,1
full,3105,J001111,1
full,3106,J000952,1
full,3107,J001894,1
full,3108,J000249,1
full,3109,J002299,1
full,3110,J000167,1
full,3111,J003078,1
full,3112,J001503,1
full,3113,J000334,1
full,3114,J000782,1
full,3115,J002967,1
full,3116,J000719,1
full,3117,J000643,1
full,3118,J000636,1
full,3119,J001638,1
full,3120,J000614,1
full,3121,J002253,1
full,3122,J000440,1
full,3123,J002802,1
full,3124,J001692,1
full,3125,J000717,1
full,3126,J003037,1
full,3127,J001981,1
full,3128,J002785,1
full,3129,J001544,1
full,3130,J002279,1
full,3131,J000732,1
full,3132,J000366,1
full,3133,J000100,1
full,3134,J003018,1
full,3135,J001027,1
full,3136,J002262,1
full,3137,J001465,1
full,3138,J001735,1
full,3139,J000056,1
full,3140,J001377,1
full,3141,J000979,1
full,3142,J001029,1
full,3143,J001414,1
full,3144,J001324,1
full,3145,J002148,1
full,3146,J000511,1
full,3147,J000792,1
full,3148,J000669,1
full,3149,J002854,1
full,3150,J001848,1
full,3151,J003138,1
full,3152,J002464,1
full,3153,J002376,1
full,3154,J000824,1
full,3155,J002506,1
full,3156,J002226,1
full,3157,J002931,1
full,3158,J001270,1
full,3159,J002949,1
full,3160,J000216,1
full,3161,J002878,1
full,3162,J001675,1
full,3163,J003067,1
full,3164,J002822,1
full,3165,J000527,1
full,3166,J000925,1
full,3167,J001011,1
full,3168,J003148,1
full,3169,J002029,1
full,3170,J001522,1
full,3171,J000472,1
full,3172,J000148,1
full,3173,J002569,1
full,3174,J000758,1
full,3175,J002071,1
full,3176,J000939,1
full,3177,J002402,1
full,3178,J000065,1
full,3179,J000190,1
full,3180,J000299,1
repeatability,1,J002809,2
repeatability,2,J003057,2
repeatability,3,J000094,3
repeatability,4,J000187,2
repeatability,5,J000001,2
repeatability,6,J001352,3
repeatability,7,J000342,3
repeatability,8,J000435,3
repeatability,9,J000218,2
repeatability,10,J002313,2
repeatability,11,J000311,2
repeatability,12,J000889,3
repeatability,13,J003119,2
repeatability,14,J001069,2
repeatability,15,J000528,3
repeatability,16,J000652,2
repeatability,17,J001972,2
repeatability,18,J002251,2
repeatability,19,J001693,3
repeatability,20,J003088,2
repeatability,21,J002437,2
repeatability,22,J000466,2
repeatability,23,J002592,3
repeatability,24,J001631,3
repeatability,25,J001213,3
repeatability,26,J002437,3
repeatability,27,J000187,3
repeatability,28,J003088,3
repeatability,29,J002096,2
repeatability,30,J002251,3
repeatability,31,J002778,3
repeatability,32,J000125,2
repeatability,33,J000590,3
repeatability,34,J002902,2
repeatability,35,J002003,2
repeatability,36,J000781,2
repeatability,37,J001476,3
repeatability,38,J001141,2
repeatability,39,J001786,2
repeatability,40,J000280,3
repeatability,41,J000961,2
repeatability,42,J001817,3
repeatability,43,J002871,2
repeatability,44,J001285,3
repeatability,45,J001600,2
repeatability,46,J000683,3
repeatability,47,J002530,2
repeatability,48,J000404,2
repeatability,49,J001538,3
repeatability,50,J000435,2
repeatability,51,J000652,3
repeatability,52,J001879,3
repeatability,53,J000001,3
repeatability,54,J001910,3
repeatability,55,J001383,2
repeatability,56,J003150,2
repeatability,57,J000817,3
repeatability,58,J000249,2
repeatability,59,J000714,2
repeatability,60,J001507,3
repeatability,61,J002034,2
repeatability,62,J002189,2
repeatability,63,J002530,3
repeatability,64,J002406,3
repeatability,65,J000997,3
repeatability,66,J002561,3
repeatability,67,J003057,3
repeatability,68,J001569,2
repeatability,69,J002468,3
repeatability,70,J001033,3
repeatability,71,J002313,3
repeatability,72,J000094,2
repeatability,73,J001445,2
repeatability,74,J001414,3
repeatability,75,J000745,2
repeatability,76,J000621,3
repeatability,77,J000817,2
repeatability,78,J001631,2
repeatability,79,J001069,3
repeatability,80,J001414,2
repeatability,81,J003150,3
repeatability,82,J002344,2
repeatability,83,J000853,3
repeatability,84,J002933,3
repeatability,85,J001662,2
repeatability,86,J000925,3
repeatability,87,J000590,2
repeatability,88,J000714,3
repeatability,89,J002623,3
repeatability,90,J000466,3
repeatability,91,J001941,2
repeatability,92,J000249,3
repeatability,93,J001445,3
repeatability,94,J002406,2
repeatability,95,J002158,3
repeatability,96,J002158,2
repeatability,97,J001600,3
repeatability,98,J002220,3
repeatability,99,J000404,3
repeatability,100,J001177,3
repeatability,101,J000683,2
repeatability,102,J000925,2
repeatability,103,J000528,2
repeatability,104,J000621,2
repeatability,105,J002282,2
repeatability,106,J001033,2
repeatability,107,J001105,3
repeatability,108,J002685,3
repeatability,109,J002995,2
repeatability,110,J001972,3
repeatability,111,J002840,3
repeatability,112,J000063,2
repeatability,113,J000032,2
repeatability,114,J002778,2
repeatability,115,J000156,3
repeatability,116,J001383,3
repeatability,117,J002840,2
repeatability,118,J002096,3
repeatability,119,J000311,3
repeatability,120,J002003,3
repeatability,121,J002716,3
repeatability,122,J000497,3
repeatability,123,J001910,2
repeatability,124,J000745,3
repeatability,125,J001755,3
repeatability,126,J001848,3
repeatability,127,J003026,2
repeatability,128,J002220,2
repeatability,129,J002065,3
repeatability,130,J002034,3
repeatability,131,J002685,2
repeatability,132,J001507,2
repeatability,133,J000497,2
repeatability,134,J001693,2
repeatability,135,J002127,3
repeatability,136,J000961,3
repeatability,137,J002375,2
repeatability,138,J002964,3
repeatability,139,J001249,3
repeatability,140,J000997,2
repeatability,141,J001786,3
repeatability,142,J000280,2
repeatability,143,J002127,2
repeatability,144,J001848,2
repeatability,145,J003026,3
repeatability,146,J001569,3
repeatability,147,J002282,3
repeatability,148,J002344,3
repeatability,149,J001321,3
repeatability,150,J002654,2
repeatability,151,J001941,3
repeatability,152,J001662,3
repeatability,153,J002871,3
repeatability,154,J002468,2
repeatability,155,J001141,3
repeatability,156,J000373,2
repeatability,157,J000218,3
repeatability,158,J001879,2
repeatability,159,J001213,2
repeatability,160,J001724,3
repeatability,161,J002065,2
repeatability,162,J001321,2
repeatability,163,J000373,3
repeatability,164,J001177,2
repeatability,165,J000781,3
repeatability,166,J001755,2
repeatability,167,J000853,2
repeatability,168,J001285,2
repeatability,169,J002995,3
repeatability,170,J002747,2
repeatability,171,J002716,2
repeatability,172,J000125,3
repeatability,173,J002592,2
repeatability,174,J002499,2
repeatability,175,J001352,2
repeatability,176,J002561,2
repeatability,177,J000559,2
repeatability,178,J002189,3
repeatability,179,J002964,2
repeatability,180,J001249,2
repeatability,181,J001538,2
repeatability,182,J002747,3
repeatability,183,J002375,3
repeatability,184,J000032,3
repeatability,185,J001817,2
repeatability,186,J001105,2
repeatability,187,J001476,2
repeatability,188,J002902,3
repeatability,189,J001724,2
repeatability,190,J002809,3
repeatability,191,J002623,2
repeatability,192,J002654,3
repeatability,193,J002933,2
repeatability,194,J003119,3
repeatability,195,J000559,3
repeatability,196,J000342,2
repeatability,197,J000063,3
repeatability,198,J000156,2
repeatability,199,J002499,3
repeatability,200,J000889,2
